Evolving 30 sharks over 10000 generations (max_steps=200, lives=3, mutation_rate=0.2, seed=0)...

  Gen |  Size |  Speed | Caution |  Fitness
------+-------+--------+---------+---------
    1 | 6.704 | 10.887 |   0.684 | -24.9000
    2 | 5.995 | 10.997 |   0.882 | -13.6667
    3 | 6.547 |  4.053 |   0.484 | -13.0000
    4 | 6.751 |  7.875 |   0.416 |   3.4333
    5 | 6.755 |  4.400 |   0.490 |  -6.1667
    6 | 6.616 |  5.603 |   0.616 |   0.2000
    7 | 6.399 |  5.352 |   0.553 |  -3.1000
    8 | 6.026 |  6.269 |   0.697 |   6.1333
    9 | 6.622 |  5.892 |   0.524 | -14.5000
   10 | 6.672 |  5.436 |   0.637 |  -1.2000
   11 | 6.526 |  5.788 |   0.569 |   4.6333
   12 | 7.236 |  5.608 |   0.584 | -10.5667
   13 | 6.531 |  6.011 |   0.568 |  28.7667
   14 | 7.215 |  5.333 |   0.584 |   5.0333
   15 | 7.583 |  5.765 |   0.497 |  29.8667
   16 | 7.563 |  5.762 |   0.501 | -16.7333
   17 | 7.021 |  5.010 |   0.504 | -18.4667
   18 | 7.111 |  5.110 |   0.506 |   4.0667
   19 | 7.183 |  5.860 |   0.526 |   4.7333
   20 | 6.599 |  5.381 |   0.531 | -13.0000
   21 | 6.669 |  5.534 |   0.572 |  -1.8333
   22 | 7.271 |  5.967 |   0.574 | -17.2667
   23 | 6.839 |  5.908 |   0.514 | -10.6333
   24 | 7.209 |  5.906 |   0.614 |   6.4333
   25 | 7.220 |  6.036 |   0.586 |   7.4000
   26 | 7.198 |  6.035 |   0.537 | -22.5000
   27 | 7.223 |  6.071 |   0.579 |   0.0667
   28 | 7.409 |  6.767 |   0.599 |  17.8000
   29 | 7.006 |  6.045 |   0.558 |   8.8667
   30 | 7.347 |  6.499 |   0.598 |  14.4667
   31 | 7.388 |  6.049 |   0.615 | -12.4000
   32 | 7.265 |  5.873 |   0.734 |  26.7333
   33 | 7.306 |  6.009 |   0.699 | -16.7333
   34 | 7.866 |  6.508 |   0.720 |  -5.5000
   35 | 7.325 |  5.976 |   0.666 |  -0.6000
   36 | 7.505 |  6.153 |   0.684 |  -9.1333
   37 | 7.505 |  6.153 |   0.684 | -26.5333
   38 | 7.405 |  6.232 |   0.552 | -17.0333
   39 | 6.915 |  6.103 |   0.831 |   9.6333
   40 | 7.569 |  6.398 |   0.621 | -19.4333
   41 | 7.286 |  6.484 |   0.657 |   2.0667
   42 | 7.705 |  6.698 |   0.633 |  -5.4667
   43 | 7.170 |  6.254 |   0.692 |   9.0000
   44 | 7.053 |  6.263 |   0.729 |  18.0667
   45 | 7.249 |  5.740 |   0.657 | -27.8000
   46 | 7.209 |  5.869 |   0.655 |  -6.0333
   47 | 7.113 |  6.266 |   0.708 |  -5.1000
   48 | 7.113 |  6.705 |   0.775 |  -8.6333
   49 | 7.127 |  6.021 |   0.714 |  -4.1000
   50 | 7.244 |  6.611 |   0.736 | -13.7333
   51 | 7.167 |  6.479 |   0.693 |   6.5333
   52 | 7.467 |  5.989 |   0.680 | -14.7667
   53 | 7.506 |  6.018 |   0.670 |  -4.5667
   54 | 7.040 |  6.435 |   0.680 |  -5.1000
   55 | 7.834 |  6.021 |   0.680 |  -3.5333
   56 | 7.411 |  6.162 |   0.702 | -12.4667
   57 | 7.376 |  6.234 |   0.699 |  18.3000
   58 | 7.678 |  6.567 |   0.675 | -19.2000
   59 | 7.660 |  6.237 |   0.661 |   8.1000
   60 | 7.281 |  6.156 |   0.742 |  -3.5000
   61 | 7.338 |  6.154 |   0.730 |  -9.7000
   62 | 7.562 |  6.215 |   0.677 | -20.8333
   63 | 7.562 |  6.215 |   0.677 |   8.4333
   64 | 7.927 |  6.192 |   0.471 | -19.6667
   65 | 7.444 |  6.169 |   0.681 | -14.0667
   66 | 7.537 |  6.012 |   0.656 | -10.9667
   67 | 7.859 |  6.054 |   0.711 |  -6.8667
   68 | 7.741 |  6.537 |   0.771 |  -0.5333
   69 | 7.799 |  6.184 |   0.695 |  -5.2000
   70 | 7.846 |  5.586 |   0.710 |  15.4000
   71 | 7.770 |  6.487 |   0.787 | -23.6333
   72 | 8.062 |  6.668 |   0.772 |   7.8667
   73 | 8.020 |  5.757 |   0.800 | -11.4000
   74 | 7.821 |  6.028 |   0.709 |  -0.0667
   75 | 7.859 |  5.686 |   0.614 | -14.2000
   76 | 7.859 |  5.686 |   0.614 |   7.4333
   77 | 7.847 |  5.169 |   0.710 |   4.2000
   78 | 7.736 |  5.789 |   0.744 |   8.0333
   79 | 7.826 |  5.439 |   0.684 | -20.1667
   80 | 7.765 |  5.714 |   0.857 |   5.7333
   81 | 7.828 |  5.522 |   0.683 |  18.5000
   82 | 7.867 |  5.121 |   0.662 |  -7.8000
   83 | 7.752 |  5.438 |   0.631 | -16.9333
   84 | 7.328 |  5.369 |   0.655 |  -8.4667
   85 | 7.328 |  5.369 |   0.655 | -16.1000
   86 | 8.116 |  4.726 |   0.640 |  -5.6667
   87 | 8.213 |  5.424 |   0.693 |  -4.5667
   88 | 7.761 |  4.710 |   0.583 |  27.1000
   89 | 8.022 |  4.579 |   0.620 | -19.5000
   90 | 8.000 |  5.864 |   0.615 | -25.0000
   91 | 8.288 |  5.607 |   0.604 |  -3.0667
   92 | 7.592 |  5.172 |   0.641 |  -6.0000
   93 | 7.826 |  5.354 |   0.638 | -27.4667
   94 | 7.269 |  5.480 |   0.615 |  24.1667
   95 | 7.827 |  5.325 |   0.636 |  -4.6333
   96 | 7.551 |  5.357 |   0.584 | -22.0000
   97 | 7.769 |  5.264 |   0.609 |  15.8667
   98 | 7.510 |  5.520 |   0.627 |  -7.9000
   99 | 8.144 |  5.799 |   0.688 |   3.0667
  100 | 7.529 |  5.276 |   0.583 | -10.6333
  101 | 7.350 |  5.531 |   0.679 |   3.3000
  102 | 7.871 |  5.613 |   0.646 |  -2.8667
  103 | 8.020 |  5.734 |   0.613 |  -5.9000
  104 | 8.099 |  6.365 |   0.459 | -12.2333
  105 | 8.013 |  6.012 |   0.637 |  11.6000
  106 | 8.274 |  5.677 |   0.639 | -13.2333
  107 | 8.027 |  6.919 |   0.548 |  17.5667
  108 | 8.067 |  5.673 |   0.624 | -11.5667
  109 | 8.361 |  6.131 |   0.695 |   0.2333
  110 | 8.284 |  6.163 |   0.679 | -19.3667
  111 | 8.729 |  6.258 |   0.675 | -13.8333
  112 | 8.729 |  6.114 |   0.675 |  -1.5333
  113 | 7.952 |  5.973 |   0.534 |  -9.0000
  114 | 8.059 |  6.097 |   0.659 |  -1.2000
  115 | 8.167 |  5.877 |   0.710 |   4.7333
  116 | 8.005 |  6.356 |   0.683 |  -1.1667
  117 | 8.072 |  5.889 |   0.641 |  -6.2667
  118 | 7.817 |  5.744 |   0.610 |  -0.3333
  119 | 7.617 |  5.855 |   0.571 |  -4.6000
  120 | 7.725 |  5.874 |   0.566 | -12.3000
  121 | 7.725 |  5.874 |   0.566 |  -2.3667
  122 | 7.896 |  6.103 |   0.644 | -16.6333
  123 | 7.877 |  6.925 |   0.634 | -26.9000
  124 | 7.877 |  6.925 |   0.634 |  -3.8667
  125 | 7.957 |  6.359 |   0.634 |   6.7667
  126 | 7.806 |  6.280 |   0.601 |  -7.1333
  127 | 7.939 |  5.910 |   0.730 |  41.2333
  128 | 8.870 |  6.398 |   0.595 | -10.0000
  129 | 7.811 |  5.553 |   0.606 |  -9.4333
  130 | 7.590 |  5.777 |   0.593 |  -3.2000
  131 | 7.604 |  5.835 |   0.572 |  -7.3667
  132 | 7.563 |  6.057 |   0.574 | -34.7333
  133 | 7.720 |  5.995 |   0.582 | -33.9333
  134 | 7.822 |  6.032 |   0.589 |   1.1667
  135 | 7.624 |  5.518 |   0.599 |  15.4000
  136 | 7.960 |  5.123 |   0.600 | -21.0667
  137 | 7.380 |  5.455 |   0.598 |   6.7333
  138 | 7.380 |  5.455 |   0.598 | -18.3000
  139 | 7.943 |  5.767 |   0.537 |  32.6000
  140 | 7.772 |  5.837 |   0.580 |  -6.3000
  141 | 7.840 |  5.980 |   0.575 |   3.5333
  142 | 7.671 |  5.040 |   0.545 | -15.7000
  143 | 7.864 |  5.577 |   0.564 | -19.6000
  144 | 7.675 |  5.063 |   0.547 |  -7.3333
  145 | 7.280 |  6.056 |   0.560 | -11.1667
  146 | 7.908 |  5.695 |   0.575 |  10.9667
  147 | 7.560 |  5.977 |   0.555 |   6.0333
  148 | 7.979 |  5.662 |   0.535 | -17.9000
  149 | 7.842 |  5.505 |   0.497 | -15.9333
  150 | 7.705 |  5.751 |   0.643 | -10.8333
  151 | 7.700 |  5.203 |   0.504 |  -2.2000
  152 | 8.316 |  5.688 |   0.511 |  -0.5333
  153 | 8.129 |  6.012 |   0.548 |   7.3333
  154 | 8.073 |  5.856 |   0.533 |  21.7333
  155 | 7.329 |  4.908 |   0.528 |  -1.1333
  156 | 7.501 |  5.178 |   0.524 |   1.1667
  157 | 7.707 |  5.718 |   0.525 | -10.3333
  158 | 7.528 |  4.667 |   0.525 | -10.1000
  159 | 7.911 |  6.194 |   0.521 | -15.2667
  160 | 7.755 |  5.475 |   0.614 | -25.5000
  161 | 7.828 |  5.019 |   0.557 | -24.6667
  162 | 7.897 |  4.940 |   0.563 | -16.1000
  163 | 7.557 |  5.317 |   0.521 |  23.8667
  164 | 7.485 |  4.706 |   0.514 | -18.4333
  165 | 7.563 |  5.221 |   0.518 |  -4.1667
  166 | 7.797 |  4.044 |   0.455 |  -7.4667
  167 | 7.732 |  4.488 |   0.482 |  -1.9667
  168 | 7.920 |  4.373 |   0.518 | -35.1000
  169 | 8.073 |  4.075 |   0.430 |  -4.8667
  170 | 7.416 |  4.559 |   0.490 |  -5.8667
  171 | 7.693 |  4.774 |   0.573 |  -1.6667
  172 | 7.511 |  4.684 |   0.508 |  -8.1000
  173 | 7.756 |  4.388 |   0.477 |   3.0333
  174 | 7.522 |  4.603 |   0.458 |   3.0000
  175 | 7.917 |  4.281 |   0.525 |  13.1667
  176 | 7.646 |  4.369 |   0.416 |   6.0000
  177 | 7.896 |  3.700 |   0.489 |  -5.4000
  178 | 7.736 |  4.438 |   0.517 |  20.9667
  179 | 7.632 |  4.330 |   0.396 |   6.2333
  180 | 8.076 |  4.419 |   0.432 |  -0.6667
  181 | 7.726 |  4.470 |   0.597 |   9.4000
  182 | 7.787 |  4.698 |   0.508 |  10.2333
  183 | 7.778 |  4.726 |   0.562 |   8.4333
  184 | 7.836 |  4.801 |   0.666 |  -0.9333
  185 | 7.797 |  4.774 |   0.660 | -18.6333
  186 | 7.642 |  4.421 |   0.574 | -16.5000
  187 | 8.247 |  4.713 |   0.444 |  12.3333
  188 | 7.903 |  4.566 |   0.497 | -19.4000
  189 | 7.891 |  4.697 |   0.468 |  -0.7667
  190 | 7.851 |  3.844 |   0.477 |  -6.6333
  191 | 7.936 |  4.519 |   0.454 | -12.8333
  192 | 7.936 |  4.519 |   0.454 |  -2.9000
  193 | 7.145 |  4.315 |   0.393 |  25.4000
  194 | 7.947 |  4.538 |   0.453 |  -7.6333
  195 | 7.993 |  4.511 |   0.427 |  13.1667
  196 | 7.119 |  4.371 |   0.429 |  16.6667
  197 | 7.881 |  4.519 |   0.261 |   9.5667
  198 | 7.704 |  5.425 |   0.339 |   0.9333
  199 | 7.268 |  5.255 |   0.352 |  -6.6000
  200 | 7.864 |  4.948 |   0.455 | -13.9667
  201 | 8.199 |  4.063 |   0.445 | -13.8000
  202 | 7.721 |  4.846 |   0.328 |   1.9333
  203 | 8.045 |  5.119 |   0.398 |  -2.0667
  204 | 7.813 |  5.283 |   0.341 |   1.3000
  205 | 7.657 |  5.393 |   0.453 |  27.2000
  206 | 8.070 |  5.149 |   0.379 |   2.2333
  207 | 7.682 |  5.062 |   0.394 |  -1.9667
  208 | 8.431 |  5.612 |   0.410 |  23.9333
  209 | 7.535 |  4.489 |   0.370 | -13.6333
  210 | 7.738 |  5.217 |   0.393 |   5.4000
  211 | 7.856 |  4.550 |   0.341 | -10.2667
  212 | 7.692 |  5.173 |   0.395 |  -7.3000
  213 | 7.814 |  5.370 |   0.394 | -20.9667
  214 | 7.177 |  5.245 |   0.387 | -25.8333
  215 | 6.997 |  4.825 |   0.360 |  -9.9000
  216 | 7.575 |  4.951 |   0.391 |  -7.7333
  217 | 7.302 |  4.891 |   0.509 |  41.8333
  218 | 7.354 |  4.973 |   0.372 | -16.2000
  219 | 7.449 |  4.878 |   0.391 |  16.2000
  220 | 6.649 |  4.774 |   0.290 |   3.7333
  221 | 6.758 |  4.778 |   0.300 |  -6.9333
  222 | 7.210 |  4.628 |   0.289 |   0.3000
  223 | 7.367 |  4.630 |   0.349 |   9.2333
  224 | 6.567 |  5.522 |   0.343 |   6.6333
  225 | 6.722 |  5.459 |   0.347 | -12.9333
  226 | 6.948 |  5.275 |   0.239 |   9.1333
  227 | 6.918 |  4.715 |   0.344 |  -2.2333
  228 | 7.496 |  4.522 |   0.397 |   1.1667
  229 | 7.148 |  5.243 |   0.283 |  45.3667
  230 | 7.303 |  4.542 |   0.461 |   9.3667
  231 | 6.894 |  4.392 |   0.407 |  -3.7000
  232 | 7.190 |  4.501 |   0.446 |  -2.9667
  233 | 6.996 |  4.515 |   0.395 |  19.2333
  234 | 7.171 |  4.549 |   0.422 |   7.4000
  235 | 6.792 |  4.520 |   0.385 |  14.8333
  236 | 6.811 |  4.521 |   0.385 |  28.7000
  237 | 6.774 |  5.283 |   0.381 |  31.4667
  238 | 6.787 |  4.933 |   0.383 |  -3.4333
  239 | 6.924 |  3.728 |   0.437 |   2.8667
  240 | 6.990 |  4.778 |   0.514 |  11.3667
  241 | 6.853 |  4.798 |   0.423 |  16.4333
  242 | 6.909 |  5.487 |   0.471 |   0.0333
  243 | 6.834 |  4.725 |   0.452 |  -2.6667
  244 | 7.063 |  4.220 |   0.500 |  13.2667
  245 | 6.838 |  4.719 |   0.479 |  38.0000
  246 | 6.850 |  4.815 |   0.477 | -10.0000
  247 | 6.813 |  4.775 |   0.478 |   7.7667
  248 | 6.908 |  4.821 |   0.463 |  14.1667
  249 | 6.740 |  4.817 |   0.459 |   9.3667
  250 | 7.209 |  5.338 |   0.421 |  20.5000
  251 | 6.848 |  4.897 |   0.496 |  47.9333
  252 | 6.848 |  4.897 |   0.496 |   2.3333
  253 | 6.843 |  4.963 |   0.474 |   8.0333
  254 | 7.049 |  4.825 |   0.489 |  20.7333
  255 | 7.036 |  4.294 |   0.665 |  -7.1667
  256 | 7.037 |  4.639 |   0.491 |  15.8333
  257 | 7.004 |  4.148 |   0.458 |  34.9667
  258 | 7.656 |  4.934 |   0.471 |  32.3000
  259 | 6.998 |  4.265 |   0.521 | -16.0000
  260 | 6.733 |  4.379 |   0.473 |   5.7667
  261 | 6.748 |  4.205 |   0.458 | -11.7000
  262 | 6.947 |  4.676 |   0.522 |  -4.0333
  263 | 6.800 |  4.521 |   0.463 |   4.8667
  264 | 6.789 |  5.019 |   0.458 | -11.3667
  265 | 7.107 |  4.559 |   0.485 |  13.4333
  266 | 7.050 |  4.623 |   0.484 |  10.6333
  267 | 6.509 |  4.086 |   0.465 |  15.6333
  268 | 6.813 |  4.859 |   0.396 |  -2.2333
  269 | 7.008 |  4.708 |   0.468 |   2.1667
  270 | 6.772 |  4.194 |   0.464 |  15.8667
  271 | 6.777 |  4.206 |   0.464 |  14.1333
  272 | 6.852 |  4.251 |   0.443 |   9.2000
  273 | 6.834 |  4.629 |   0.347 | -11.5000
  274 | 6.834 |  4.629 |   0.347 |   1.9667
  275 | 6.897 |  3.978 |   0.414 |  23.3333
  276 | 6.866 |  4.250 |   0.417 |   8.7333
  277 | 6.867 |  4.691 |   0.565 |  17.3000
  278 | 7.209 |  4.730 |   0.379 |  21.2000
  279 | 6.884 |  4.457 |   0.364 |  10.2667
  280 | 6.856 |  4.419 |   0.388 |  18.5333
  281 | 6.926 |  4.448 |   0.382 |   1.7333
  282 | 6.926 |  4.567 |   0.382 |  13.4333
  283 | 7.511 |  4.723 |   0.368 |  13.1000
  284 | 6.932 |  4.369 |   0.380 |  20.5667
  285 | 7.181 |  4.867 |   0.495 |  23.6000
  286 | 7.201 |  4.822 |   0.451 |   7.9333
  287 | 8.111 |  4.586 |   0.442 |  16.4333
  288 | 7.876 |  4.625 |   0.432 |   2.1667
  289 | 6.806 |  4.460 |   0.291 |  12.3333
  290 | 7.061 |  4.502 |   0.323 |   1.5333
  291 | 7.065 |  5.170 |   0.421 |   8.0667
  292 | 7.318 |  4.307 |   0.305 |   5.3333
  293 | 7.293 |  4.629 |   0.374 | -12.4333
  294 | 7.683 |  5.277 |   0.422 |   0.7000
  295 | 7.528 |  5.263 |   0.390 |  24.5333
  296 | 6.777 |  4.453 |   0.376 |  18.5333
  297 | 7.151 |  3.958 |   0.521 | -14.0000
  298 | 6.899 |  4.412 |   0.405 |  19.4667
  299 | 7.370 |  4.250 |   0.326 |  20.2667
  300 | 6.965 |  4.557 |   0.303 |  -1.9000
  301 | 7.002 |  4.270 |   0.443 |   8.4667
  302 | 7.219 |  4.411 |   0.420 |  13.4333
  303 | 7.051 |  4.430 |   0.450 |  27.8667
  304 | 7.036 |  4.492 |   0.443 |   0.0333
  305 | 6.956 |  4.177 |   0.451 |  10.1333
  306 | 7.422 |  4.802 |   0.402 |  12.2333
  307 | 7.085 |  4.390 |   0.435 |  -0.4000
  308 | 7.328 |  4.138 |   0.411 |  20.1667
  309 | 7.391 |  4.355 |   0.364 |  -1.9667
  310 | 7.422 |  4.455 |   0.309 | -15.2667
  311 | 7.465 |  4.153 |   0.355 |  19.5000
  312 | 7.454 |  4.161 |   0.384 | -12.5000
  313 | 8.116 |  4.605 |   0.369 | -11.5000
  314 | 8.022 |  4.530 |   0.253 |   0.3000
  315 | 7.579 |  4.637 |   0.348 |  11.8667
  316 | 7.981 |  4.973 |   0.265 |   3.6000
  317 | 8.033 |  3.960 |   0.361 |  15.4667
  318 | 8.098 |  4.468 |   0.165 |  29.5667
  319 | 8.094 |  5.256 |   0.261 |  13.9667
  320 | 8.100 |  4.334 |   0.353 |  40.6333
  321 | 8.100 |  4.334 |   0.353 |   7.4333
  322 | 8.066 |  5.052 |   0.250 |  -6.7667
  323 | 8.785 |  4.557 |   0.252 |  -3.0667
  324 | 8.280 |  5.231 |   0.209 | -16.4333
  325 | 8.406 |  5.260 |   0.389 |  -7.5333
  326 | 7.832 |  4.758 |   0.357 | -10.1000
  327 | 7.572 |  4.759 |   0.342 |  -2.5333
  328 | 7.616 |  4.759 |   0.327 |  -0.1667
  329 | 8.631 |  4.903 |   0.140 |  -6.3333
  330 | 7.727 |  5.197 |   0.273 |  -5.1333
  331 | 8.181 |  4.933 |   0.227 |  11.9333
  332 | 8.315 |  4.960 |   0.227 |  19.7667
  333 | 8.366 |  4.811 |   0.219 |  22.5333
  334 | 8.229 |  4.981 |   0.217 |  33.1667
  335 | 8.336 |  5.184 |   0.215 |  -1.1333
  336 | 8.074 |  4.966 |   0.217 |  13.9000
  337 | 8.100 |  4.946 |   0.211 |  10.9333
  338 | 7.920 |  4.972 |   0.231 |  20.8333
  339 | 8.646 |  5.112 |   0.319 |  21.1333
  340 | 8.646 |  5.112 |   0.319 |  14.9000
  341 | 8.470 |  4.616 |   0.262 |   0.2000
  342 | 8.248 |  5.316 |   0.292 |   4.1667
  343 | 8.444 |  5.180 |   0.288 |  13.6000
  344 | 8.970 |  5.199 |   0.329 |  15.4000
  345 | 8.784 |  5.574 |   0.287 |   4.1000
  346 | 7.768 |  4.867 |   0.294 |  13.6667
  347 | 8.142 |  5.037 |   0.253 |  21.8333
  348 | 8.220 |  4.799 |   0.304 |  -0.3000
  349 | 8.220 |  4.799 |   0.304 |  21.5000
  350 | 8.898 |  4.697 |   0.286 |  -1.6000
  351 | 8.156 |  5.485 |   0.311 |  29.0333
  352 | 7.652 |  5.645 |   0.104 | -10.5000
  353 | 7.875 |  5.250 |   0.256 |  18.9000
  354 | 7.875 |  4.621 |   0.279 |  25.8000
  355 | 8.095 |  5.130 |   0.319 | -11.7000
  356 | 8.079 |  4.070 |   0.396 |  -6.0667
  357 | 8.386 |  4.412 |   0.370 | -13.2333
  358 | 8.079 |  4.070 |   0.396 | -10.5000
  359 | 8.215 |  5.663 |   0.282 |  -3.7667
  360 | 7.942 |  5.400 |   0.288 |  11.6333
  361 | 8.427 |  5.118 |   0.272 |   0.3000
  362 | 8.037 |  4.921 |   0.321 |   3.2667
  363 | 7.740 |  4.929 |   0.337 |  14.1000
  364 | 8.157 |  5.062 |   0.331 |  -4.8667
  365 | 8.147 |  5.157 |   0.352 |  -3.1333
  366 | 8.132 |  4.759 |   0.339 |  -2.4333
  367 | 8.310 |  5.024 |   0.338 |   6.9667
  368 | 8.864 |  5.062 |   0.347 | -16.4333
  369 | 7.614 |  4.797 |   0.237 |  16.3000
  370 | 8.150 |  5.402 |   0.386 |   2.0333
  371 | 7.915 |  5.091 |   0.370 |  15.1667
  372 | 7.918 |  5.002 |   0.402 |  32.0333
  373 | 8.002 |  4.955 |   0.373 |   4.0000
  374 | 7.990 |  4.958 |   0.376 |  22.6667
  375 | 7.891 |  5.605 |   0.429 |  21.2667
  376 | 8.022 |  5.665 |   0.405 |  19.3333
  377 | 8.022 |  5.665 |   0.405 |  -3.7000
  378 | 8.118 |  5.015 |   0.385 |  27.6667
  379 | 7.950 |  5.391 |   0.429 |   5.5000
  380 | 8.270 |  5.739 |   0.381 |  12.7333
  381 | 7.884 |  5.530 |   0.469 | -12.5000
  382 | 8.241 |  4.891 |   0.476 |  43.3000
  383 | 7.977 |  4.834 |   0.308 |  -1.6667
  384 | 7.988 |  5.510 |   0.332 |   7.6667
  385 | 7.845 |  5.053 |   0.349 |   5.8333
  386 | 8.375 |  4.956 |   0.333 |   4.2333
  387 | 8.366 |  5.238 |   0.308 |  -9.4000
  388 | 8.013 |  4.988 |   0.431 |  27.2667
  389 | 8.402 |  5.493 |   0.409 |  25.3333
  390 | 8.426 |  5.299 |   0.328 |  20.0000
  391 | 8.370 |  5.424 |   0.329 |   7.7667
  392 | 8.402 |  5.325 |   0.422 |  -0.9333
  393 | 8.431 |  5.207 |   0.370 |  -1.8333
  394 | 7.761 |  5.218 |   0.334 |  23.3667
  395 | 8.187 |  5.034 |   0.383 |  11.3333
  396 | 8.375 |  5.696 |   0.392 |  -7.9667
  397 | 7.970 |  5.358 |   0.367 |  -1.9333
  398 | 7.970 |  5.358 |   0.367 |  -0.6333
  399 | 8.393 |  5.637 |   0.352 |  16.3000
  400 | 8.705 |  5.262 |   0.394 |   3.3333
  401 | 8.483 |  5.350 |   0.385 |  11.2333
  402 | 8.628 |  5.533 |   0.384 |  12.3000
  403 | 8.667 |  4.978 |   0.353 |  11.0000
  404 | 8.232 |  5.272 |   0.374 |  -3.2000
  405 | 8.155 |  5.816 |   0.372 |  -7.6000
  406 | 8.075 |  5.380 |   0.422 |  11.7667
  407 | 8.261 |  5.760 |   0.364 |  -8.6000
  408 | 8.437 |  4.903 |   0.424 |   4.4000
  409 | 8.133 |  5.505 |   0.384 |  19.3667
  410 | 8.580 |  6.386 |   0.398 |  46.5333
  411 | 8.692 |  6.220 |   0.372 |  -0.9000
  412 | 8.061 |  6.438 |   0.386 |  -2.6333
  413 | 8.274 |  5.836 |   0.392 |   0.1000
  414 | 8.583 |  5.960 |   0.354 |  -2.2333
  415 | 8.583 |  5.960 |   0.354 |  37.7000
  416 | 8.211 |  5.854 |   0.283 |  17.0000
  417 | 8.201 |  5.842 |   0.360 |  26.2000
  418 | 8.209 |  5.851 |   0.236 |  19.9000
  419 | 8.188 |  5.748 |   0.358 |  21.6333
  420 | 7.766 |  5.719 |   0.368 |  12.5333
  421 | 8.298 |  5.632 |   0.271 |  19.2667
  422 | 8.298 |  5.632 |   0.271 |   5.1333
  423 | 8.218 |  4.791 |   0.311 |  27.9000
  424 | 8.440 |  5.712 |   0.328 |  -8.3667
  425 | 8.440 |  5.712 |   0.328 |  -5.6000
  426 | 8.413 |  5.710 |   0.379 |  12.7000
  427 | 8.899 |  5.305 |   0.325 |   4.9667
  428 | 8.041 |  5.621 |   0.321 |  23.6333
  429 | 8.732 |  5.687 |   0.327 |   5.9000
  430 | 8.754 |  5.357 |   0.327 |  -7.9000
  431 | 8.805 |  5.239 |   0.327 |  45.5667
  432 | 8.325 |  5.677 |   0.326 |  19.1333
  433 | 8.311 |  5.461 |   0.320 |  23.1000
  434 | 8.139 |  6.187 |   0.368 |  11.5000
  435 | 8.490 |  5.561 |   0.270 |  18.9333
  436 | 8.434 |  5.567 |   0.291 |  15.6667
  437 | 8.190 |  5.835 |   0.342 |  20.6000
  438 | 8.246 |  5.773 |   0.330 |  38.1000
  439 | 8.305 |  5.797 |   0.345 |  13.8333
  440 | 7.809 |  6.329 |   0.225 |   2.7000
  441 | 8.721 |  5.334 |   0.408 |  21.9667
  442 | 8.721 |  5.334 |   0.408 |  11.7667
  443 | 8.145 |  5.591 |   0.305 |  10.3667
  444 | 8.593 |  5.495 |   0.311 |   7.4333
  445 | 8.729 |  5.175 |   0.338 |  -5.7333
  446 | 8.349 |  5.340 |   0.337 |   8.0667
  447 | 8.322 |  5.280 |   0.325 |   8.3000
  448 | 8.644 |  5.246 |   0.335 |  10.3333
  449 | 8.220 |  5.203 |   0.303 |  -7.9000
  450 | 8.483 |  5.012 |   0.321 |  29.2667
  451 | 8.353 |  4.688 |   0.418 |  11.0667
  452 | 8.994 |  4.696 |   0.418 |  50.8000
  453 | 8.304 |  5.400 |   0.365 |  17.3000
  454 | 8.395 |  5.821 |   0.423 |   6.8000
  455 | 8.355 |  5.553 |   0.351 |   0.3667
  456 | 8.367 |  5.582 |   0.365 |  27.4333
  457 | 8.132 |  5.262 |   0.367 |  -3.1000
  458 | 7.810 |  5.300 |   0.322 |  17.6333
  459 | 8.133 |  5.201 |   0.401 |   0.5667
  460 | 8.443 |  5.718 |   0.391 |   4.8000
  461 | 8.107 |  4.830 |   0.343 |  44.8000
  462 | 8.552 |  5.992 |   0.388 |  32.4333
  463 | 8.701 |  5.375 |   0.393 |  50.6333
  464 | 8.429 |  5.495 |   0.393 |  11.4667
  465 | 8.416 |  5.470 |   0.393 |  13.6667
  466 | 8.385 |  5.470 |   0.393 |   7.5667
  467 | 8.158 |  5.050 |   0.403 |  22.9333
  468 | 8.075 |  5.009 |   0.388 |  -4.9333
  469 | 8.489 |  4.751 |   0.626 |  21.2667
  470 | 8.029 |  5.500 |   0.388 |  32.8333
  471 | 8.397 |  5.173 |   0.406 |  18.6333
  472 | 8.390 |  5.716 |   0.580 |  36.7333
  473 | 8.414 |  5.656 |   0.450 |  10.8333
  474 | 8.401 |  5.704 |   0.632 |  38.3000
  475 | 8.823 |  5.228 |   0.382 |   4.2000
  476 | 8.823 |  5.228 |   0.382 |   2.4333
  477 | 8.294 |  5.200 |   0.385 |  17.0667
  478 | 8.283 |  5.550 |   0.439 |  17.2667
  479 | 8.432 |  5.089 |   0.622 |  -1.5000
  480 | 8.660 |  5.288 |   0.429 |  43.6000
  481 | 8.451 |  5.114 |   0.227 |   2.1000
  482 | 8.450 |  5.114 |   0.258 |  13.8000
  483 | 8.929 |  5.664 |   0.393 |  10.1000
  484 | 8.458 |  5.129 |   0.266 |   2.5333
  485 | 8.493 |  4.651 |   0.291 |  14.0000
  486 | 8.675 |  5.817 |   0.333 |  12.8667
  487 | 8.496 |  5.396 |   0.253 |  14.7000
  488 | 8.822 |  4.616 |   0.405 |  -0.1667
  489 | 8.766 |  5.065 |   0.369 |  13.0000
  490 | 8.510 |  5.360 |   0.211 |   0.0000
  491 | 8.825 |  5.116 |   0.372 |  23.6333
  492 | 8.692 |  4.559 |   0.375 |   6.7667
  493 | 8.875 |  5.235 |   0.292 |   8.0333
  494 | 8.237 |  4.987 |   0.333 |  29.8667
  495 | 8.570 |  5.127 |   0.327 |  -1.3000
  496 | 8.739 |  5.085 |   0.288 |  -0.6000
  497 | 8.416 |  5.312 |   0.406 |  -2.0333
  498 | 8.446 |  5.779 |   0.359 |  20.1667
  499 | 8.449 |  5.771 |   0.357 |   1.4333
  500 | 8.589 |  5.563 |   0.343 |  24.1000
  501 | 8.629 |  5.503 |   0.339 |  39.3667
  502 | 8.879 |  5.418 |   0.344 |  55.4000
  503 | 8.396 |  4.898 |   0.264 |   0.5000
  504 | 8.689 |  4.831 |   0.348 |  16.4000
  505 | 8.180 |  4.974 |   0.276 |  25.6333
  506 | 8.374 |  5.617 |   0.445 |  22.1000
  507 | 8.374 |  5.617 |   0.445 |  18.6333
  508 | 8.380 |  5.586 |   0.442 |  19.4000
  509 | 8.385 |  5.654 |   0.431 |   7.5333
  510 | 8.900 |  5.763 |   0.431 |   7.4333
  511 | 8.137 |  5.380 |   0.463 |   6.6667
  512 | 8.431 |  5.351 |   0.424 |  -9.3333
  513 | 8.642 |  5.588 |   0.545 |   6.9667
  514 | 8.418 |  5.438 |   0.407 |  35.5333
  515 | 9.000 |  5.688 |   0.445 |  14.1667
  516 | 8.742 |  5.445 |   0.420 |   9.1667
  517 | 8.468 |  5.450 |   0.429 |  -1.6000
  518 | 8.053 |  5.561 |   0.429 |  17.3333
  519 | 8.267 |  5.507 |   0.429 |   9.4333
  520 | 8.930 |  5.921 |   0.422 |  22.3667
  521 | 8.568 |  5.869 |   0.425 |   2.2333
  522 | 8.611 |  5.907 |   0.422 |  25.8333
  523 | 8.478 |  5.788 |   0.287 |  -0.6667
  524 | 8.538 |  4.896 |   0.382 |  24.5333
  525 | 8.691 |  5.017 |   0.587 |  32.1000
  526 | 8.533 |  4.875 |   0.397 |  12.2667
  527 | 8.629 |  5.503 |   0.484 |  21.3333
  528 | 8.628 |  5.166 |   0.386 |  22.0667
  529 | 8.621 |  5.451 |   0.254 |   3.1333
  530 | 8.722 |  5.595 |   0.363 |  28.9000
  531 | 8.640 |  6.393 |   0.373 |  -1.4000
  532 | 8.200 |  5.059 |   0.384 |  -5.0000
  533 | 8.584 |  5.520 |   0.378 |  12.2333
  534 | 8.372 |  4.980 |   0.406 |  44.9667
  535 | 8.486 |  5.339 |   0.385 |  10.0000
  536 | 8.486 |  5.339 |   0.203 |  22.4000
  537 | 8.373 |  5.191 |   0.393 |  22.9333
  538 | 8.371 |  5.153 |   0.390 |  27.2667
  539 | 8.301 |  5.034 |   0.395 |  39.3667
  540 | 8.198 |  4.901 |   0.403 |  30.0333
  541 | 8.292 |  4.622 |   0.488 |  14.8667
  542 | 8.486 |  5.059 |   0.340 |  34.9667
  543 | 7.921 |  4.872 |   0.365 |  27.9333
  544 | 7.922 |  4.179 |   0.392 |  43.1000
  545 | 7.947 |  4.622 |   0.341 |   8.5000
  546 | 7.958 |  4.222 |   0.392 |  21.2000
  547 | 7.899 |  4.375 |   0.345 |  -0.2667
  548 | 8.302 |  4.633 |   0.359 |  31.1333
  549 | 8.302 |  4.633 |   0.359 |   1.7333
  550 | 8.388 |  4.380 |   0.353 |   8.1000
  551 | 8.390 |  4.297 |   0.375 |   4.6333
  552 | 8.345 |  4.309 |   0.372 |  15.2667
  553 | 8.356 |  3.948 |   0.397 |  12.8667
  554 | 8.528 |  3.997 |   0.221 |  24.8333
  555 | 8.255 |  4.021 |   0.317 |   9.4667
  556 | 8.230 |  4.064 |   0.323 |  14.3667
  557 | 8.230 |  4.064 |   0.323 |   2.8333
  558 | 8.026 |  3.190 |   0.389 |  38.2667
  559 | 8.026 |  2.430 |   0.389 |  24.2333
  560 | 8.061 |  4.278 |   0.335 |  15.2333
  561 | 7.769 |  3.523 |   0.357 |  18.6667
  562 | 7.956 |  3.585 |   0.380 |  -2.6000
  563 | 7.679 |  4.082 |   0.351 |  16.7000
  564 | 7.679 |  4.082 |   0.351 |  10.6667
  565 | 7.935 |  3.461 |   0.326 |  27.0667
  566 | 7.802 |  3.528 |   0.377 |  13.1667
  567 | 8.117 |  3.475 |   0.325 | -11.1333
  568 | 8.206 |  3.953 |   0.333 |  -6.0333
  569 | 8.405 |  4.103 |   0.351 |  23.6333
  570 | 8.052 |  3.782 |   0.368 |   6.0667
  571 | 8.324 |  4.272 |   0.353 |  27.4333
  572 | 8.222 |  4.069 |   0.359 |  16.3333
  573 | 8.504 |  4.026 |   0.421 |  15.9333
  574 | 8.248 |  4.381 |   0.363 |   4.7667
  575 | 8.010 |  4.241 |   0.356 |  -6.2000
  576 | 8.096 |  4.187 |   0.396 |  30.6667
  577 | 7.918 |  4.107 |   0.368 |  10.4667
  578 | 8.097 |  4.391 |   0.389 |   4.1333
  579 | 8.319 |  3.714 |   0.376 |  -5.4000
  580 | 8.047 |  4.034 |   0.423 |  20.8000
  581 | 8.091 |  4.060 |   0.358 |   3.4000
  582 | 8.091 |  4.060 |   0.358 |  -3.0667
  583 | 8.615 |  3.589 |   0.414 |  22.7333
  584 | 8.299 |  3.964 |   0.334 |  34.2333
  585 | 7.405 |  4.634 |   0.368 |  27.0667
  586 | 8.301 |  3.963 |   0.334 |   7.1000
  587 | 8.689 |  3.905 |   0.462 |  14.0667
  588 | 8.255 |  4.075 |   0.370 |  26.0000
  589 | 8.652 |  3.776 |   0.356 |  20.4667
  590 | 8.324 |  4.176 |   0.373 |   5.6333
  591 | 8.538 |  4.795 |   0.371 |  14.6333
  592 | 8.255 |  4.062 |   0.366 |  -1.2000
  593 | 8.556 |  4.743 |   0.377 |  39.7333
  594 | 8.110 |  4.351 |   0.375 |  26.5333
  595 | 8.490 |  3.799 |   0.406 |   2.5667
  596 | 8.335 |  3.244 |   0.431 |  11.8333
  597 | 8.549 |  4.286 |   0.398 |  21.4333
  598 | 8.350 |  3.942 |   0.430 |  26.6000
  599 | 8.610 |  4.714 |   0.428 |  15.4667
  600 | 8.358 |  3.457 |   0.423 |   6.1667
  601 | 8.606 |  4.832 |   0.411 |   5.7333
  602 | 8.346 |  4.610 |   0.448 |  31.4000
  603 | 8.118 |  4.469 |   0.430 |  17.0333
  604 | 8.373 |  4.728 |   0.491 |   3.2000
  605 | 8.544 |  5.913 |   0.393 |  27.3000
  606 | 8.339 |  5.590 |   0.411 |   8.3000
  607 | 8.307 |  4.551 |   0.430 |  39.5333
  608 | 8.390 |  5.234 |   0.418 |  14.3000
  609 | 8.547 |  4.315 |   0.465 |   8.4333
  610 | 8.398 |  3.983 |   0.415 |   5.7000
  611 | 7.792 |  5.126 |   0.420 |  29.7333
  612 | 7.941 |  4.865 |   0.463 |  32.9000
  613 | 7.941 |  4.865 |   0.463 |   3.7333
  614 | 7.891 |  4.900 |   0.417 |  22.0000
  615 | 8.016 |  4.733 |   0.398 |  47.2000
  616 | 8.042 |  5.367 |   0.407 |  26.7000
  617 | 7.910 |  5.054 |   0.336 |  28.1000
  618 | 8.159 |  4.300 |   0.401 |  20.0667
  619 | 7.810 |  4.800 |   0.385 |  -2.5667
  620 | 8.033 |  4.026 |   0.328 |  12.8333
  621 | 7.758 |  4.175 |   0.385 |  34.2000
  622 | 7.866 |  4.793 |   0.393 |  32.3000
  623 | 7.903 |  4.743 |   0.358 |  13.1667
  624 | 8.147 |  4.676 |   0.269 |   7.7667
  625 | 7.167 |  4.696 |   0.442 |  23.6667
  626 | 7.536 |  4.700 |   0.366 |  12.3667
  627 | 7.694 |  4.648 |   0.368 |  19.4000
  628 | 8.248 |  5.336 |   0.368 |  14.0667
  629 | 7.836 |  5.161 |   0.420 |  23.3667
  630 | 7.754 |  5.314 |   0.408 |  43.5000
  631 | 7.691 |  4.851 |   0.400 |  32.1000
  632 | 7.632 |  4.716 |   0.415 |  26.8000
  633 | 7.879 |  4.931 |   0.339 |  30.8000
  634 | 7.948 |  4.393 |   0.369 |  31.7667
  635 | 7.627 |  4.722 |   0.389 |  29.1000
  636 | 7.672 |  6.019 |   0.390 |   7.8333
  637 | 8.530 |  4.151 |   0.411 |   9.2333
  638 | 7.681 |  4.718 |   0.414 |  26.3000
  639 | 7.146 |  6.358 |   0.384 |  12.1667
  640 | 7.061 |  5.683 |   0.372 |  43.5000
  641 | 7.506 |  4.599 |   0.410 |  27.4333
  642 | 7.527 |  4.862 |   0.404 |  26.2333
  643 | 7.266 |  5.612 |   0.387 |  27.8333
  644 | 7.350 |  5.388 |   0.352 |   9.2000
  645 | 7.660 |  4.723 |   0.394 |  16.3667
  646 | 7.416 |  5.047 |   0.366 |   7.5667
  647 | 7.379 |  5.124 |   0.367 |   6.4333
  648 | 7.564 |  4.816 |   0.392 |  17.4000
  649 | 6.903 |  5.131 |   0.364 |  -4.6667
  650 | 7.500 |  5.110 |   0.387 |  26.1667
  651 | 7.409 |  5.013 |   0.389 |  34.6333
  652 | 7.483 |  4.925 |   0.442 |   7.1667
  653 | 7.353 |  5.247 |   0.411 |  24.0333
  654 | 7.406 |  5.202 |   0.426 |  14.2667
  655 | 7.031 |  5.436 |   0.436 |  53.0000
  656 | 7.031 |  5.436 |   0.436 |  47.2333
  657 | 7.378 |  4.376 |   0.433 |  39.8667
  658 | 7.183 |  4.962 |   0.485 |  26.1000
  659 | 7.347 |  4.552 |   0.301 |  28.3000
  660 | 6.905 |  4.779 |   0.398 |  36.2667
  661 | 7.196 |  4.796 |   0.426 |  43.0000
  662 | 7.196 |  4.796 |   0.426 |  18.4333
  663 | 7.196 |  4.796 |   0.426 |  24.6667
  664 | 7.657 |  4.777 |   0.385 |  39.5667
  665 | 7.283 |  4.934 |   0.388 |  46.3000
  666 | 7.206 |  5.013 |   0.384 |  34.8333
  667 | 7.382 |  4.221 |   0.408 |  20.5333
  668 | 7.116 |  5.069 |   0.503 |  30.9667
  669 | 7.243 |  4.665 |   0.458 |  18.2667
  670 | 7.259 |  4.791 |   0.410 |  61.4000
  671 | 7.259 |  4.791 |   0.410 |  38.6667
  672 | 7.251 |  4.764 |   0.409 |  16.6667
  673 | 7.108 |  4.872 |   0.406 |  -2.4667
  674 | 7.285 |  5.680 |   0.411 |   0.7333
  675 | 7.226 |  5.684 |   0.375 |  15.4000
  676 | 7.225 |  4.133 |   0.421 |  17.5000
  677 | 7.183 |  5.145 |   0.378 |  33.6333
  678 | 7.173 |  5.184 |   0.394 |  29.1667
  679 | 7.030 |  4.847 |   0.457 |  24.5667
  680 | 7.053 |  4.921 |   0.432 |  31.8667
  681 | 6.929 |  5.579 |   0.433 |   6.0333
  682 | 7.066 |  4.996 |   0.431 |  19.1333
  683 | 6.668 |  4.928 |   0.425 |  65.9333
  684 | 7.032 |  5.564 |   0.410 |  16.0000
  685 | 7.027 |  5.357 |   0.335 |  12.9333
  686 | 7.037 |  5.369 |   0.369 |  14.5333
  687 | 7.301 |  5.465 |   0.395 |  25.3333
  688 | 7.307 |  5.250 |   0.403 |  47.6333
  689 | 7.626 |  4.914 |   0.456 |  14.4667
  690 | 6.973 |  5.287 |   0.415 |  15.6667
  691 | 6.857 |  5.537 |   0.422 |  30.4667
  692 | 7.174 |  5.411 |   0.405 |  17.3667
  693 | 6.949 |  5.576 |   0.448 |  12.5667
  694 | 6.949 |  5.576 |   0.448 |  20.8333
  695 | 7.099 |  5.551 |   0.410 |  53.0000
  696 | 7.077 |  5.278 |   0.424 |  34.1000
  697 | 6.687 |  5.660 |   0.445 |  33.0333
  698 | 7.177 |  5.531 |   0.451 |   9.6000
  699 | 7.239 |  5.637 |   0.445 |  12.9667
  700 | 6.965 |  5.526 |   0.431 |  37.9667
  701 | 6.983 |  5.529 |   0.430 |  18.2000
  702 | 6.982 |  6.485 |   0.431 |  47.8333
  703 | 7.278 |  5.293 |   0.438 |   8.4667
  704 | 7.073 |  5.659 |   0.448 |   9.2667
  705 | 7.549 |  7.789 |   0.432 |  50.2667
  706 | 7.126 |  5.288 |   0.365 |  34.7333
  707 | 6.988 |  6.091 |   0.492 |  46.1667
  708 | 7.241 |  5.563 |   0.442 |   3.0333
  709 | 7.765 |  5.381 |   0.357 |  10.3667
  710 | 7.151 |  5.636 |   0.405 |  17.2667
  711 | 7.074 |  5.225 |   0.418 |  29.7667
  712 | 7.626 |  5.412 |   0.379 |  27.7000
  713 | 7.125 |  5.733 |   0.413 |  40.1333
  714 | 7.421 |  5.523 |   0.467 |  32.7333
  715 | 7.429 |  5.398 |   0.431 |  13.8333
  716 | 7.279 |  5.622 |   0.409 |  44.6667
  717 | 7.811 |  5.746 |   0.319 |  16.0000
  718 | 7.342 |  5.586 |   0.402 |  14.0000
  719 | 7.429 |  5.470 |   0.415 |  38.7333
  720 | 7.181 |  5.688 |   0.520 |  28.8000
  721 | 7.363 |  5.566 |   0.396 |   4.2333
  722 | 7.386 |  5.169 |   0.466 |  23.8000
  723 | 7.442 |  5.456 |   0.485 |   9.2333
  724 | 7.249 |  5.615 |   0.493 |  11.2000
  725 | 7.284 |  5.704 |   0.435 |  35.3000
  726 | 7.163 |  5.470 |   0.467 |  13.7000
  727 | 7.313 |  5.611 |   0.446 |   5.6667
  728 | 7.234 |  5.577 |   0.428 |  47.6667
  729 | 7.329 |  5.624 |   0.429 |   7.1000
  730 | 7.184 |  6.005 |   0.427 |  19.4333
  731 | 7.346 |  5.317 |   0.433 |  48.4333
  732 | 7.291 |  5.697 |   0.481 |  19.5667
  733 | 7.408 |  5.671 |   0.412 |  26.6667
  734 | 7.497 |  5.769 |   0.488 |  47.8000
  735 | 7.439 |  5.653 |   0.448 |  33.0333
  736 | 7.364 |  5.026 |   0.415 |  12.5000
  737 | 7.920 |  5.459 |   0.440 |  57.7000
  738 | 7.467 |  5.765 |   0.505 |  13.7333
  739 | 7.664 |  5.458 |   0.405 |  15.7667
  740 | 7.510 |  5.468 |   0.469 |   8.9667
  741 | 7.407 |  5.079 |   0.413 |  26.6000
  742 | 7.037 |  5.520 |   0.424 |  20.6000
  743 | 7.923 |  5.367 |   0.415 |  14.4667
  744 | 7.253 |  5.662 |   0.436 |  30.4333
  745 | 7.848 |  5.339 |   0.403 |  30.9667
  746 | 7.361 |  5.758 |   0.437 |  26.3000
  747 | 7.617 |  5.711 |   0.381 |  41.7667
  748 | 7.350 |  5.168 |   0.419 |  45.8333
  749 | 7.571 |  5.264 |   0.385 |   2.8667
  750 | 7.188 |  5.439 |   0.422 |  31.6000
  751 | 7.233 |  5.339 |   0.418 |  52.3000
  752 | 6.773 |  5.872 |   0.426 |  24.2333
  753 | 7.270 |  5.176 |   0.409 |  -4.0333
  754 | 7.264 |  4.225 |   0.487 |  53.8000
  755 | 7.172 |  5.056 |   0.423 |  34.0000
  756 | 6.844 |  6.478 |   0.413 |  53.9667
  757 | 6.681 |  6.420 |   0.451 |  29.5000
  758 | 7.343 |  5.685 |   0.381 |  38.5667
  759 | 7.323 |  5.981 |   0.384 |   7.0667
  760 | 7.188 |  5.819 |   0.384 |  19.3333
  761 | 7.453 |  6.246 |   0.371 |   6.3333
  762 | 7.128 |  5.941 |   0.403 |   9.7000
  763 | 7.467 |  5.649 |   0.372 |  16.9333
  764 | 7.218 |  6.284 |   0.413 |  16.0667
  765 | 7.634 |  5.979 |   0.414 |  33.2333
  766 | 7.196 |  6.339 |   0.496 |   9.9000
  767 | 7.196 |  6.339 |   0.496 |  12.9000
  768 | 7.040 |  6.133 |   0.408 |  10.1667
  769 | 6.816 |  6.478 |   0.465 |  20.6667
  770 | 7.295 |  6.080 |   0.450 |  13.2000
  771 | 7.172 |  6.632 |   0.347 |  22.1000
  772 | 6.847 |  6.213 |   0.431 |  21.6667
  773 | 7.475 |  6.182 |   0.469 |  33.3667
  774 | 7.488 |  6.531 |   0.423 |   0.4333
  775 | 7.390 |  6.592 |   0.415 |  23.8667
  776 | 8.433 |  6.158 |   0.490 |  25.7667
  777 | 8.216 |  6.176 |   0.484 |  32.0000
  778 | 8.216 |  6.176 |   0.484 |  16.1333
  779 | 7.105 |  6.421 |   0.379 |  19.9000
  780 | 7.618 |  6.597 |   0.595 |  34.8333
  781 | 7.665 |  6.347 |   0.413 |  24.4667
  782 | 7.480 |  6.651 |   0.565 |  19.4667
  783 | 6.899 |  6.361 |   0.421 |  28.6333
  784 | 7.358 |  6.655 |   0.467 |  31.9667
  785 | 7.113 |  6.300 |   0.456 |  15.0333
  786 | 7.113 |  6.300 |   0.376 |  24.7000
  787 | 6.917 |  7.529 |   0.469 |  -5.8667
  788 | 7.805 |  6.520 |   0.400 |  22.0667
  789 | 7.444 |  6.388 |   0.619 |  11.5667
  790 | 7.085 |  6.611 |   0.397 |  20.6333
  791 | 7.946 |  6.206 |   0.461 |  23.4000
  792 | 7.284 |  6.651 |   0.437 |  44.8667
  793 | 7.406 |  6.577 |   0.444 |  28.8333
  794 | 7.245 |  6.251 |   0.437 |  32.7333
  795 | 7.358 |  6.320 |   0.428 |  25.8000
  796 | 7.283 |  6.311 |   0.427 |  16.6667
  797 | 7.322 |  6.345 |   0.429 |  59.2333
  798 | 7.315 |  6.174 |   0.422 |  51.2333
  799 | 7.032 |  6.373 |   0.440 |  49.3667
  800 | 7.075 |  6.340 |   0.412 |  31.4000
  801 | 7.103 |  5.985 |   0.436 |  30.3667
  802 | 7.316 |  5.730 |   0.659 |  50.3000
  803 | 6.869 |  6.405 |   0.375 |  41.7667
  804 | 7.204 |  6.216 |   0.433 |  23.7000
  805 | 7.507 |  6.262 |   0.479 |  19.5000
  806 | 7.444 |  5.844 |   0.539 |  23.3667
  807 | 7.272 |  5.835 |   0.461 |  -0.0667
  808 | 7.269 |  5.799 |   0.478 |  23.6667
  809 | 7.433 |  6.513 |   0.457 |  37.5667
  810 | 7.269 |  6.132 |   0.478 |  30.7667
  811 | 7.378 |  6.169 |   0.458 |  10.5000
  812 | 7.699 |  6.448 |   0.472 |  25.6667
  813 | 7.384 |  6.112 |   0.463 |  22.9333
  814 | 6.951 |  6.030 |   0.454 |  52.1333
  815 | 7.170 |  5.318 |   0.432 |  12.6333
  816 | 7.480 |  5.940 |   0.485 |  19.9667
  817 | 7.212 |  5.712 |   0.455 |  45.2000
  818 | 7.238 |  6.001 |   0.440 |  22.2667
  819 | 7.212 |  6.586 |   0.531 |  24.1667
  820 | 7.340 |  5.682 |   0.501 |  14.3333
  821 | 7.506 |  6.557 |   0.552 |  29.2000
  822 | 7.255 |  5.995 |   0.481 |  29.8667
  823 | 7.058 |  5.995 |   0.450 |   9.9667
  824 | 7.257 |  5.728 |   0.476 |  33.5000
  825 | 7.436 |  5.833 |   0.508 |  26.9333
  826 | 7.417 |  5.530 |   0.481 |   0.2333
  827 | 7.415 |  6.725 |   0.540 |  17.6667
  828 | 7.743 |  5.706 |   0.473 |  -5.8333
  829 | 7.512 |  5.771 |   0.468 |  32.0000
  830 | 7.559 |  6.132 |   0.331 |  38.3667
  831 | 7.094 |  6.307 |   0.484 |  30.2000
  832 | 6.659 |  6.362 |   0.465 |  12.3333
  833 | 7.138 |  7.236 |   0.480 |  43.5667
  834 | 7.147 |  6.330 |   0.472 |   0.1000
  835 | 7.306 |  5.739 |   0.544 |   9.2000
  836 | 7.207 |  5.986 |   0.517 |  29.2000
  837 | 7.204 |  6.096 |   0.501 |  44.0333
  838 | 7.266 |  6.298 |   0.448 |  10.4333
  839 | 7.354 |  6.140 |   0.488 |  46.1333
  840 | 7.225 |  6.816 |   0.497 |  23.0667
  841 | 7.323 |  5.708 |   0.514 |  13.9667
  842 | 7.176 |  6.624 |   0.482 |  13.9333
  843 | 7.166 |  6.042 |   0.493 |  30.6667
  844 | 7.191 |  6.381 |   0.495 |  28.6333
  845 | 6.907 |  6.276 |   0.550 |  29.4333
  846 | 7.175 |  5.913 |   0.499 |  63.0667
  847 | 7.230 |  6.005 |   0.528 |  20.4000
  848 | 7.638 |  5.675 |   0.506 |  16.4667
  849 | 7.041 |  6.396 |   0.589 |  13.8333
  850 | 7.065 |  6.508 |   0.583 |  43.3333
  851 | 7.256 |  5.943 |   0.511 |  -4.6000
  852 | 6.556 |  6.533 |   0.531 |  29.9000
  853 | 7.510 |  5.807 |   0.421 |  21.2667
  854 | 7.070 |  6.472 |   0.484 |  78.5000
  855 | 7.070 |  6.472 |   0.484 |  42.4000
  856 | 7.126 |  6.111 |   0.451 |  15.6000
  857 | 7.341 |  6.900 |   0.439 |  12.0000
  858 | 7.091 |  6.352 |   0.486 |  45.8000
  859 | 7.004 |  6.497 |   0.372 |  38.6333
  860 | 7.377 |  6.423 |   0.394 |  26.3667
  861 | 7.377 |  6.423 |   0.394 |  51.3000
  862 | 6.994 |  6.728 |   0.569 |  66.7667
  863 | 6.845 |  6.275 |   0.521 |  52.8000
  864 | 7.012 |  6.087 |   0.391 |  26.5333
  865 | 6.961 |  7.212 |   0.520 |  38.8667
  866 | 6.961 |  6.294 |   0.495 |  22.2333
  867 | 6.875 |  6.214 |   0.370 |  24.5333
  868 | 6.791 |  6.396 |   0.458 |  23.3000
  869 | 6.863 |  5.972 |   0.452 |  36.2333
  870 | 6.997 |  7.108 |   0.457 |  20.7000
  871 | 6.903 |  6.214 |   0.383 |  24.8667
  872 | 6.863 |  5.814 |   0.392 |  10.7667
  873 | 6.589 |  5.994 |   0.433 |  34.4667
  874 | 7.032 |  5.530 |   0.414 |  13.4667
  875 | 6.698 |  6.121 |   0.505 |   7.0333
  876 | 6.991 |  5.506 |   0.400 |  34.4333
  877 | 6.040 |  6.103 |   0.325 |  16.9667
  878 | 6.966 |  5.457 |   0.395 |  10.4667
  879 | 6.765 |  6.085 |   0.448 |  31.3667
  880 | 6.900 |  6.350 |   0.386 |  12.5000
  881 | 6.915 |  5.526 |   0.405 |  12.4667
  882 | 7.727 |  5.923 |   0.400 |  38.2000
  883 | 6.726 |  5.486 |   0.411 |  39.2000
  884 | 7.187 |  5.700 |   0.555 |  20.5000
  885 | 6.735 |  5.519 |   0.408 |  36.0667
  886 | 7.410 |  5.421 |   0.425 |  33.8000
  887 | 7.103 |  5.261 |   0.427 |  11.8667
  888 | 7.133 |  5.688 |   0.408 |  58.0667
  889 | 7.190 |  5.508 |   0.440 |  27.0000
  890 | 7.086 |  5.492 |   0.431 |  49.7333
  891 | 7.131 |  5.940 |   0.427 |  36.7667
  892 | 7.142 |  5.549 |   0.424 |  29.0000
  893 | 6.905 |  5.596 |   0.428 |  26.3667
  894 | 7.003 |  5.700 |   0.397 |  20.5333
  895 | 6.511 |  4.521 |   0.424 |  38.0333
  896 | 7.648 |  4.729 |   0.402 |  26.1000
  897 | 6.992 |  5.688 |   0.399 |   1.0667
  898 | 7.116 |  5.172 |   0.381 |  30.9667
  899 | 7.115 |  5.553 |   0.493 |  21.6667
  900 | 7.692 |  5.004 |   0.417 |  40.0000
  901 | 7.298 |  5.396 |   0.428 |  40.0000
  902 | 7.588 |  5.065 |   0.436 |   0.6000
  903 | 7.650 |  5.517 |   0.422 |  36.1000
  904 | 7.476 |  4.893 |   0.441 |  16.7667
  905 | 7.051 |  5.499 |   0.422 |   3.6333
  906 | 6.965 |  5.317 |   0.433 |  22.9000
  907 | 7.063 |  4.944 |   0.599 |  51.4667
  908 | 7.251 |  4.685 |   0.428 |  32.8667
  909 | 7.215 |  4.732 |   0.433 |   7.2333
  910 | 7.240 |  5.271 |   0.534 |  24.2667
  911 | 6.711 |  5.008 |   0.459 |  42.9667
  912 | 7.064 |  4.987 |   0.428 |  66.4000
  913 | 7.004 |  4.472 |   0.470 |  30.2333
  914 | 6.922 |  5.199 |   0.474 |  34.1333
  915 | 6.911 |  5.150 |   0.467 |  18.3000
  916 | 7.021 |  4.962 |   0.440 |   0.5333
  917 | 6.789 |  4.597 |   0.464 |  17.1333
  918 | 6.828 |  4.823 |   0.485 |  65.6667
  919 | 7.027 |  5.315 |   0.465 |  12.4000
  920 | 6.658 |  5.217 |   0.523 |  13.1000
  921 | 6.992 |  4.996 |   0.504 |  20.2333
  922 | 7.819 |  4.379 |   0.389 |  22.0667
  923 | 7.339 |  5.018 |   0.442 |  37.9667
  924 | 6.566 |  5.127 |   0.474 |  28.1000
  925 | 6.612 |  4.940 |   0.493 |  72.8333
  926 | 6.590 |  5.027 |   0.443 |  28.8333
  927 | 6.848 |  5.298 |   0.480 |  32.0333
  928 | 7.450 |  4.918 |   0.502 |   5.6333
  929 | 6.791 |  5.088 |   0.487 |  39.9000
  930 | 6.791 |  5.088 |   0.487 |  26.5333
  931 | 6.606 |  5.151 |   0.495 |  58.8000
  932 | 7.033 |  5.494 |   0.545 |  38.9667
  933 | 7.122 |  5.081 |   0.489 |  42.6333
  934 | 6.742 |  5.612 |   0.481 |  33.9000
  935 | 7.014 |  5.246 |   0.483 |  19.2333
  936 | 7.072 |  5.208 |   0.475 |  16.4000
  937 | 7.063 |  5.203 |   0.468 |  41.8000
  938 | 7.156 |  5.322 |   0.413 |   9.5667
  939 | 7.103 |  4.884 |   0.410 |  66.9000
  940 | 7.045 |  5.301 |   0.490 |   8.8000
  941 | 7.107 |  6.582 |   0.482 |  -0.4333
  942 | 6.737 |  5.249 |   0.405 |  10.5000
  943 | 6.931 |  5.281 |   0.460 |  17.3667
  944 | 6.997 |  5.609 |   0.411 |  33.4000
  945 | 7.653 |  6.070 |   0.493 |  24.7667
  946 | 6.906 |  5.307 |   0.582 |  28.8333
  947 | 6.824 |  5.320 |   0.475 |  15.0333
  948 | 7.568 |  6.414 |   0.519 |  32.3333
  949 | 7.566 |  6.411 |   0.519 |  25.5000
  950 | 6.887 |  5.450 |   0.448 |  32.9667
  951 | 6.911 |  5.188 |   0.383 |  34.3667
  952 | 7.127 |  5.377 |   0.410 |  30.8333
  953 | 7.008 |  5.381 |   0.378 |  29.2667
  954 | 7.154 |  6.348 |   0.438 |  46.4000
  955 | 7.109 |  6.137 |   0.370 |  24.4667
  956 | 7.538 |  6.137 |   0.374 |  19.4333
  957 | 7.170 |  5.826 |   0.379 |  35.7000
  958 | 7.098 |  5.867 |   0.328 |  23.3667
  959 | 7.031 |  5.928 |   0.374 |  18.8000
  960 | 7.031 |  5.928 |   0.374 |  16.8667
  961 | 7.031 |  5.928 |   0.374 |  21.8000
  962 | 7.031 |  5.928 |   0.373 |  13.8333
  963 | 7.010 |  6.245 |   0.383 |  33.8667
  964 | 7.010 |  6.245 |   0.383 |  34.7333
  965 | 7.460 |  5.972 |   0.360 |  28.7333
  966 | 7.460 |  6.158 |   0.360 |  -1.1667
  967 | 7.131 |  6.367 |   0.499 |  36.8000
  968 | 6.856 |  6.287 |   0.484 |  -4.7000
  969 | 7.065 |  5.672 |   0.396 |  27.4000
  970 | 7.172 |  6.476 |   0.483 |  41.4000
  971 | 7.335 |  5.812 |   0.369 |  48.2667
  972 | 7.132 |  5.909 |   0.441 |  40.8667
  973 | 7.185 |  5.896 |   0.378 |  23.1333
  974 | 7.194 |  5.673 |   0.443 |  29.5000
  975 | 7.486 |  6.069 |   0.454 |  45.8000
  976 | 7.250 |  6.108 |   0.398 |  11.8000
  977 | 7.470 |  5.311 |   0.402 |  15.4000
  978 | 7.214 |  5.968 |   0.452 |  26.0333
  979 | 7.567 |  6.242 |   0.353 |  34.6000
  980 | 7.241 |  7.322 |   0.430 |  42.5000
  981 | 7.731 |  6.160 |   0.415 |  22.5000
  982 | 7.897 |  6.282 |   0.381 |  44.9667
  983 | 7.583 |  6.080 |   0.558 |  51.7667
  984 | 7.585 |  5.889 |   0.509 |  30.6000
  985 | 7.596 |  6.014 |   0.532 |  47.5333
  986 | 7.442 |  6.238 |   0.368 |  52.3667
  987 | 7.386 |  6.199 |   0.372 |   9.2000
  988 | 7.527 |  5.257 |   0.378 |  43.9667
  989 | 6.988 |  6.045 |   0.373 |  21.1667
  990 | 7.734 |  5.761 |   0.426 |  44.0000
  991 | 7.493 |  6.024 |   0.401 |  45.3333
  992 | 7.493 |  6.024 |   0.401 |  56.0000
  993 | 7.696 |  5.969 |   0.414 |  16.9000
  994 | 7.380 |  5.979 |   0.368 |  32.2333
  995 | 7.395 |  5.944 |   0.366 |  47.3000
  996 | 7.951 |  6.054 |   0.432 |  24.8000
  997 | 7.663 |  5.964 |   0.427 |  12.7667
  998 | 7.599 |  6.147 |   0.409 |  47.1667
  999 | 7.771 |  5.972 |   0.415 |  40.3000
 1000 | 7.725 |  6.395 |   0.413 |  34.3000
 1001 | 7.777 |  6.347 |   0.423 |  51.4667
 1002 | 7.902 |  6.403 |   0.501 |  33.7667
 1003 | 7.858 |  6.348 |   0.454 |  23.1000
 1004 | 7.858 |  6.348 |   0.454 |  21.3333
 1005 | 7.769 |  6.279 |   0.407 |  40.6333
 1006 | 7.435 |  6.424 |   0.446 |  30.6000
 1007 | 7.794 |  6.171 |   0.436 |  28.2333
 1008 | 8.498 |  6.462 |   0.386 |  46.3667
 1009 | 7.762 |  6.309 |   0.499 |  23.5000
 1010 | 6.823 |  6.048 |   0.481 |  21.1333
 1011 | 7.642 |  6.514 |   0.448 |  34.2333
 1012 | 7.300 |  6.211 |   0.421 |  31.3000
 1013 | 7.367 |  7.242 |   0.447 |  24.9000
 1014 | 7.243 |  6.097 |   0.455 |  12.6667
 1015 | 7.378 |  6.475 |   0.372 |  -0.0000
 1016 | 7.208 |  6.397 |   0.422 |  30.6000
 1017 | 8.081 |  6.520 |   0.397 |  51.5667
 1018 | 7.814 |  6.229 |   0.364 |  35.9667
 1019 | 7.433 |  6.450 |   0.327 |   9.3000
 1020 | 7.595 |  6.356 |   0.343 |  13.0333
 1021 | 7.605 |  6.295 |   0.345 |  49.6000
 1022 | 7.834 |  6.168 |   0.433 |  53.6667
 1023 | 7.890 |  6.469 |   0.433 |  38.5000
 1024 | 7.890 |  6.469 |   0.433 |  21.8000
 1025 | 7.680 |  6.743 |   0.403 |  14.5667
 1026 | 7.828 |  6.251 |   0.346 |  23.4667
 1027 | 7.826 |  5.996 |   0.457 |  24.7000
 1028 | 7.828 |  5.930 |   0.468 |  26.9000
 1029 | 7.787 |  5.597 |   0.433 |  15.5000
 1030 | 7.799 |  5.714 |   0.440 |  36.0667
 1031 | 7.795 |  5.677 |   0.458 |  24.8333
 1032 | 7.808 |  5.767 |   0.431 |  13.9667
 1033 | 7.756 |  5.805 |   0.451 |  16.5000
 1034 | 7.766 |  5.896 |   0.369 |  33.4333
 1035 | 7.724 |  5.872 |   0.475 |  35.5667
 1036 | 7.723 |  5.953 |   0.450 |  16.4000
 1037 | 7.723 |  5.236 |   0.446 |  33.8667
 1038 | 7.675 |  5.748 |   0.457 |  32.4667
 1039 | 7.600 |  6.115 |   0.465 |  29.5667
 1040 | 7.694 |  5.994 |   0.463 |  17.7667
 1041 | 7.712 |  6.196 |   0.454 |  27.9333
 1042 | 7.796 |  4.727 |   0.493 |  39.9333
 1043 | 7.913 |  6.676 |   0.475 |  20.1667
 1044 | 7.817 |  6.638 |   0.393 |  40.4000
 1045 | 7.932 |  6.413 |   0.409 |  14.8667
 1046 | 8.558 |  7.044 |   0.470 |  51.6667
 1047 | 7.679 |  6.092 |   0.421 |  35.3333
 1048 | 7.542 |  5.800 |   0.419 |  35.0667
 1049 | 7.690 |  5.767 |   0.424 |  28.6333
 1050 | 7.812 |  6.931 |   0.473 |  32.8333
 1051 | 8.044 |  5.856 |   0.416 |  50.8333
 1052 | 8.121 |  5.531 |   0.424 |  10.9667
 1053 | 7.885 |  6.898 |   0.420 |  25.1000
 1054 | 7.840 |  6.790 |   0.458 |  28.3667
 1055 | 8.079 |  5.975 |   0.546 |  43.2667
 1056 | 8.506 |  6.237 |   0.420 |  45.5000
 1057 | 8.067 |  6.120 |   0.424 |  31.7333
 1058 | 7.665 |  5.858 |   0.463 |  67.3000
 1059 | 7.313 |  6.105 |   0.432 |  27.5000
 1060 | 7.953 |  6.049 |   0.635 |  20.2000
 1061 | 6.881 |  6.248 |   0.494 |  33.3667
 1062 | 6.881 |  6.248 |   0.494 |  24.1333
 1063 | 7.465 |  6.536 |   0.463 |  29.6333
 1064 | 7.421 |  6.043 |   0.421 |  20.5667
 1065 | 7.426 |  6.036 |   0.430 |  12.0667
 1066 | 7.922 |  6.294 |   0.431 |  30.9667
 1067 | 7.963 |  5.560 |   0.441 |  29.2333
 1068 | 7.884 |  5.980 |   0.447 |  38.9667
 1069 | 7.593 |  6.182 |   0.433 |  44.3333
 1070 | 7.737 |  6.043 |   0.439 |  16.3333
 1071 | 7.547 |  5.917 |   0.446 |  27.6333
 1072 | 7.547 |  5.917 |   0.446 |  49.6000
 1073 | 8.655 |  5.691 |   0.451 |  24.1667
 1074 | 7.809 |  5.611 |   0.462 |  26.9333
 1075 | 7.822 |  5.664 |   0.299 |  24.2333
 1076 | 7.726 |  5.782 |   0.405 |  51.8667
 1077 | 7.761 |  5.709 |   0.383 |  23.9667
 1078 | 7.787 |  5.698 |   0.376 |  44.6000
 1079 | 7.701 |  5.771 |   0.366 |  35.3333
 1080 | 7.705 |  5.772 |   0.382 |   9.6333
 1081 | 7.321 |  6.309 |   0.345 |  30.4333
 1082 | 7.595 |  6.485 |   0.363 |  31.6333
 1083 | 7.595 |  6.485 |   0.363 |  -0.3333
 1084 | 7.684 |  5.823 |   0.326 |  29.2333
 1085 | 7.621 |  6.010 |   0.253 |  33.6667
 1086 | 7.621 |  6.010 |   0.253 |  13.3333
 1087 | 8.316 |  6.130 |   0.330 |  32.5000
 1088 | 7.417 |  6.089 |   0.317 |  23.6000
 1089 | 8.013 |  6.123 |   0.279 |  -9.6333
 1090 | 7.923 |  6.238 |   0.319 |  -2.0667
 1091 | 7.695 |  6.143 |   0.255 |  -6.2667
 1092 | 7.930 |  6.228 |   0.298 |  22.5667
 1093 | 7.941 |  6.217 |   0.312 |  25.9333
 1094 | 7.994 |  6.490 |   0.275 |  35.9667
 1095 | 8.213 |  6.293 |   0.223 |   0.3333
 1096 | 8.081 |  6.100 |   0.271 |  21.5667
 1097 | 8.061 |  6.289 |   0.227 |  12.8000
 1098 | 7.239 |  5.704 |   0.272 |  14.9667
 1099 | 7.896 |  5.447 |   0.277 |  19.1333
 1100 | 7.450 |  5.706 |   0.331 |  21.1000
 1101 | 7.450 |  5.706 |   0.331 |  26.0000
 1102 | 7.827 |  5.833 |   0.410 |  40.2333
 1103 | 7.883 |  5.526 |   0.312 |  29.3333
 1104 | 7.891 |  5.394 |   0.259 |  42.6000
 1105 | 7.687 |  6.262 |   0.391 |  33.8000
 1106 | 7.394 |  5.754 |   0.412 |  20.9000
 1107 | 7.965 |  5.766 |   0.403 |  22.0333
 1108 | 7.876 |  5.925 |   0.433 |  34.6333
 1109 | 7.605 |  5.839 |   0.410 |  22.5000
 1110 | 7.810 |  5.850 |   0.402 |  26.7667
 1111 | 8.155 |  6.221 |   0.432 |  17.9000
 1112 | 7.834 |  5.667 |   0.393 |  39.7333
 1113 | 7.808 |  6.110 |   0.386 |  16.8000
 1114 | 8.033 |  6.014 |   0.397 |  31.1333
 1115 | 7.940 |  5.839 |   0.328 |  36.8000
 1116 | 8.193 |  5.430 |   0.339 |  53.6333
 1117 | 7.954 |  5.832 |   0.357 |  27.3333
 1118 | 7.930 |  6.341 |   0.383 |  29.4667
 1119 | 7.883 |  5.600 |   0.337 |  19.8333
 1120 | 7.583 |  5.993 |   0.365 |  17.6667
 1121 | 7.221 |  5.323 |   0.439 |  44.8000
 1122 | 7.753 |  5.911 |   0.487 |  23.4667
 1123 | 8.333 |  5.711 |   0.363 |   8.2333
 1124 | 7.622 |  6.081 |   0.428 |  39.5333
 1125 | 8.085 |  5.361 |   0.355 |  36.0000
 1126 | 7.423 |  5.954 |   0.414 |  13.7667
 1127 | 7.664 |  5.779 |   0.252 |  15.7667
 1128 | 7.395 |  5.596 |   0.331 |  15.2333
 1129 | 7.687 |  5.744 |   0.384 |  58.6000
 1130 | 7.930 |  5.668 |   0.377 |  50.2667
 1131 | 7.632 |  5.855 |   0.462 |  55.8667
 1132 | 7.610 |  5.843 |   0.389 |  56.3667
 1133 | 7.634 |  5.835 |   0.374 |  33.4333
 1134 | 7.623 |  5.839 |   0.383 |  25.6000
 1135 | 7.673 |  5.923 |   0.283 |   4.9000
 1136 | 7.659 |  5.900 |   0.311 |  20.1667
 1137 | 7.169 |  5.944 |   0.325 |  31.9667
 1138 | 7.730 |  5.728 |   0.289 |  33.0000
 1139 | 7.812 |  5.736 |   0.401 |  42.9000
 1140 | 7.104 |  6.230 |   0.333 |  11.2333
 1141 | 7.557 |  5.852 |   0.368 |  39.2000
 1142 | 7.534 |  6.354 |   0.353 |  21.2000
 1143 | 7.481 |  5.949 |   0.400 |  41.3667
 1144 | 8.023 |  6.047 |   0.446 |  18.8000
 1145 | 7.832 |  6.102 |   0.347 |  17.0000
 1146 | 7.179 |  5.881 |   0.359 |  32.0667
 1147 | 7.594 |  6.284 |   0.382 |  31.6333
 1148 | 7.291 |  6.046 |   0.384 |  17.1000
 1149 | 7.386 |  6.257 |   0.368 |  62.7000
 1150 | 6.877 |  5.637 |   0.345 |  40.2333
 1151 | 7.579 |  6.049 |   0.334 |  36.4000
 1152 | 8.310 |  6.038 |   0.359 |  17.9000
 1153 | 7.475 |  5.903 |   0.373 |  18.6333
 1154 | 7.475 |  5.903 |   0.373 |  26.3667
 1155 | 7.236 |  4.723 |   0.229 |  38.6667
 1156 | 6.814 |  5.929 |   0.360 |  57.5667
 1157 | 7.802 |  5.794 |   0.430 |  54.8000
 1158 | 7.395 |  5.633 |   0.353 |  29.7333
 1159 | 7.352 |  5.651 |   0.354 |  46.9667
 1160 | 6.767 |  6.007 |   0.367 |  45.3667
 1161 | 7.000 |  5.867 |   0.366 |  24.7333
 1162 | 6.997 |  6.861 |   0.366 |  12.6667
 1163 | 7.178 |  6.410 |   0.359 |  18.9000
 1164 | 7.434 |  6.535 |   0.366 |  43.5000
 1165 | 6.817 |  5.963 |   0.470 |  29.8000
 1166 | 7.187 |  6.164 |   0.495 |  24.5000
 1167 | 6.916 |  5.983 |   0.448 |  15.0000
 1168 | 6.568 |  6.529 |   0.394 |  43.4000
 1169 | 7.103 |  6.824 |   0.317 |  34.9000
 1170 | 7.174 |  5.783 |   0.388 |  17.2000
 1171 | 7.037 |  6.569 |   0.329 |  24.7667
 1172 | 7.380 |  6.355 |   0.400 |  36.7667
 1173 | 6.952 |  6.045 |   0.539 |  38.2333
 1174 | 7.310 |  6.360 |   0.399 |  75.0333
 1175 | 7.118 |  6.081 |   0.403 |  30.5333
 1176 | 7.317 |  6.294 |   0.495 |  21.5667
 1177 | 7.183 |  6.069 |   0.505 |  38.5000
 1178 | 7.313 |  5.142 |   0.505 |  14.6000
 1179 | 7.403 |  5.971 |   0.459 |  54.2667
 1180 | 7.337 |  6.133 |   0.415 |  39.6333
 1181 | 7.312 |  6.035 |   0.448 |  35.7667
 1182 | 7.307 |  5.646 |   0.438 |  25.7000
 1183 | 7.652 |  5.877 |   0.416 |  42.7000
 1184 | 7.311 |  5.659 |   0.414 |  38.9333
 1185 | 7.248 |  5.874 |   0.393 |  54.1000
 1186 | 7.449 |  5.888 |   0.415 |  24.4667
 1187 | 6.995 |  5.897 |   0.514 |  54.4667
 1188 | 6.981 |  5.822 |   0.426 |  41.9333
 1189 | 7.456 |  5.900 |   0.332 |   7.5667
 1190 | 7.514 |  6.021 |   0.345 |  45.3000
 1191 | 7.474 |  6.502 |   0.401 |  48.5333
 1192 | 7.474 |  6.502 |   0.401 |   8.1333
 1193 | 7.217 |  6.726 |   0.406 |  46.7333
 1194 | 7.359 |  6.272 |   0.407 |  16.9000
 1195 | 7.207 |  6.500 |   0.391 |  42.9667
 1196 | 7.207 |  6.500 |   0.391 |  29.2667
 1197 | 7.207 |  6.500 |   0.391 |  15.8000
 1198 | 7.962 |  6.363 |   0.395 |  45.4667
 1199 | 7.648 |  7.078 |   0.414 |  25.0333
 1200 | 8.138 |  6.557 |   0.400 |  45.6667
 1201 | 7.535 |  6.552 |   0.430 |  21.8000
 1202 | 7.531 |  6.553 |   0.427 |  36.7000
 1203 | 8.061 |  6.527 |   0.392 |  44.7667
 1204 | 6.884 |  6.512 |   0.397 |  68.6333
 1205 | 7.723 |  6.711 |   0.434 |  45.4333
 1206 | 7.745 |  6.411 |   0.406 |  57.2000
 1207 | 7.721 |  6.682 |   0.370 |  46.7000
 1208 | 8.380 |  6.531 |   0.415 |  12.2667
 1209 | 7.961 |  7.870 |   0.408 |  16.8333
 1210 | 8.242 |  7.277 |   0.396 |  26.8000
 1211 | 8.242 |  7.277 |   0.396 |  55.8000
 1212 | 8.046 |  6.673 |   0.600 |  63.8000
 1213 | 7.963 |  6.158 |   0.396 |  30.9333
 1214 | 8.140 |  6.330 |   0.406 |  39.5000
 1215 | 8.228 |  7.283 |   0.407 |  35.1000
 1216 | 8.376 |  7.629 |   0.419 |  13.5000
 1217 | 7.880 |  6.500 |   0.336 |  33.2333
 1218 | 8.196 |  6.242 |   0.326 |  15.6667
 1219 | 8.037 |  6.923 |   0.435 |  63.5333
 1220 | 8.126 |  6.733 |   0.418 |  20.4667
 1221 | 7.455 |  6.926 |   0.400 |  26.7333
 1222 | 7.895 |  6.969 |   0.419 |  41.8667
 1223 | 8.574 |  6.730 |   0.380 |  23.0667
 1224 | 8.284 |  6.946 |   0.417 |  14.6333
 1225 | 8.172 |  7.293 |   0.433 |  32.1333
 1226 | 7.978 |  7.699 |   0.440 |  53.0000
 1227 | 8.078 |  7.225 |   0.421 |  57.3333
 1228 | 7.880 |  7.253 |   0.427 |  33.9667
 1229 | 8.023 |  7.004 |   0.406 |  36.2333
 1230 | 7.880 |  7.253 |   0.372 |  64.3000
 1231 | 8.063 |  7.026 |   0.352 |  29.6333
 1232 | 8.191 |  7.080 |   0.435 |  32.7667
 1233 | 8.140 |  6.149 |   0.383 |  32.6667
 1234 | 7.975 |  6.762 |   0.371 |  38.9667
 1235 | 8.270 |  6.540 |   0.379 |  48.8333
 1236 | 8.226 |  6.720 |   0.370 |   9.7000
 1237 | 8.596 |  6.752 |   0.443 |  53.3333
 1238 | 8.502 |  6.579 |   0.407 |  22.1333
 1239 | 8.972 |  6.603 |   0.395 |  54.8333
 1240 | 8.486 |  6.749 |   0.503 |  16.8667
 1241 | 8.291 |  7.632 |   0.444 |  17.3667
 1242 | 9.000 |  6.763 |   0.417 |  53.5000
 1243 | 8.117 |  7.260 |   0.381 |  57.5333
 1244 | 8.257 |  7.443 |   0.441 |  30.2667
 1245 | 8.101 |  7.464 |   0.416 |  29.7000
 1246 | 8.182 |  6.958 |   0.407 |  79.6000
 1247 | 8.369 |  7.484 |   0.481 |  59.3333
 1248 | 8.168 |  7.266 |   0.398 |  30.2000
 1249 | 8.186 |  7.264 |   0.362 |  53.7667
 1250 | 8.185 |  7.546 |   0.381 |  32.9000
 1251 | 7.832 |  7.414 |   0.433 |  31.0333
 1252 | 8.453 |  7.370 |   0.397 |  32.5000
 1253 | 7.934 |  7.333 |   0.395 |  24.1667
 1254 | 8.648 |  7.530 |   0.420 |  51.4333
 1255 | 8.265 |  7.338 |   0.396 |  46.6333
 1256 | 8.432 |  7.411 |   0.409 |  37.5667
 1257 | 7.841 |  7.689 |   0.459 |  24.9667
 1258 | 8.309 |  7.855 |   0.404 |  46.6667
 1259 | 8.309 |  7.855 |   0.404 |  65.9667
 1260 | 8.024 |  7.144 |   0.394 | 102.2000
 1261 | 7.445 |  8.688 |   0.408 |  30.4667
 1262 | 8.290 |  8.163 |   0.375 |  18.7000
 1263 | 7.872 |  8.132 |   0.337 |  32.8000
 1264 | 7.737 |  7.769 |   0.484 |  31.5333
 1265 | 7.581 |  8.411 |   0.393 |  30.9000
 1266 | 7.774 |  7.984 |   0.388 |  25.1667
 1267 | 7.577 |  7.592 |   0.424 |  17.9667
 1268 | 7.908 |  8.493 |   0.390 |  37.7333
 1269 | 7.613 |  7.790 |   0.408 |  42.5667
 1270 | 7.946 |  7.621 |   0.412 |  22.7000
 1271 | 7.787 |  7.390 |   0.425 |  30.5000
 1272 | 7.974 |  7.701 |   0.393 |  16.7000
 1273 | 7.755 |  7.655 |   0.411 |  37.5667
 1274 | 7.845 |  7.515 |   0.413 |  41.5667
 1275 | 7.845 |  7.515 |   0.413 |  38.4333
 1276 | 7.790 |  8.045 |   0.412 |  12.3667
 1277 | 7.597 |  7.681 |   0.586 |  27.1000
 1278 | 8.064 |  7.670 |   0.445 |  15.2000
 1279 | 8.064 |  7.670 |   0.445 |  33.5667
 1280 | 7.928 |  7.676 |   0.394 |  73.8333
 1281 | 7.782 |  7.794 |   0.424 |  28.9333
 1282 | 7.795 |  7.780 |   0.431 |  20.3667
 1283 | 7.803 |  7.130 |   0.442 |  35.6000
 1284 | 8.056 |  8.448 |   0.430 |  72.3333
 1285 | 7.723 |  7.309 |   0.445 |  59.3333
 1286 | 7.694 |  7.451 |   0.433 |  28.5667
 1287 | 7.639 |  7.796 |   0.445 |  48.7000
 1288 | 7.840 |  7.257 |   0.404 |  33.6667
 1289 | 7.984 |  7.928 |   0.426 |  14.0667
 1290 | 8.252 |  7.754 |   0.428 |  35.2000
 1291 | 8.043 |  7.575 |   0.430 |  25.9667
 1292 | 8.003 |  8.146 |   0.431 |  31.1667
 1293 | 8.003 |  8.146 |   0.431 |  44.7667
 1294 | 7.969 |  7.785 |   0.442 |  41.5667
 1295 | 8.237 |  7.727 |   0.359 |  44.6000
 1296 | 7.965 |  7.400 |   0.447 |  27.9667
 1297 | 8.328 |  7.740 |   0.439 |  55.8667
 1298 | 8.089 |  7.539 |   0.427 |  15.9667
 1299 | 8.269 |  7.744 |   0.403 |  66.3333
 1300 | 8.250 |  7.741 |   0.403 |  74.4667
 1301 | 8.219 |  7.804 |   0.400 |  95.6333
 1302 | 8.809 |  8.278 |   0.429 |  48.8333
 1303 | 8.789 |  6.958 |   0.568 |  36.7333
 1304 | 7.966 |  7.305 |   0.521 |  40.1333
 1305 | 8.052 |  7.305 |   0.446 |  38.0667
 1306 | 8.146 |  7.092 |   0.424 |  22.6667
 1307 | 8.146 |  7.092 |   0.424 |  47.4667
 1308 | 7.939 |  7.577 |   0.408 |  32.6333
 1309 | 8.116 |  7.695 |   0.378 |  54.3333
 1310 | 8.511 |  7.824 |   0.423 |  25.8333
 1311 | 8.176 |  7.420 |   0.461 |  21.8333
 1312 | 8.105 |  7.299 |   0.473 |  29.9667
 1313 | 8.064 |  7.246 |   0.526 |  23.9667
 1314 | 8.674 |  7.527 |   0.477 |  46.7000
 1315 | 8.921 |  7.393 |   0.400 |  43.8333
 1316 | 9.000 |  7.273 |   0.429 |  42.3333
 1317 | 8.545 |  6.793 |   0.472 |  31.7000
 1318 | 8.344 |  7.280 |   0.379 |  53.9000
 1319 | 8.265 |  6.892 |   0.388 |  18.1000
 1320 | 8.714 |  7.799 |   0.391 |  55.4333
 1321 | 8.551 |  7.180 |   0.416 |  40.8333
 1322 | 8.585 |  7.489 |   0.388 |  12.3000
 1323 | 8.228 |  7.274 |   0.408 |  45.5000
 1324 | 8.645 |  7.540 |   0.397 |  51.5333
 1325 | 8.576 |  6.816 |   0.433 |  28.6000
 1326 | 8.592 |  6.254 |   0.431 |  34.8333
 1327 | 8.477 |  7.368 |   0.373 |  39.4667
 1328 | 8.519 |  7.035 |   0.384 |  36.6667
 1329 | 8.546 |  7.274 |   0.406 |  52.7000
 1330 | 8.706 |  7.312 |   0.414 |  25.0333
 1331 | 8.614 |  6.892 |   0.387 |  57.3667
 1332 | 7.851 |  7.721 |   0.427 |  17.9667
 1333 | 8.501 |  7.221 |   0.425 |  16.1667
 1334 | 8.309 |  7.102 |   0.403 |  33.9667
 1335 | 8.534 |  7.401 |   0.421 |   9.8000
 1336 | 8.611 |  7.618 |   0.663 |  46.9000
 1337 | 8.257 |  7.063 |   0.416 |  39.2667
 1338 | 8.450 |  7.399 |   0.536 |  52.8667
 1339 | 8.357 |  6.669 |   0.381 |  30.6667
 1340 | 8.349 |  6.836 |   0.384 |  30.3667
 1341 | 8.348 |  6.830 |   0.408 |  40.1333
 1342 | 8.406 |  6.890 |   0.393 |  28.1333
 1343 | 8.381 |  6.848 |   0.414 |  39.2000
 1344 | 8.537 |  7.024 |   0.465 |  42.7667
 1345 | 8.574 |  7.254 |   0.427 |  35.6000
 1346 | 8.223 |  7.387 |   0.433 |  13.4333
 1347 | 8.692 |  7.378 |   0.514 |  39.9000
 1348 | 8.367 |  7.328 |   0.498 |  15.1667
 1349 | 8.367 |  7.328 |   0.498 |  21.1000
 1350 | 8.304 |  7.048 |   0.517 |  42.1333
 1351 | 8.160 |  7.165 |   0.573 |  45.9667
 1352 | 8.361 |  7.126 |   0.469 |  11.8000
 1353 | 8.335 |  7.910 |   0.513 |  24.4667
 1354 | 8.159 |  7.076 |   0.590 |  31.6333
 1355 | 8.193 |  7.787 |   0.706 |  35.1333
 1356 | 8.188 |  7.213 |   0.547 |  42.2333
 1357 | 8.657 |  7.999 |   0.464 |  15.3667
 1358 | 8.630 |  7.972 |   0.469 |  62.2667
 1359 | 7.816 |  7.473 |   0.513 |  22.3667
 1360 | 8.799 |  7.850 |   0.492 |  14.3333
 1361 | 7.486 |  7.525 |   0.525 |  54.8000
 1362 | 8.252 |  5.992 |   0.419 |  37.3667
 1363 | 7.965 |  7.367 |   0.516 |   3.6000
 1364 | 8.425 |  7.941 |   0.522 |  32.3333
 1365 | 7.766 |  7.834 |   0.518 |  36.3333
 1366 | 7.680 |  7.884 |   0.410 |  27.0000
 1367 | 7.975 |  6.758 |   0.385 |  58.8667
 1368 | 7.949 |  7.514 |   0.387 |  55.2667
 1369 | 7.803 |  7.309 |   0.419 |  24.6333
 1370 | 7.794 |  7.569 |   0.435 |  57.4333
 1371 | 7.790 |  7.553 |   0.430 |  37.7000
 1372 | 8.008 |  7.056 |   0.392 |  49.4333
 1373 | 7.916 |  7.874 |   0.414 |  13.6333
 1374 | 8.153 |  7.587 |   0.406 |  27.7000
 1375 | 8.023 |  7.582 |   0.427 |  46.7667
 1376 | 7.894 |  7.705 |   0.340 |  20.3333
 1377 | 7.908 |  7.932 |   0.423 |  40.4667
 1378 | 7.721 |  7.745 |   0.417 |  18.6000
 1379 | 7.938 |  8.106 |   0.413 |  59.2667
 1380 | 7.940 |  7.595 |   0.419 |  36.3667
 1381 | 7.940 |  7.597 |   0.405 |  35.3000
 1382 | 7.801 |  7.924 |   0.403 |  30.8667
 1383 | 7.801 |  7.924 |   0.403 |  32.1333
 1384 | 8.529 |  7.655 |   0.421 |  23.9333
 1385 | 7.815 |  7.897 |   0.414 |   8.2667
 1386 | 8.028 |  7.846 |   0.409 |  26.0000
 1387 | 7.417 |  8.072 |   0.423 |  20.2333
 1388 | 8.153 |  7.805 |   0.446 |  30.1000
 1389 | 7.495 |  8.067 |   0.422 |  37.0000
 1390 | 7.961 |  8.319 |   0.439 |  41.8333
 1391 | 7.984 |  8.307 |   0.481 |  55.1333
 1392 | 7.974 |  8.341 |   0.421 |  37.3333
 1393 | 8.358 |  8.872 |   0.389 |  38.6000
 1394 | 8.042 |  7.921 |   0.403 |  23.3333
 1395 | 8.415 |  8.218 |   0.396 |  44.6000
 1396 | 8.260 |  9.095 |   0.398 |  43.2333
 1397 | 7.737 |  8.326 |   0.399 |  34.4000
 1398 | 8.100 |  8.618 |   0.449 |  33.2333
 1399 | 8.198 |  8.427 |   0.408 |  44.0000
 1400 | 8.090 |  8.570 |   0.471 |  42.6667
 1401 | 8.155 |  8.461 |   0.428 |  41.8667
 1402 | 8.125 |  8.538 |   0.451 |  36.2000
 1403 | 8.171 |  8.472 |   0.422 |  34.6000
 1404 | 8.147 |  8.658 |   0.451 |  47.7333
 1405 | 8.590 |  7.338 |   0.430 |  61.0000
 1406 | 8.187 |  9.410 |   0.539 |  49.9333
 1407 | 7.542 |  8.632 |   0.401 |  15.0333
 1408 | 7.975 |  7.879 |   0.442 |  12.3000
 1409 | 8.094 |  8.558 |   0.441 |   9.5000
 1410 | 8.094 |  8.558 |   0.441 |  27.9333
 1411 | 8.000 |  9.559 |   0.415 |  71.4333
 1412 | 8.000 |  9.559 |   0.415 |  25.6667
 1413 | 8.132 |  9.276 |   0.420 |  11.6000
 1414 | 8.026 |  8.453 |   0.451 |  35.5333
 1415 | 8.253 |  8.597 |   0.463 |  41.2000
 1416 | 7.944 |  8.781 |   0.438 |  46.4000
 1417 | 7.235 |  8.878 |   0.416 |  26.1667
 1418 | 7.796 |  9.474 |   0.434 |  37.7000
 1419 | 7.392 |  8.480 |   0.387 |  36.4333
 1420 | 8.315 |  8.414 |   0.417 |  35.5667
 1421 | 7.747 | 10.375 |   0.405 |  49.0667
 1422 | 7.596 |  8.789 |   0.409 |  66.9333
 1423 | 7.815 |  9.766 |   0.398 |  52.8667
 1424 | 7.561 |  9.809 |   0.440 |  18.5000
 1425 | 7.789 |  8.875 |   0.475 |  70.2667
 1426 | 7.811 |  8.824 |   0.468 |  70.3667
 1427 | 7.717 |  9.473 |   0.435 |  27.9333
 1428 | 7.803 |  9.413 |   0.338 |  27.6333
 1429 | 8.128 |  9.121 |   0.475 |  24.5000
 1430 | 8.225 |  9.173 |   0.342 |   8.1333
 1431 | 8.092 |  8.795 |   0.466 |  32.1000
 1432 | 7.663 |  9.476 |   0.482 |  57.0333
 1433 | 7.813 |  9.366 |   0.383 |  52.4667
 1434 | 7.880 | 10.448 |   0.420 |  36.3000
 1435 | 7.880 | 10.448 |   0.420 |  24.9333
 1436 | 8.182 | 10.157 |   0.380 |  16.4667
 1437 | 7.790 |  9.469 |   0.414 |  61.9333
 1438 | 7.824 | 10.159 |   0.437 |  49.0333
 1439 | 7.636 |  9.578 |   0.405 |  66.2333
 1440 | 7.949 |  9.895 |   0.414 |  18.6667
 1441 | 7.520 |  9.465 |   0.420 |  52.5333
 1442 | 7.824 | 10.801 |   0.322 |  13.6000
 1443 | 7.885 | 10.059 |   0.434 |  50.0000
 1444 | 8.004 |  9.690 |   0.429 |  69.9667
 1445 | 8.004 |  9.690 |   0.429 |  43.1667
 1446 | 8.005 |  9.756 |   0.423 |  21.4667
 1447 | 7.865 | 10.100 |   0.417 |  33.6333
 1448 | 7.998 |  9.882 |   0.422 |  44.1000
 1449 | 7.625 |  9.318 |   0.399 |  35.0333
 1450 | 7.977 |  9.886 |   0.422 |  39.7333
 1451 | 7.974 | 10.768 |   0.414 |  47.2667
 1452 | 7.861 |  9.748 |   0.401 |  35.2333
 1453 | 7.946 |  9.815 |   0.424 |  50.1000
 1454 | 7.843 | 11.250 |   0.417 |  30.2000
 1455 | 7.644 |  9.900 |   0.404 |  42.5000
 1456 | 7.792 | 10.250 |   0.418 |  23.6000
 1457 | 7.936 |  9.862 |   0.400 |  55.3333
 1458 | 7.921 |  9.833 |   0.392 |  35.4000
 1459 | 7.678 | 10.119 |   0.414 |  44.1333
 1460 | 7.683 | 10.129 |   0.416 |  25.1667
 1461 | 7.971 |  8.871 |   0.395 |  57.9333
 1462 | 7.863 | 10.835 |   0.505 |  21.3667
 1463 | 7.795 |  9.997 |   0.403 |  58.4000
 1464 | 8.126 | 10.224 |   0.457 |  66.4000
 1465 | 7.974 | 10.196 |   0.440 |  33.6667
 1466 | 8.027 | 10.387 |   0.473 |  45.9333
 1467 | 7.666 | 11.348 |   0.400 |  28.6000
 1468 | 7.817 | 10.508 |   0.454 |  45.0333
 1469 | 7.937 | 10.827 |   0.481 |  30.4333
 1470 | 7.937 | 10.827 |   0.481 |  20.8667
 1471 | 7.750 | 10.798 |   0.459 |  51.5000
 1472 | 7.999 | 10.948 |   0.478 |  29.6000
 1473 | 7.919 | 10.716 |   0.487 |  47.1667
 1474 | 7.910 | 10.667 |   0.525 |  40.0333
 1475 | 7.848 | 10.802 |   0.468 |  35.8667
 1476 | 7.872 | 10.685 |   0.483 |  33.8667
 1477 | 7.912 | 10.106 |   0.552 |  31.5000
 1478 | 7.792 | 10.600 |   0.533 |  30.3667
 1479 | 7.788 | 10.419 |   0.437 |  29.3667
 1480 | 7.946 | 10.320 |   0.542 |  37.1000
 1481 | 7.797 | 10.500 |   0.460 |  57.8667
 1482 | 7.712 | 10.805 |   0.493 |  31.9000
 1483 | 7.184 |  9.832 |   0.482 |  16.5667
 1484 | 7.674 | 10.277 |   0.459 |  39.9667
 1485 | 8.417 | 10.502 |   0.468 |  51.7667
 1486 | 8.015 | 10.158 |   0.459 |  29.2000
 1487 | 7.484 | 10.725 |   0.465 |  52.1333
 1488 | 7.534 | 10.667 |   0.461 |  43.7667
 1489 | 6.998 | 10.438 |   0.491 |  19.4667
 1490 | 7.044 | 10.438 |   0.478 |  68.8333
 1491 | 7.165 | 10.654 |   0.431 |  49.1667
 1492 | 7.359 | 10.547 |   0.439 |  64.1333
 1493 | 7.188 | 10.529 |   0.393 |  30.5667
 1494 | 7.063 | 10.834 |   0.414 |  44.8000
 1495 | 7.207 | 10.647 |   0.313 |   8.6667
 1496 | 7.062 | 10.975 |   0.395 |  26.9333
 1497 | 6.958 | 10.508 |   0.449 |  69.7000
 1498 | 6.989 | 10.220 |   0.372 |  29.0333
 1499 | 6.884 | 10.519 |   0.381 |  47.2000
 1500 | 7.003 | 10.598 |   0.394 |  52.7667
 1501 | 7.209 | 10.895 |   0.391 |  27.3333
 1502 | 7.044 | 10.677 |   0.388 |  67.7333
 1503 | 7.302 | 10.664 |   0.387 |  17.7000
 1504 | 6.939 |  9.145 |   0.471 |  55.1667
 1505 | 7.129 |  9.717 |   0.426 |  55.2333
 1506 | 7.270 | 10.057 |   0.434 |  53.1333
 1507 | 7.087 |  9.942 |   0.420 |  35.8333
 1508 | 7.246 | 11.257 |   0.419 |  17.9333
 1509 | 7.107 | 10.427 |   0.382 |  61.4667
 1510 | 7.070 | 10.142 |   0.418 |  76.5000
 1511 | 7.557 | 10.263 |   0.422 |  44.1667
 1512 | 7.043 | 10.138 |   0.444 |  40.9333
 1513 | 7.198 | 10.403 |   0.448 |  16.6333
 1514 | 7.243 | 10.085 |   0.391 |  59.7667
 1515 | 7.251 | 10.284 |   0.405 |  26.0000
 1516 | 7.149 | 10.033 |   0.375 |  31.3000
 1517 | 7.055 | 10.134 |   0.497 |  36.6667
 1518 | 7.139 | 10.091 |   0.386 |  34.1333
 1519 | 6.785 | 10.057 |   0.328 |  44.0667
 1520 | 7.134 | 10.149 |   0.398 |  25.7000
 1521 | 7.223 | 10.035 |   0.382 |  40.2333
 1522 | 7.144 | 10.146 |   0.524 |  35.3667
 1523 | 7.523 |  9.993 |   0.421 |  14.3333
 1524 | 7.254 | 10.078 |   0.391 |  55.0667
 1525 | 7.623 | 10.664 |   0.411 |  58.0000
 1526 | 7.319 | 10.123 |   0.399 |  45.5667
 1527 | 7.114 |  9.965 |   0.404 |  37.2000
 1528 | 7.326 |  9.972 |   0.391 |  40.1333
 1529 | 7.207 | 10.143 |   0.378 |  43.1333
 1530 | 7.005 | 10.010 |   0.388 |  52.0667
 1531 | 7.034 |  9.927 |   0.403 |  41.2000
 1532 | 6.958 |  9.972 |   0.395 |  46.5333
 1533 | 7.049 |  9.654 |   0.391 |  24.9333
 1534 | 7.164 | 10.041 |   0.398 |  26.5000
 1535 | 6.814 |  9.624 |   0.400 |  72.1000
 1536 | 7.225 |  9.405 |   0.395 |  54.7333
 1537 | 7.225 |  9.405 |   0.395 |  27.0667
 1538 | 6.957 |  9.331 |   0.391 |  52.1000
 1539 | 7.206 | 10.113 |   0.435 |  30.5000
 1540 | 7.245 |  9.749 |   0.457 |  41.9667
 1541 | 7.201 |  9.156 |   0.416 |  30.1667
 1542 | 7.021 |  9.266 |   0.407 |  43.4000
 1543 | 7.214 |  9.735 |   0.430 |  40.8000
 1544 | 7.101 |  9.512 |   0.402 |  54.1667
 1545 | 7.162 | 11.091 |   0.381 |  33.8333
 1546 | 7.163 |  9.833 |   0.401 |  45.0667
 1547 | 7.333 |  9.750 |   0.406 |  25.9667
 1548 | 7.471 |  9.636 |   0.457 |  20.0333
 1549 | 6.517 |  9.347 |   0.406 |  28.1333
 1550 | 7.820 |  9.315 |   0.447 |  23.1000
 1551 | 7.463 |  9.557 |   0.448 |  41.1333
 1552 | 6.913 |  9.519 |   0.440 |  56.4667
 1553 | 7.256 |  9.847 |   0.508 |   6.9333
 1554 | 6.978 |  9.087 |   0.507 |  43.5333
 1555 | 7.055 |  9.531 |   0.462 |  45.0000
 1556 | 7.333 |  9.508 |   0.525 |  36.0000
 1557 | 7.118 |  9.638 |   0.453 |  38.9000
 1558 | 7.118 |  9.638 |   0.453 |  21.0667
 1559 | 7.356 |  9.723 |   0.503 |  67.1667
 1560 | 7.354 |  8.578 |   0.476 |  20.8667
 1561 | 7.697 |  9.690 |   0.503 |  33.7333
 1562 | 7.388 |  9.382 |   0.484 |  32.3000
 1563 | 7.939 |  9.563 |   0.503 |  38.3667
 1564 | 7.468 |  8.888 |   0.479 |  44.8333
 1565 | 7.461 |  9.342 |   0.458 |  17.1000
 1566 | 7.461 |  9.314 |   0.459 |  21.5333
 1567 | 7.463 |  9.363 |   0.395 |  43.8333
 1568 | 7.695 |  9.208 |   0.461 |  13.0000
 1569 | 7.377 |  9.929 |   0.427 |  69.4333
 1570 | 7.463 |  9.433 |   0.450 |  35.2333
 1571 | 7.400 |  9.414 |   0.451 |  26.3667
 1572 | 6.984 |  9.506 |   0.418 |  27.1667
 1573 | 7.157 |  9.313 |   0.368 |  14.4333
 1574 | 7.014 | 10.223 |   0.311 |  17.1667
 1575 | 7.404 |  9.331 |   0.465 |  31.3333
 1576 | 7.341 |  9.467 |   0.435 |  20.5667
 1577 | 7.551 |  9.245 |   0.469 |  46.4333
 1578 | 7.207 |  9.110 |   0.422 |  35.6333
 1579 | 7.746 |  9.341 |   0.404 |  90.6333
 1580 | 6.993 |  9.836 |   0.422 |  49.1000
 1581 | 7.352 |  9.381 |   0.507 |  23.0667
 1582 | 7.260 |  9.832 |   0.441 |  86.5000
 1583 | 7.479 |  9.649 |   0.460 |  31.9667
 1584 | 7.750 |  9.061 |   0.350 |  33.1667
 1585 | 7.343 | 10.850 |   0.439 |  27.0667
 1586 | 7.197 |  9.730 |   0.589 |  32.6333
 1587 | 7.733 |  9.775 |   0.354 |  36.4000
 1588 | 7.605 |  9.711 |   0.392 |  40.2333
 1589 | 7.282 | 10.108 |   0.503 |   6.6667
 1590 | 7.268 |  9.928 |   0.562 |  36.0333
 1591 | 7.244 |  9.928 |   0.543 |  42.3000
 1592 | 7.384 |  9.742 |   0.426 |  41.7667
 1593 | 7.200 |  9.964 |   0.458 |  55.2000
 1594 | 7.697 |  9.987 |   0.486 |  40.1000
 1595 | 7.296 |  9.458 |   0.445 |  56.1667
 1596 | 7.315 |  9.560 |   0.453 |  27.8667
 1597 | 7.503 |  9.650 |   0.490 |  26.7333
 1598 | 7.563 |  9.657 |   0.438 |  32.4667
 1599 | 7.719 |  9.749 |   0.476 |  26.7333
 1600 | 7.590 |  9.675 |   0.446 |  43.7333
 1601 | 7.590 |  9.675 |   0.446 |  47.6667
 1602 | 7.489 |  9.722 |   0.485 |  85.5000
 1603 | 7.389 |  9.648 |   0.483 |  48.8667
 1604 | 7.489 |  9.722 |   0.373 |  46.8000
 1605 | 7.542 |  9.041 |   0.456 |  36.7667
 1606 | 7.513 |  9.715 |   0.415 |  42.8667
 1607 | 6.948 |  9.917 |   0.364 |  34.5333
 1608 | 7.400 |  9.576 |   0.444 |  57.5667
 1609 | 7.327 |  9.513 |   0.423 |  25.8333
 1610 | 7.327 |  9.513 |   0.423 |  37.5667
 1611 | 7.282 | 10.328 |   0.400 |  56.9333
 1612 | 7.209 |  9.615 |   0.465 |  41.4333
 1613 | 7.051 | 10.053 |   0.498 |  56.3333
 1614 | 7.092 |  9.527 |   0.429 |  46.4000
 1615 | 7.202 | 10.020 |   0.466 |  42.2333
 1616 | 7.355 |  9.847 |   0.431 |  58.9667
 1617 | 6.975 | 10.017 |   0.458 |  58.1000
 1618 | 7.255 | 10.046 |   0.469 |  63.2667
 1619 | 7.129 | 10.003 |   0.463 |  45.4667
 1620 | 7.142 |  9.862 |   0.428 |  33.4333
 1621 | 7.154 | 10.096 |   0.566 |  46.1333
 1622 | 7.151 | 10.110 |   0.563 |  38.8333
 1623 | 7.144 | 10.651 |   0.431 |  18.6000
 1624 | 7.312 | 10.093 |   0.444 |   7.3667
 1625 | 7.296 |  9.982 |   0.452 |  25.3667
 1626 | 6.821 | 10.304 |   0.440 |  42.0000
 1627 | 6.929 | 10.443 |   0.437 |  32.8333
 1628 | 7.542 | 10.408 |   0.450 |  39.0667
 1629 | 7.300 | 10.393 |   0.453 |  26.4667
 1630 | 7.196 | 10.554 |   0.468 |  34.5000
 1631 | 7.348 | 10.452 |   0.462 |  30.8333
 1632 | 7.200 | 10.548 |   0.468 |  73.7667
 1633 | 7.207 | 10.426 |   0.478 |  36.3667
 1634 | 7.309 | 11.452 |   0.448 |  65.9333
 1635 | 6.955 | 10.239 |   0.397 |  25.1333
 1636 | 6.970 | 10.235 |   0.369 |  38.3667
 1637 | 7.008 | 10.235 |   0.378 |  59.4000
 1638 | 7.073 | 10.282 |   0.439 |  37.0333
 1639 | 7.045 | 10.262 |   0.412 |  57.2667
 1640 | 7.045 | 10.262 |   0.412 |  61.8333
 1641 | 6.955 | 10.498 |   0.447 |  32.1667
 1642 | 6.881 |  9.959 |   0.405 |  40.5333
 1643 | 6.965 | 10.055 |   0.289 |  38.5667
 1644 | 6.576 | 10.307 |   0.446 |  40.7000
 1645 | 6.768 | 10.394 |   0.414 |  27.5667
 1646 | 7.545 |  9.781 |   0.436 |  66.5333
 1647 | 6.903 |  9.770 |   0.423 |  30.3000
 1648 | 6.813 | 10.122 |   0.416 |  73.8000
 1649 | 7.212 | 10.089 |   0.394 |  54.5667
 1650 | 6.892 | 10.129 |   0.442 |  27.8333
 1651 | 7.164 | 10.056 |   0.421 |   2.8333
 1652 | 7.142 | 10.085 |   0.479 |  22.5667
 1653 | 7.215 |  9.923 |   0.434 |  59.2333
 1654 | 6.784 | 10.121 |   0.362 |  25.5333
 1655 | 6.651 | 10.264 |   0.447 |  24.9667
 1656 | 6.837 | 10.368 |   0.520 |  63.3667
 1657 | 7.366 |  9.645 |   0.356 |  20.7667
 1658 | 7.286 | 10.302 |   0.370 |  32.3333
 1659 | 7.415 |  9.942 |   0.398 |  52.8333
 1660 | 7.262 | 11.072 |   0.341 |  18.2667
 1661 | 7.338 | 10.725 |   0.378 |  24.6667
 1662 | 7.503 | 10.242 |   0.383 |  50.4333
 1663 | 6.960 | 10.384 |   0.377 |  64.5667
 1664 | 7.418 | 10.416 |   0.380 |  47.6667
 1665 | 7.352 | 10.392 |   0.384 |  51.4000
 1666 | 6.957 | 10.425 |   0.360 |  34.6000
 1667 | 7.161 | 10.528 |   0.308 |  15.9333
 1668 | 7.123 | 10.365 |   0.379 |  30.5000
 1669 | 7.190 | 10.428 |   0.378 |  50.3667
 1670 | 7.246 | 10.434 |   0.477 |  32.0667
 1671 | 7.174 |  9.886 |   0.410 |  38.7333
 1672 | 7.475 | 10.485 |   0.416 |  26.8667
 1673 | 7.067 | 10.821 |   0.431 |  71.9000
 1674 | 7.234 | 11.143 |   0.393 |  25.9000
 1675 | 7.008 | 11.498 |   0.427 |  47.0333
 1676 | 7.922 | 10.616 |   0.400 |  46.4667
 1677 | 7.810 | 10.567 |   0.411 |  43.9333
 1678 | 6.989 | 10.759 |   0.414 |  40.3667
 1679 | 7.640 | 10.741 |   0.359 |  44.3000
 1680 | 7.709 | 10.710 |   0.435 |  60.4333
 1681 | 7.588 | 10.692 |   0.437 |  17.7667
 1682 | 7.058 | 11.317 |   0.435 |  35.1000
 1683 | 7.292 | 11.082 |   0.429 |  49.8667
 1684 | 6.967 | 10.931 |   0.448 |  31.2667
 1685 | 7.151 | 11.398 |   0.421 |  40.4000
 1686 | 7.194 | 10.047 |   0.434 |  21.5667
 1687 | 7.073 |  9.700 |   0.436 |  36.6667
 1688 | 7.199 | 10.990 |   0.441 |  53.9333
 1689 | 7.177 | 10.515 |   0.469 |  24.6333
 1690 | 7.180 | 11.062 |   0.437 |  26.0667
 1691 | 7.097 | 11.260 |   0.441 |  11.3667
 1692 | 7.152 | 11.609 |   0.440 |  28.5333
 1693 | 7.165 | 11.095 |   0.410 |  51.4667
 1694 | 6.771 | 11.332 |   0.414 |  39.6667
 1695 | 7.274 | 11.084 |   0.412 |  51.9333
 1696 | 7.495 | 11.779 |   0.468 |  52.0000
 1697 | 6.801 | 11.274 |   0.410 |  80.6667
 1698 | 7.422 | 11.589 |   0.419 |  63.8667
 1699 | 7.343 | 11.310 |   0.470 |  41.5333
 1700 | 6.847 | 11.454 |   0.415 |  27.2000
 1701 | 7.346 | 11.248 |   0.345 |  46.2333
 1702 | 7.070 | 10.811 |   0.405 |  18.4667
 1703 | 7.366 | 11.089 |   0.503 |  32.0667
 1704 | 6.913 | 11.712 |   0.384 |  56.1333
 1705 | 7.558 | 11.279 |   0.434 |  28.7000
 1706 | 7.501 | 11.317 |   0.443 |  36.2000
 1707 | 7.312 | 11.806 |   0.416 |  46.3333
 1708 | 7.021 | 11.712 |   0.409 |  74.9333
 1709 | 7.021 | 11.712 |   0.409 |  40.0667
 1710 | 6.776 | 11.738 |   0.407 |  51.5333
 1711 | 7.781 | 11.567 |   0.344 |  31.3000
 1712 | 8.129 | 11.349 |   0.431 |  45.3667
 1713 | 7.994 | 11.420 |   0.431 |  43.6000
 1714 | 7.994 | 11.420 |   0.431 |  41.5333
 1715 | 8.496 | 12.000 |   0.392 |  21.4667
 1716 | 7.924 | 11.442 |   0.467 |  51.7000
 1717 | 7.801 | 11.766 |   0.391 |  46.8333
 1718 | 7.808 | 11.701 |   0.399 |  51.9667
 1719 | 7.836 | 11.471 |   0.427 |  51.8667
 1720 | 7.636 | 11.276 |   0.400 |  25.8333
 1721 | 7.791 | 11.496 |   0.428 |  30.4667
 1722 | 8.101 | 11.777 |   0.411 |  58.6000
 1723 | 7.713 | 11.503 |   0.415 |  59.6333
 1724 | 7.423 | 10.766 |   0.416 |  65.6667
 1725 | 7.957 | 11.560 |   0.315 |  35.2667
 1726 | 7.896 | 11.523 |   0.426 |  31.8333
 1727 | 7.867 | 11.511 |   0.432 |  35.8667
 1728 | 8.041 | 11.209 |   0.491 |  39.2000
 1729 | 7.952 | 11.346 |   0.481 |  38.9333
 1730 | 7.550 | 11.548 |   0.409 |  57.1000
 1731 | 7.757 | 11.510 |   0.515 |  44.0333
 1732 | 7.862 | 11.663 |   0.450 |  72.2333
 1733 | 7.763 | 11.529 |   0.508 |  35.5667
 1734 | 7.360 | 11.299 |   0.439 |  76.9000
 1735 | 7.834 | 11.671 |   0.495 |  21.5667
 1736 | 7.807 | 11.342 |   0.448 |  32.8667
 1737 | 7.914 | 10.934 |   0.525 |  41.4667
 1738 | 8.052 | 11.418 |   0.447 |  32.5333
 1739 | 8.052 | 11.418 |   0.447 |  39.5333
 1740 | 8.052 | 11.418 |   0.447 |  26.4667
 1741 | 7.912 | 11.194 |   0.482 |  27.6000
 1742 | 7.914 | 11.216 |   0.550 |  21.7667
 1743 | 7.925 | 11.093 |   0.450 |  51.7667
 1744 | 8.015 | 10.865 |   0.491 |  27.3333
 1745 | 7.904 | 11.510 |   0.434 |  55.2333
 1746 | 8.133 | 11.483 |   0.493 |  30.9667
 1747 | 7.873 | 10.985 |   0.484 |  52.9667
 1748 | 7.757 | 11.430 |   0.401 |  43.1333
 1749 | 7.796 | 11.004 |   0.472 |  12.9667
 1750 | 7.703 | 11.075 |   0.477 |  27.5000
 1751 | 7.626 | 11.260 |   0.542 |  41.8333
 1752 | 8.114 | 11.292 |   0.460 |  49.3667
 1753 | 7.579 | 10.839 |   0.434 |  31.5000
 1754 | 7.264 | 11.199 |   0.528 |  59.3000
 1755 | 7.951 | 10.420 |   0.454 |  43.9333
 1756 | 7.563 | 10.706 |   0.365 |  45.5333
 1757 | 8.232 | 10.865 |   0.411 |  34.9333
 1758 | 7.548 | 10.784 |   0.391 |  74.2667
 1759 | 7.513 | 10.901 |   0.458 |  43.0000
 1760 | 7.896 | 10.725 |   0.504 |  42.7333
 1761 | 7.540 | 11.056 |   0.379 |  30.2000
 1762 | 7.677 | 10.881 |   0.411 |  53.1000
 1763 | 7.812 | 10.769 |   0.422 |  80.4333
 1764 | 7.710 | 10.931 |   0.419 |  70.6333
 1765 | 7.774 | 10.526 |   0.397 |  14.0000
 1766 | 7.684 | 10.749 |   0.383 |  10.5667
 1767 | 7.759 | 11.076 |   0.471 |  44.6000
 1768 | 7.722 | 10.641 |   0.429 |  41.9333
 1769 | 7.928 | 10.675 |   0.456 |  68.0333
 1770 | 7.873 | 10.979 |   0.477 |  17.2667
 1771 | 7.856 |  9.890 |   0.494 |  51.2000
 1772 | 7.844 |  9.996 |   0.384 |  42.5667
 1773 | 7.544 | 10.952 |   0.459 |  30.1000
 1774 | 7.766 | 10.279 |   0.389 |  38.3667
 1775 | 7.508 | 10.723 |   0.419 |  41.9667
 1776 | 7.579 | 10.744 |   0.415 |  42.5000
 1777 | 7.975 | 10.927 |   0.415 |  41.3667
 1778 | 7.738 | 10.071 |   0.409 |  17.2667
 1779 | 8.009 | 10.768 |   0.490 |  32.6333
 1780 | 7.641 |  9.820 |   0.407 |  10.9667
 1781 | 8.128 | 10.135 |   0.487 |  35.8333
 1782 | 8.169 | 10.185 |   0.469 |  55.4667
 1783 | 7.909 | 10.532 |   0.466 |  24.5333
 1784 | 7.963 | 10.388 |   0.498 |  28.7667
 1785 | 8.019 | 10.542 |   0.433 |  34.0333
 1786 | 7.991 | 10.424 |   0.527 |  39.4333
 1787 | 7.953 | 10.362 |   0.504 |  51.0000
 1788 | 8.077 | 10.128 |   0.435 |  40.9000
 1789 | 8.105 |  9.993 |   0.402 |  36.0000
 1790 | 7.948 | 10.100 |   0.436 |  51.6667
 1791 | 8.051 | 10.200 |   0.411 |  20.3000
 1792 | 8.109 | 10.661 |   0.420 |  55.5000
 1793 | 7.598 | 10.572 |   0.482 |  25.3667
 1794 | 8.581 | 10.270 |   0.399 |  30.2667
 1795 | 7.797 | 10.365 |   0.434 |  66.1667
 1796 | 7.903 | 10.574 |   0.438 |  53.3000
 1797 | 8.119 | 10.188 |   0.465 |  38.2000
 1798 | 7.953 | 10.300 |   0.383 |  35.6333
 1799 | 7.955 | 10.279 |   0.457 |   7.2667
 1800 | 7.942 | 10.196 |   0.390 |  47.0667
 1801 | 7.792 | 10.436 |   0.410 |  57.4333
 1802 | 7.960 | 10.265 |   0.400 |  54.8667
 1803 | 7.960 | 10.265 |   0.400 |  49.3000
 1804 | 8.212 |  9.771 |   0.377 |  24.8333
 1805 | 8.109 |  9.763 |   0.376 |  36.0667
 1806 | 8.066 | 10.601 |   0.436 |  36.5333
 1807 | 8.142 | 10.352 |   0.463 |  35.4667
 1808 | 8.110 |  9.909 |   0.438 |  33.5667
 1809 | 8.113 | 10.167 |   0.535 |  20.3333
 1810 | 8.096 | 10.038 |   0.379 |  32.3000
 1811 | 7.949 | 10.362 |   0.525 |  62.3667
 1812 | 8.160 |  9.486 |   0.593 |  24.1000
 1813 | 8.075 | 10.164 |   0.521 |  20.0667
 1814 | 8.028 |  8.910 |   0.515 |  25.4333
 1815 | 8.144 | 10.216 |   0.412 |  35.4333
 1816 | 7.771 | 10.198 |   0.442 |  -0.0667
 1817 | 7.771 | 10.198 |   0.442 |  52.4667
 1818 | 8.037 | 10.051 |   0.486 |  58.4333
 1819 | 7.819 |  9.881 |   0.525 |  43.5000
 1820 | 7.618 | 10.144 |   0.522 |  27.3000
 1821 | 7.618 | 10.144 |   0.522 |  35.9000
 1822 | 7.895 |  9.125 |   0.610 |  29.9000
 1823 | 7.677 | 10.134 |   0.393 |  25.7667
 1824 | 7.707 |  9.982 |   0.543 |  27.8000
 1825 | 7.648 |  9.986 |   0.564 |  58.8667
 1826 | 7.783 |  9.986 |   0.564 |  39.9333
 1827 | 7.740 | 10.312 |   0.570 |  57.7667
 1828 | 7.757 | 10.016 |   0.410 |  20.3000
 1829 | 7.753 | 10.015 |   0.375 |  42.5000
 1830 | 7.749 | 10.028 |   0.557 |  30.8333
 1831 | 8.156 |  9.204 |   0.447 |  70.0333
 1832 | 7.865 |  9.589 |   0.416 |  17.4333
 1833 | 7.991 |  9.458 |   0.415 |  59.6000
 1834 | 7.535 |  9.364 |   0.448 |  63.0333
 1835 | 7.535 |  9.364 |   0.448 |  31.7333
 1836 | 7.678 |  9.416 |   0.438 |  13.8000
 1837 | 7.616 |  9.393 |   0.442 |  49.2667
 1838 | 7.709 | 10.281 |   0.452 |  51.9000
 1839 | 8.119 |  9.701 |   0.439 |  54.1333
 1840 | 7.681 | 10.098 |   0.438 |  59.3000
 1841 | 7.695 | 10.023 |   0.439 |  43.3667
 1842 | 7.891 |  9.489 |   0.466 |  44.0333
 1843 | 7.791 |  9.347 |   0.466 |  33.5000
 1844 | 7.348 |  9.046 |   0.375 |  42.7667
 1845 | 7.630 |  9.056 |   0.436 |  56.0000
 1846 | 7.855 |  9.640 |   0.441 |  28.5667
 1847 | 6.904 |  9.435 |   0.421 |  64.0333
 1848 | 7.887 |  9.483 |   0.417 |  28.9333
 1849 | 7.279 |  9.452 |   0.466 |  41.2667
 1850 | 8.538 | 10.152 |   0.411 |  55.5667
 1851 | 7.759 |  9.717 |   0.419 |  65.8000
 1852 | 7.875 |  9.711 |   0.464 |  36.1333
 1853 | 8.226 |  9.945 |   0.413 |  47.3667
 1854 | 8.354 |  9.745 |   0.432 |  36.5000
 1855 | 6.745 |  9.850 |   0.438 |  55.5333
 1856 | 7.035 |  9.753 |   0.434 |  51.8000
 1857 | 7.898 |  9.316 |   0.441 |  31.5000
 1858 | 6.895 |  9.827 |   0.362 |  24.9333
 1859 | 8.170 |  9.811 |   0.436 |  17.6000
 1860 | 7.615 |  9.437 |   0.411 |  63.4667
 1861 | 7.214 |  9.525 |   0.423 |  40.3000
 1862 | 7.860 |  9.592 |   0.470 |  37.5000
 1863 | 7.460 |  9.625 |   0.420 |  60.4333
 1864 | 7.460 |  9.536 |   0.420 |  14.6667
 1865 | 7.237 |  9.576 |   0.435 |  68.1000
 1866 | 7.309 |  9.530 |   0.453 |  26.4667
 1867 | 6.922 |  9.774 |   0.415 |  48.2667
 1868 | 7.243 |  9.894 |   0.373 |  28.7667
 1869 | 7.097 |  9.708 |   0.375 |  23.3667
 1870 | 7.103 |  9.659 |   0.445 |  19.1333
 1871 | 7.612 |  9.794 |   0.385 |  34.8000
 1872 | 7.075 |  9.831 |   0.381 |  32.1333
 1873 | 7.229 |  9.449 |   0.421 |  15.1333
 1874 | 7.148 |  9.777 |   0.389 |  40.1667
 1875 | 7.266 |  9.485 |   0.417 |  48.7333
 1876 | 7.173 | 10.253 |   0.407 |  40.7667
 1877 | 6.914 |  9.684 |   0.408 |  45.3333
 1878 | 7.010 |  9.896 |   0.408 |  54.9667
 1879 | 6.923 |  9.786 |   0.408 |  41.9667
 1880 | 7.170 | 10.300 |   0.382 |  62.4667
 1881 | 6.873 |  9.760 |   0.407 |  57.8667
 1882 | 7.068 |  9.831 |   0.390 |  39.3667
 1883 | 6.856 |  9.683 |   0.395 |  49.9000
 1884 | 6.585 |  9.760 |   0.395 |  51.3667
 1885 | 6.825 | 10.551 |   0.354 |  67.7333
 1886 | 7.056 | 10.194 |   0.366 |  72.3667
 1887 | 6.964 |  9.815 |   0.382 |  30.5333
 1888 | 6.927 |  9.996 |   0.387 |  50.3333
 1889 | 7.291 | 10.013 |   0.388 |  55.0667
 1890 | 7.415 | 10.359 |   0.368 |  77.9333
 1891 | 6.887 |  9.896 |   0.392 |  37.3333
 1892 | 7.857 |  9.497 |   0.370 |  38.8333
 1893 | 7.077 | 10.061 |   0.395 |  48.6667
 1894 | 5.952 |  9.978 |   0.409 |  30.3667
 1895 | 6.979 |  9.918 |   0.425 |  48.5000
 1896 | 6.911 |  9.953 |   0.416 |  41.4333
 1897 | 6.919 |  9.959 |   0.415 |  28.7000
 1898 | 6.919 |  9.959 |   0.415 |  70.5000
 1899 | 6.976 | 10.069 |   0.416 |  33.3000
 1900 | 7.273 |  8.789 |   0.414 |  66.3000
 1901 | 7.416 |  9.566 |   0.373 |  36.8667
 1902 | 7.371 |  9.573 |   0.425 |  55.1667
 1903 | 7.306 |  9.594 |   0.379 |  72.0000
 1904 | 6.997 |  9.542 |   0.424 |  39.7667
 1905 | 7.020 |  9.551 |   0.582 |  42.2000
 1906 | 7.074 |  9.788 |   0.624 |  74.2667
 1907 | 6.973 |  9.131 |   0.511 |   8.5000
 1908 | 7.006 |  9.780 |   0.423 |  64.6667
 1909 | 7.986 |  9.970 |   0.491 |  12.5333
 1910 | 7.262 |  9.653 |   0.493 |  44.5000
 1911 | 6.934 |  8.738 |   0.497 |  75.5000
 1912 | 7.137 |  9.612 |   0.435 |  83.7667
 1913 | 7.171 |  9.570 |   0.533 |  41.6667
 1914 | 7.694 |  9.619 |   0.456 |  37.4667
 1915 | 7.285 |  9.815 |   0.431 |  28.4667
 1916 | 7.507 |  9.722 |   0.503 |  34.6333
 1917 | 7.599 |  9.764 |   0.498 |  51.8667
 1918 | 7.187 |  9.671 |   0.511 |  41.5333
 1919 | 6.595 |  9.157 |   0.511 |  60.6667
 1920 | 7.902 |  9.939 |   0.556 |  33.7667
 1921 | 7.340 |  9.952 |   0.434 |  22.6333
 1922 | 6.883 |  9.279 |   0.489 |  24.6000
 1923 | 7.334 |  9.780 |   0.437 |  34.5333
 1924 | 7.392 |  9.770 |   0.484 |  41.8667
 1925 | 7.086 |  9.464 |   0.482 |  37.0667
 1926 | 7.263 |  9.603 |   0.462 |  25.0000
 1927 | 7.092 |  9.437 |   0.475 |  39.9667
 1928 | 7.468 | 10.293 |   0.440 |  53.0667
 1929 | 7.526 |  9.663 |   0.456 |  18.6000
 1930 | 7.224 |  9.683 |   0.477 |  46.9333
 1931 | 7.069 |  9.787 |   0.537 |  37.1000
 1932 | 7.389 | 10.500 |   0.452 |  21.3667
 1933 | 7.396 | 10.186 |   0.458 |  32.7333
 1934 | 7.345 | 10.108 |   0.467 |   1.7000
 1935 | 7.191 |  9.933 |   0.492 |  47.6333
 1936 | 7.300 | 10.085 |   0.588 |  52.9667
 1937 | 7.224 |  9.941 |   0.502 |  44.3333
 1938 | 7.258 | 10.054 |   0.481 |  20.5000
 1939 | 7.561 | 10.931 |   0.473 |  38.2667
 1940 | 7.316 | 10.355 |   0.408 |  38.8667
 1941 | 7.245 |  9.997 |   0.571 |  24.2000
 1942 | 6.798 |  9.566 |   0.466 |  46.4667
 1943 | 7.935 | 10.664 |   0.476 |  25.6333
 1944 | 7.252 | 10.169 |   0.439 |  36.4333
 1945 | 7.362 | 10.276 |   0.441 |  43.1333
 1946 | 7.377 | 10.906 |   0.454 |  36.7333
 1947 | 7.290 | 10.276 |   0.432 |   9.4333
 1948 | 7.289 | 10.228 |   0.447 |  59.1333
 1949 | 7.301 | 10.236 |   0.446 |  41.4000
 1950 | 7.401 | 10.340 |   0.409 |  47.7333
 1951 | 7.069 | 11.181 |   0.431 |  37.2333
 1952 | 7.307 |  9.964 |   0.446 |  34.3667
 1953 | 7.419 |  9.131 |   0.446 |  42.2333
 1954 | 7.419 |  9.131 |   0.446 |  38.2000
 1955 | 7.137 | 10.423 |   0.433 |  48.5000
 1956 | 7.405 |  9.601 |   0.416 |  42.4667
 1957 | 7.458 |  9.610 |   0.414 |  19.6000
 1958 | 7.201 | 10.250 |   0.424 |  41.3333
 1959 | 7.655 |  9.564 |   0.419 |  33.9667
 1960 | 7.888 |  9.809 |   0.400 |  35.7667
 1961 | 7.614 | 10.166 |   0.419 |  42.7000
 1962 | 7.696 | 10.177 |   0.389 |  65.2333
 1963 | 7.706 | 10.134 |   0.401 |  64.6333
 1964 | 7.067 | 10.072 |   0.398 |  58.5333
 1965 | 7.587 |  9.835 |   0.419 |  56.3000
 1966 | 7.987 |  9.788 |   0.399 |  85.5667
 1967 | 7.340 |  9.948 |   0.406 |  28.7333
 1968 | 6.927 | 10.011 |   0.424 |  39.8000
 1969 | 7.954 |  9.255 |   0.427 |  35.0333
 1970 | 8.018 | 10.582 |   0.462 |  44.7667
 1971 | 8.112 | 10.105 |   0.409 |  66.0000
 1972 | 7.205 |  9.354 |   0.466 |  22.1000
 1973 | 7.430 |  9.198 |   0.418 |  30.0667
 1974 | 8.028 | 10.184 |   0.417 |  21.0667
 1975 | 7.128 |  9.313 |   0.525 |  49.3000
 1976 | 7.461 |  9.395 |   0.491 |  47.0333
 1977 | 7.781 |  9.531 |   0.377 |  27.0333
 1978 | 7.586 |  9.168 |   0.426 |  25.1667
 1979 | 7.743 |  9.549 |   0.422 |  26.3667
 1980 | 7.665 |  9.740 |   0.255 |  36.7667
 1981 | 7.587 |  9.396 |   0.386 |  40.2667
 1982 | 7.295 | 10.034 |   0.412 |  43.5667
 1983 | 7.295 | 10.034 |   0.412 |  39.3333
 1984 | 7.627 |  9.455 |   0.350 |  78.7667
 1985 | 7.606 |  9.612 |   0.430 |  35.9667
 1986 | 7.483 |  9.354 |   0.391 |  31.6667
 1987 | 7.529 |  9.447 |   0.353 |  57.6000
 1988 | 7.066 |  9.428 |   0.365 |  45.9333
 1989 | 7.409 |  9.226 |   0.385 |  31.4667
 1990 | 7.301 |  9.405 |   0.399 |  21.0667
 1991 | 7.350 |  9.584 |   0.379 |  42.3000
 1992 | 7.538 |  9.951 |   0.389 |  50.1000
 1993 | 7.396 | 10.544 |   0.276 |  29.0000
 1994 | 7.427 |  9.554 |   0.357 |  22.1667
 1995 | 7.157 |  9.468 |   0.369 |  37.5333
 1996 | 7.418 |  9.376 |   0.322 |  67.8667
 1997 | 7.452 | 10.248 |   0.339 |  11.3667
 1998 | 8.004 | 10.053 |   0.379 |  42.9667
 1999 | 8.004 | 10.053 |   0.379 |  49.2333
 2000 | 7.477 |  9.974 |   0.369 |  28.7000
 2001 | 7.477 |  9.973 |   0.369 |  49.3667
 2002 | 7.745 |  9.927 |   0.375 |  57.7000
 2003 | 7.619 |  8.962 |   0.462 |  48.2000
 2004 | 6.921 |  9.723 |   0.399 |  40.3333
 2005 | 7.558 |  9.864 |   0.450 |  38.8333
 2006 | 7.662 |  9.788 |   0.444 |  56.8333
 2007 | 7.043 | 10.070 |   0.363 |  26.8333
 2008 | 7.487 |  9.957 |   0.410 |  45.7667
 2009 | 7.060 |  9.847 |   0.368 |  64.2333
 2010 | 7.310 |  9.959 |   0.423 |  11.7000
 2011 | 7.477 |  9.792 |   0.392 |  30.5000
 2012 | 7.321 |  9.877 |   0.436 |  62.1333
 2013 | 6.696 | 10.195 |   0.309 |  52.2667
 2014 | 6.635 |  9.936 |   0.393 |  39.1000
 2015 | 6.645 |  9.934 |   0.394 |  58.5333
 2016 | 7.138 | 10.002 |   0.398 |  46.0667
 2017 | 7.763 |  9.135 |   0.509 |  47.7000
 2018 | 7.364 |  9.943 |   0.568 |  21.4667
 2019 | 7.651 |  9.321 |   0.615 |  48.3000
 2020 | 7.215 | 10.518 |   0.410 |  29.4000
 2021 | 6.809 | 10.289 |   0.367 |  39.1000
 2022 | 6.809 | 10.289 |   0.367 |  49.3333
 2023 | 6.856 | 10.513 |   0.433 |  76.9667
 2024 | 6.998 | 10.292 |   0.495 |  34.6333
 2025 | 6.799 | 10.330 |   0.425 |  63.1667
 2026 | 6.867 | 10.287 |   0.505 |  64.2667
 2027 | 6.939 | 10.399 |   0.411 |  56.5000
 2028 | 6.932 | 10.258 |   0.488 |  35.5000
 2029 | 6.834 | 10.291 |   0.340 |  32.5333
 2030 | 6.834 | 10.142 |   0.434 |  42.8667
 2031 | 6.948 | 10.203 |   0.439 |  25.2333
 2032 | 7.286 | 10.137 |   0.401 |  67.1333
 2033 | 6.825 | 10.366 |   0.367 |  56.0333
 2034 | 6.825 | 10.366 |   0.367 |  47.0667
 2035 | 6.834 | 10.952 |   0.399 |  46.8333
 2036 | 6.963 | 10.690 |   0.368 |  31.2333
 2037 | 7.727 | 10.637 |   0.392 |  28.9667
 2038 | 6.801 | 10.975 |   0.388 |  49.3333
 2039 | 7.447 | 10.384 |   0.381 |  25.5000
 2040 | 7.283 | 10.332 |   0.381 |  67.2667
 2041 | 7.433 | 10.132 |   0.398 |  60.2333
 2042 | 7.146 |  9.964 |   0.475 |  59.3333
 2043 | 7.831 | 10.153 |   0.465 |  52.6333
 2044 | 7.830 | 10.220 |   0.415 |  27.4000
 2045 | 7.377 | 10.381 |   0.402 |  47.5667
 2046 | 6.888 | 10.159 |   0.430 |  49.1000
 2047 | 7.372 | 10.532 |   0.404 |  37.5667
 2048 | 7.283 | 10.164 |   0.414 |  11.8667
 2049 | 7.050 | 10.518 |   0.372 |  42.6333
 2050 | 7.050 | 10.518 |   0.372 |  33.3667
 2051 | 6.863 | 10.589 |   0.340 |  44.6667
 2052 | 6.984 | 11.037 |   0.331 |  60.9667
 2053 | 7.207 | 10.427 |   0.396 |  67.5333
 2054 | 7.650 | 10.353 |   0.456 |  65.3000
 2055 | 7.100 | 10.896 |   0.401 |  59.5333
 2056 | 7.244 | 10.871 |   0.396 |  60.5333
 2057 | 7.366 | 10.821 |   0.436 |  70.9000
 2058 | 7.364 | 11.140 |   0.423 |  56.9667
 2059 | 7.275 | 10.685 |   0.436 |   9.3000
 2060 | 7.197 | 10.756 |   0.405 |  55.5333
 2061 | 7.096 | 11.160 |   0.407 |  48.5667
 2062 | 7.230 | 12.000 |   0.407 |  31.6333
 2063 | 7.645 | 10.861 |   0.269 |  34.8667
 2064 | 6.781 | 10.847 |   0.539 |  50.5333
 2065 | 7.253 | 10.908 |   0.428 |  42.7333
 2066 | 6.728 | 11.513 |   0.526 |  53.8333
 2067 | 7.112 | 10.441 |   0.404 |  28.0333
 2068 | 7.112 | 10.441 |   0.404 |  98.3000
 2069 | 7.165 | 10.364 |   0.390 |  54.6667
 2070 | 7.261 | 10.737 |   0.396 |  37.0000
 2071 | 7.877 | 10.533 |   0.261 |  51.2667
 2072 | 7.345 | 10.382 |   0.457 |  34.7333
 2073 | 6.704 | 10.326 |   0.376 |  38.7667
 2074 | 7.216 | 10.328 |   0.475 |  40.4333
 2075 | 7.057 | 10.427 |   0.368 |  32.4333
 2076 | 7.542 | 10.787 |   0.431 |  50.9667
 2077 | 7.458 | 10.402 |   0.364 |  38.7667
 2078 | 7.374 | 10.350 |   0.373 |  36.6000
 2079 | 7.625 | 11.161 |   0.329 |  40.1667
 2080 | 7.543 | 11.336 |   0.366 |  63.5333
 2081 | 7.479 | 10.679 |   0.358 |  43.9333
 2082 | 7.101 | 11.621 |   0.329 |  50.1000
 2083 | 7.136 | 10.867 |   0.367 |  34.0333
 2084 | 7.316 | 10.718 |   0.408 |  52.9667
 2085 | 7.278 | 10.481 |   0.356 |  50.9000
 2086 | 7.214 | 11.098 |   0.365 |  62.3667
 2087 | 7.408 | 11.676 |   0.406 |  47.9667
 2088 | 7.517 | 11.204 |   0.386 |  44.9333
 2089 | 7.238 | 11.366 |   0.367 |  27.3333
 2090 | 7.128 | 10.285 |   0.432 |  30.7333
 2091 | 7.378 | 10.855 |   0.447 |  32.1333
 2092 | 7.287 | 11.185 |   0.382 |  43.3333
 2093 | 7.223 | 11.305 |   0.396 |  26.1333
 2094 | 7.305 | 11.237 |   0.398 |  25.5333
 2095 | 7.250 | 11.124 |   0.349 |  28.9333
 2096 | 7.310 | 11.207 |   0.383 |  55.0000
 2097 | 6.653 | 11.239 |   0.379 |  56.7000
 2098 | 7.014 | 11.216 |   0.374 |  22.6000
 2099 | 7.503 | 11.144 |   0.400 |  67.3333
 2100 | 7.504 | 11.075 |   0.508 |  40.5667
 2101 | 7.722 | 11.211 |   0.407 |  39.0000
 2102 | 7.419 | 11.391 |   0.388 |  32.8333
 2103 | 7.662 | 11.166 |   0.407 |  78.4667
 2104 | 7.550 | 10.669 |   0.407 |  72.2000
 2105 | 7.550 | 10.669 |   0.407 |  32.2333
 2106 | 7.640 | 10.805 |   0.417 |  13.8667
 2107 | 7.432 | 10.757 |   0.395 |  34.2667
 2108 | 7.441 | 11.236 |   0.397 |  51.8333
 2109 | 7.424 | 11.167 |   0.381 |  78.4000
 2110 | 7.805 | 10.101 |   0.396 |  57.9667
 2111 | 7.387 | 10.848 |   0.384 |  81.4667
 2112 | 7.471 | 10.451 |   0.382 |  38.1333
 2113 | 7.471 | 10.451 |   0.382 |  44.2000
 2114 | 7.463 | 10.867 |   0.364 |  46.1333
 2115 | 7.425 | 10.558 |   0.383 |  31.7000
 2116 | 7.448 | 10.679 |   0.402 |  40.9667
 2117 | 7.541 | 10.919 |   0.370 |  45.8000
 2118 | 7.355 | 10.829 |   0.427 |  25.6667
 2119 | 7.524 | 10.687 |   0.376 |  50.3333
 2120 | 7.544 | 10.912 |   0.421 |  58.3333
 2121 | 7.657 | 10.518 |   0.377 |  53.6333
 2122 | 7.470 | 10.697 |   0.390 |  27.4333
 2123 | 7.563 | 11.192 |   0.362 |  41.3667
 2124 | 7.592 | 11.447 |   0.369 |  76.1000
 2125 | 7.515 | 11.277 |   0.370 |  51.8667
 2126 | 7.535 | 10.804 |   0.393 |  54.5667
 2127 | 7.473 | 11.139 |   0.384 |  29.6333
 2128 | 6.571 | 10.998 |   0.365 |  37.3667
 2129 | 8.002 | 10.979 |   0.388 |  59.0000
 2130 | 7.433 | 10.897 |   0.371 |  35.8333
 2131 | 7.808 | 10.968 |   0.377 |   7.1333
 2132 | 7.592 | 11.533 |   0.410 |  39.9333
 2133 | 7.925 | 11.107 |   0.388 |  74.4667
 2134 | 7.346 | 10.876 |   0.376 |  23.7667
 2135 | 7.975 | 11.504 |   0.409 |  58.0667
 2136 | 7.715 | 11.169 |   0.390 |  39.4667
 2137 | 7.807 | 11.339 |   0.400 |  28.0000
 2138 | 7.518 | 11.227 |   0.374 |  30.4667
 2139 | 8.045 | 10.716 |   0.464 |  56.9333
 2140 | 7.661 | 11.236 |   0.370 |  32.1000
 2141 | 7.997 | 10.659 |   0.458 |  51.0000
 2142 | 8.278 | 11.500 |   0.409 |  38.5000
 2143 | 7.845 | 11.348 |   0.384 |  60.4000
 2144 | 7.654 | 11.577 |   0.435 |  31.0667
 2145 | 7.716 | 11.499 |   0.416 |  54.8667
 2146 | 7.770 | 11.422 |   0.409 |  35.4000
 2147 | 7.597 | 11.847 |   0.387 |  24.8333
 2148 | 7.618 | 10.689 |   0.405 |  26.4667
 2149 | 7.376 | 11.648 |   0.386 |  28.5667
 2150 | 7.808 | 11.497 |   0.341 |  41.1000
 2151 | 8.228 | 11.513 |   0.491 |  25.7333
 2152 | 7.808 | 11.497 |   0.329 |  49.3000
 2153 | 7.879 | 11.420 |   0.324 |  72.3000
 2154 | 7.044 | 11.571 |   0.383 |  65.9667
 2155 | 7.802 | 11.489 |   0.343 |  25.8333
 2156 | 7.813 | 11.433 |   0.329 |  38.0667
 2157 | 7.759 | 11.193 |   0.353 |  31.7000
 2158 | 7.769 | 11.372 |   0.343 |  67.1667
 2159 | 8.105 | 11.125 |   0.354 |  54.3000
 2160 | 8.453 | 11.099 |   0.339 |  42.8000
 2161 | 7.337 | 11.490 |   0.427 |  78.6333
 2162 | 7.337 | 11.490 |   0.427 |  27.1333
 2163 | 7.773 | 11.351 |   0.390 |  66.7333
 2164 | 7.815 | 10.411 |   0.422 |  49.3667
 2165 | 8.377 | 11.346 |   0.328 |  37.2000
 2166 | 7.470 | 10.228 |   0.376 |  54.8667
 2167 | 7.734 | 11.172 |   0.389 |  65.7000
 2168 | 7.200 | 11.031 |   0.374 |  49.2667
 2169 | 7.540 | 10.407 |   0.265 |  29.2333
 2170 | 7.209 | 10.989 |   0.377 |  38.9667
 2171 | 7.321 | 10.805 |   0.407 |  41.6667
 2172 | 7.408 | 10.768 |   0.394 |  57.6000
 2173 | 7.417 | 10.716 |   0.390 |  61.5000
 2174 | 7.412 | 10.594 |   0.388 |  75.1667
 2175 | 7.668 | 11.055 |   0.350 |  27.0333
 2176 | 7.277 | 10.561 |   0.357 |  35.6000
 2177 | 7.472 | 10.686 |   0.385 |  32.9667
 2178 | 7.383 | 11.201 |   0.373 |  63.1333
 2179 | 7.341 | 10.930 |   0.343 |  45.9333
 2180 | 7.484 | 10.454 |   0.360 |  41.5333
 2181 | 7.355 | 11.198 |   0.377 |  24.4000
 2182 | 7.776 | 10.755 |   0.358 |  19.4333
 2183 | 7.623 | 10.764 |   0.341 |  44.8000
 2184 | 7.642 | 10.886 |   0.359 |  46.0000
 2185 | 7.503 | 10.809 |   0.464 |  45.4333
 2186 | 7.434 | 10.962 |   0.366 |  60.5333
 2187 | 7.606 | 11.133 |   0.432 |  57.0667
 2188 | 7.871 | 10.568 |   0.383 |  64.4333
 2189 | 7.820 | 10.932 |   0.402 |  32.3333
 2190 | 7.804 | 10.898 |   0.480 |  39.5333
 2191 | 7.006 | 10.828 |   0.402 |  35.0000
 2192 | 7.168 | 10.841 |   0.402 |  23.7333
 2193 | 7.764 | 11.573 |   0.458 |  35.1667
 2194 | 7.759 | 10.977 |   0.465 |  45.8333
 2195 | 8.200 | 11.291 |   0.431 |  41.3333
 2196 | 7.907 | 10.938 |   0.466 |  52.7667
 2197 | 8.081 | 11.273 |   0.431 |  55.4333
 2198 | 7.770 | 11.382 |   0.447 |  35.5000
 2199 | 7.869 | 10.604 |   0.442 |  73.5333
 2200 | 7.859 | 11.137 |   0.420 |  44.2000
 2201 | 7.822 | 11.127 |   0.451 |  34.2333
 2202 | 7.761 | 11.101 |   0.457 |  26.1333
 2203 | 7.803 | 11.168 |   0.429 |  93.9333
 2204 | 8.085 | 11.095 |   0.457 |  39.3333
 2205 | 7.414 | 10.894 |   0.390 |  45.9667
 2206 | 7.464 | 10.853 |   0.534 |  38.6667
 2207 | 7.937 | 10.876 |   0.456 |  47.3333
 2208 | 8.314 | 10.758 |   0.453 |  75.5333
 2209 | 7.780 | 10.789 |   0.417 |  46.5333
 2210 | 7.591 | 10.652 |   0.372 |  36.8000
 2211 | 7.893 | 11.345 |   0.386 |  19.4333
 2212 | 8.227 | 10.860 |   0.452 |  42.1000
 2213 | 7.976 | 10.897 |   0.410 |  40.3000
 2214 | 7.952 | 11.159 |   0.411 |  30.0333
 2215 | 7.980 | 10.708 |   0.520 |  40.6667
 2216 | 8.193 | 10.728 |   0.412 |  64.5333
 2217 | 8.026 | 10.694 |   0.490 |  62.2333
 2218 | 8.063 | 10.188 |   0.484 |  38.7333
 2219 | 8.136 | 10.934 |   0.481 |  50.5000
 2220 | 8.201 | 11.227 |   0.440 |  31.7000
 2221 | 8.176 | 10.936 |   0.482 |  22.5667
 2222 | 8.250 | 10.818 |   0.470 |  37.0333
 2223 | 8.181 | 10.907 |   0.402 |  54.0333
 2224 | 8.222 | 10.907 |   0.423 |  64.6667
 2225 | 8.433 | 10.825 |   0.477 |  35.4000
 2226 | 8.170 | 11.342 |   0.427 |  72.0667
 2227 | 8.083 | 11.128 |   0.453 |  29.8667
 2228 | 8.143 | 11.127 |   0.463 |  34.5667
 2229 | 8.325 | 10.739 |   0.466 |  54.9333
 2230 | 8.304 | 10.856 |   0.445 |  30.3667
 2231 | 8.135 | 11.039 |   0.564 |  48.0667
 2232 | 8.571 | 10.263 |   0.517 |  53.3000
 2233 | 8.626 | 11.144 |   0.458 |  57.3000
 2234 | 8.706 | 11.040 |   0.455 |  47.8667
 2235 | 8.426 | 11.037 |   0.408 |  33.3667
 2236 | 8.425 | 10.764 |   0.463 |  24.7333
 2237 | 8.414 | 10.831 |   0.445 |  68.5333
 2238 | 8.439 | 10.519 |   0.469 |  40.1000
 2239 | 8.800 | 11.214 |   0.455 |  60.7000
 2240 | 8.788 | 10.880 |   0.490 |  42.3333
 2241 | 8.801 | 10.690 |   0.463 |  22.4667
 2242 | 8.733 | 10.572 |   0.435 |  64.5667
 2243 | 8.815 | 10.682 |   0.441 |  89.3000
 2244 | 8.904 | 11.274 |   0.438 |  23.1333
 2245 | 8.831 | 10.757 |   0.442 |  45.9667
 2246 | 8.701 | 10.954 |   0.447 |  54.2333
 2247 | 8.686 | 11.051 |   0.541 |  39.6333
 2248 | 8.813 | 11.000 |   0.395 |  28.1333
 2249 | 8.812 | 10.999 |   0.396 |  23.0667
 2250 | 8.673 | 11.036 |   0.319 |  48.5667
 2251 | 8.791 | 10.971 |   0.492 |  62.1333
 2252 | 8.840 | 10.925 |   0.441 |  29.5333
 2253 | 8.913 | 11.562 |   0.321 |  19.2667
 2254 | 8.600 | 11.042 |   0.353 |  40.7000
 2255 | 8.409 | 10.723 |   0.470 |  42.2667
 2256 | 8.788 | 10.977 |   0.420 |  50.1667
 2257 | 8.358 | 10.218 |   0.402 |  59.8667
 2258 | 8.691 | 10.993 |   0.518 |  63.8000
 2259 | 9.000 | 11.260 |   0.375 |  33.2000
 2260 | 8.851 | 11.215 |   0.499 |  39.2000
 2261 | 8.449 | 10.497 |   0.476 |  54.9333
 2262 | 8.634 | 10.849 |   0.408 |  62.9333
 2263 | 8.447 | 11.145 |   0.377 |  47.3333
 2264 | 8.698 | 10.988 |   0.409 |  45.5667
 2265 | 8.675 | 10.993 |   0.388 |  54.3333
 2266 | 8.695 | 10.989 |   0.406 |  44.1333
 2267 | 8.645 | 10.856 |   0.422 |  47.2000
 2268 | 8.007 | 10.695 |   0.342 |  64.6000
 2269 | 8.827 | 10.499 |   0.415 |  34.0000
 2270 | 8.658 | 11.450 |   0.443 |  59.4333
 2271 | 9.000 | 10.659 |   0.438 |  51.4000
 2272 | 8.824 | 10.610 |   0.430 |  65.6667
 2273 | 8.947 | 10.605 |   0.443 |  58.8667
 2274 | 8.058 | 11.114 |   0.424 |  39.5333
 2275 | 8.724 | 11.549 |   0.452 |  63.2333
 2276 | 8.480 | 10.179 |   0.422 |  59.0333
 2277 | 8.621 | 10.689 |   0.458 |  24.7000
 2278 | 8.493 | 11.091 |   0.476 |  51.1333
 2279 | 8.672 | 11.021 |   0.349 |  27.8667
 2280 | 8.336 | 11.091 |   0.476 |  46.6667
 2281 | 8.645 | 10.549 |   0.413 |  73.3000
 2282 | 7.966 | 11.199 |   0.517 |  48.6000
 2283 | 7.991 | 11.393 |   0.515 |  45.7667
 2284 | 8.928 | 11.597 |   0.455 |  69.5000
 2285 | 8.545 | 11.422 |   0.468 |   8.3667
 2286 | 8.602 | 11.513 |   0.448 |  26.1667
 2287 | 8.609 | 11.493 |   0.467 |  27.3667
 2288 | 8.784 | 11.660 |   0.468 |  35.9333
 2289 | 8.877 | 11.663 |   0.289 |  21.6667
 2290 | 8.836 | 11.636 |   0.326 |  19.8667
 2291 | 8.677 | 11.551 |   0.402 |  33.3000
 2292 | 9.000 | 11.352 |   0.403 |  35.5000
 2293 | 8.646 | 11.083 |   0.509 |  37.5333
 2294 | 9.000 | 11.352 |   0.446 |  46.9000
 2295 | 8.551 | 11.039 |   0.502 |  38.5333
 2296 | 8.585 | 11.249 |   0.450 |  62.7333
 2297 | 8.039 | 10.670 |   0.432 |  40.8667
 2298 | 8.112 | 10.769 |   0.433 |  71.6667
 2299 | 8.743 | 11.638 |   0.464 |  67.4667
 2300 | 8.729 | 11.599 |   0.459 |  53.9333
 2301 | 8.729 | 11.599 |   0.459 |  37.9333
 2302 | 8.593 | 11.610 |   0.468 |   8.3000
 2303 | 8.423 | 11.582 |   0.454 |  33.6333
 2304 | 8.593 | 11.567 |   0.455 |  36.3667
 2305 | 8.521 | 11.883 |   0.443 |  35.8000
 2306 | 8.510 | 11.586 |   0.454 |  40.7000
 2307 | 8.347 | 11.487 |   0.459 |  46.1667
 2308 | 8.349 | 11.448 |   0.563 |  40.2333
 2309 | 8.351 | 11.489 |   0.475 |  83.1333
 2310 | 8.453 | 11.416 |   0.536 |  23.8667
 2311 | 8.506 | 11.475 |   0.475 |  69.0000
 2312 | 8.506 | 11.475 |   0.475 |  64.3000
 2313 | 8.366 | 11.484 |   0.444 |  40.8000
 2314 | 8.190 | 11.533 |   0.471 |  43.1000
 2315 | 8.382 | 11.562 |   0.487 |  55.9667
 2316 | 8.727 | 10.041 |   0.502 |  63.1333
 2317 | 8.391 | 11.458 |   0.496 |  46.5000
 2318 | 8.107 | 11.630 |   0.500 |  49.2333
 2319 | 8.069 | 11.244 |   0.436 |  33.0667
 2320 | 8.483 | 11.724 |   0.461 |  54.6667
 2321 | 8.041 | 11.771 |   0.553 |  65.8000
 2322 | 7.889 | 11.790 |   0.490 |  32.9667
 2323 | 7.525 | 11.657 |   0.503 |  37.5667
 2324 | 8.448 | 11.863 |   0.534 |  45.9000
 2325 | 8.029 | 11.676 |   0.542 |  46.7000
 2326 | 8.022 | 11.920 |   0.583 |  20.8000
 2327 | 7.826 | 11.710 |   0.437 |  74.4333
 2328 | 8.377 | 11.574 |   0.491 |  10.4000
 2329 | 7.674 | 11.906 |   0.438 |  59.3667
 2330 | 7.985 | 11.668 |   0.446 |  46.4667
 2331 | 7.985 | 11.668 |   0.446 |  71.0000
 2332 | 7.806 | 11.719 |   0.409 |  38.2667
 2333 | 7.839 | 11.680 |   0.329 |  41.0667
 2334 | 7.435 | 11.518 |   0.406 |  72.2000
 2335 | 8.346 | 11.891 |   0.389 |  72.8000
 2336 | 8.346 | 11.891 |   0.389 |  44.7333
 2337 | 7.985 | 11.768 |   0.418 |  49.0333
 2338 | 8.080 | 11.822 |   0.411 |  48.6000
 2339 | 8.292 | 11.951 |   0.395 |  54.1333
 2340 | 8.395 | 11.185 |   0.408 |  73.4667
 2341 | 8.059 | 10.588 |   0.539 |  47.5333
 2342 | 8.217 | 11.044 |   0.405 |  57.7333
 2343 | 8.236 | 11.987 |   0.511 |  17.4000
 2344 | 8.326 | 11.508 |   0.372 |  19.6333
 2345 | 8.292 | 11.092 |   0.455 |  24.2667
 2346 | 8.273 | 11.731 |   0.431 |  45.4667
 2347 | 8.410 | 11.815 |   0.402 |  36.9333
 2348 | 8.297 | 11.339 |   0.367 |  75.0000
 2349 | 8.019 | 11.298 |   0.403 |  50.1333
 2350 | 8.139 | 10.921 |   0.428 |  77.3333
 2351 | 7.350 | 11.320 |   0.443 |  25.7000
 2352 | 7.821 | 11.329 |   0.437 |  39.7333
 2353 | 8.423 | 11.162 |   0.402 |  37.8000
 2354 | 8.037 | 11.108 |   0.413 |  17.2333
 2355 | 8.149 | 11.224 |   0.398 |  24.4667
 2356 | 7.924 | 11.162 |   0.382 |  14.1667
 2357 | 8.000 | 10.802 |   0.399 |  46.5000
 2358 | 8.846 | 10.508 |   0.428 |  43.7000
 2359 | 8.104 | 11.257 |   0.396 |  56.0333
 2360 | 8.219 |  9.827 |   0.382 |  58.6333
 2361 | 8.000 | 10.571 |   0.394 |  41.1333
 2362 | 8.098 | 10.582 |   0.309 |  87.3333
 2363 | 8.433 | 10.456 |   0.401 |  44.6333
 2364 | 8.270 | 10.648 |   0.388 |  55.0667
 2365 | 8.174 | 10.882 |   0.412 |  52.7667
 2366 | 7.865 | 10.815 |   0.386 |  43.3667
 2367 | 8.362 | 11.138 |   0.387 |  63.3000
 2368 | 8.152 | 11.080 |   0.403 |  46.2000
 2369 | 8.765 | 10.823 |   0.385 |  49.2000
 2370 | 8.194 | 11.360 |   0.413 |  54.7000
 2371 | 8.094 | 10.824 |   0.443 |  29.2000
 2372 | 8.008 | 11.460 |   0.386 |  38.2667
 2373 | 7.567 | 10.567 |   0.377 |  58.1333
 2374 | 7.788 | 11.079 |   0.397 |  42.6333
 2375 | 7.247 | 10.508 |   0.365 |  42.8000
 2376 | 8.068 |  9.807 |   0.384 |  42.6667
 2377 | 8.090 | 10.126 |   0.380 |  35.9000
 2378 | 7.510 | 10.476 |   0.384 |  42.9667
 2379 | 7.942 | 10.264 |   0.384 |  52.2667
 2380 | 7.664 | 10.469 |   0.379 |  60.7000
 2381 | 7.964 | 10.259 |   0.384 |  61.7667
 2382 | 7.964 | 10.259 |   0.384 |  38.1667
 2383 | 8.291 |  9.892 |   0.447 |  27.2333
 2384 | 8.873 | 10.118 |   0.386 |  32.8000
 2385 | 7.909 | 10.095 |   0.381 |  34.4667
 2386 | 8.024 |  9.321 |   0.388 |  55.5333
 2387 | 8.517 |  9.657 |   0.390 |  58.1667
 2388 | 8.277 | 10.080 |   0.399 |  53.4333
 2389 | 7.985 | 10.400 |   0.398 |  36.8667
 2390 | 8.191 | 10.917 |   0.389 |  63.3667
 2391 | 7.796 | 10.014 |   0.386 |  47.4000
 2392 | 7.704 | 11.742 |   0.393 |  40.1000
 2393 | 8.136 | 10.810 |   0.374 |  67.6333
 2394 | 8.965 | 10.584 |   0.507 |  38.7333
 2395 | 7.774 | 10.943 |   0.392 |  44.8667
 2396 | 8.717 | 11.133 |   0.400 |  41.3000
 2397 | 8.394 | 10.772 |   0.382 |  48.0333
 2398 | 8.010 | 10.118 |   0.444 |  60.3333
 2399 | 8.170 | 10.853 |   0.390 |  61.5667
 2400 | 8.126 | 10.426 |   0.452 |  55.4333
 2401 | 8.295 | 10.159 |   0.386 |  64.9000
 2402 | 8.182 | 10.623 |   0.457 |  41.2333
 2403 | 8.251 | 11.090 |   0.495 |  68.6000
 2404 | 7.994 | 10.757 |   0.457 |  27.0000
 2405 | 7.994 | 10.757 |   0.457 |  53.6667
 2406 | 8.344 | 10.856 |   0.426 |  27.0333
 2407 | 8.585 | 10.709 |   0.423 |  57.1333
 2408 | 8.171 | 10.653 |   0.448 |  41.3667
 2409 | 8.391 | 10.816 |   0.385 |  68.3333
 2410 | 8.180 | 10.713 |   0.421 |  50.3000
 2411 | 8.180 | 10.713 |   0.421 |  57.5667
 2412 | 8.272 | 10.466 |   0.340 |  51.4000
 2413 | 8.233 | 10.634 |   0.439 |  58.5333
 2414 | 8.277 | 10.332 |   0.366 |   7.9667
 2415 | 8.428 | 10.385 |   0.410 |  30.9000
 2416 | 7.926 | 10.685 |   0.395 |  53.0333
 2417 | 8.265 | 10.482 |   0.355 |  80.4667
 2418 | 8.792 | 10.642 |   0.354 |  57.5000
 2419 | 8.557 | 10.350 |   0.380 |  68.9667
 2420 | 8.401 | 10.508 |   0.406 |  35.7667
 2421 | 8.439 | 10.520 |   0.407 |  44.3667
 2422 | 8.561 | 10.242 |   0.378 |  47.0667
 2423 | 8.699 | 11.008 |   0.408 |  37.9667
 2424 | 8.518 | 10.344 |   0.415 |  38.8667
 2425 | 8.518 | 10.344 |   0.415 |  28.5000
 2426 | 8.735 | 10.487 |   0.426 |  60.1333
 2427 | 8.444 | 10.495 |   0.421 |  45.9333
 2428 | 8.388 | 10.315 |   0.381 |  29.2000
 2429 | 8.388 | 10.315 |   0.381 |  50.9667
 2430 | 8.570 | 10.123 |   0.458 |  24.8333
 2431 | 8.389 | 10.014 |   0.408 |  67.5667
 2432 | 8.386 | 10.191 |   0.428 |  52.2667
 2433 | 8.491 | 10.518 |   0.410 |  92.1667
 2434 | 8.562 | 10.079 |   0.424 |  37.1667
 2435 | 8.637 | 10.239 |   0.432 |  27.6333
 2436 | 8.287 | 10.126 |   0.428 |  62.2667
 2437 | 8.243 | 10.269 |   0.431 |  26.8000
 2438 | 8.706 | 10.685 |   0.433 |  20.1000
 2439 | 8.309 |  9.991 |   0.429 |  46.8000
 2440 | 8.828 | 11.702 |   0.423 |  78.0667
 2441 | 8.571 | 10.203 |   0.448 |  21.4667
 2442 | 8.524 | 10.644 |   0.377 |  54.5667
 2443 | 8.569 | 10.774 |   0.506 |  69.6333
 2444 | 8.138 | 10.268 |   0.447 |  27.2667
 2445 | 8.505 | 10.367 |   0.373 |  57.1667
 2446 | 8.442 | 10.421 |   0.409 |  41.2333
 2447 | 8.717 | 10.768 |   0.522 |  31.0667
 2448 | 8.367 | 10.350 |   0.497 |  44.0000
 2449 | 8.501 | 10.580 |   0.528 |  36.7000
 2450 | 8.246 | 10.850 |   0.453 |  17.8667
 2451 | 8.134 | 11.241 |   0.464 |  51.5667
 2452 | 8.355 | 10.425 |   0.490 |  73.8000
 2453 | 8.209 | 11.294 |   0.444 |  31.1667
 2454 | 8.122 | 11.229 |   0.520 |  38.8000
 2455 | 7.988 | 10.270 |   0.472 |  21.5667
 2456 | 7.939 | 11.146 |   0.466 |  24.4000
 2457 | 8.021 | 10.727 |   0.480 |  45.9000
 2458 | 9.000 | 11.268 |   0.455 |  48.8000
 2459 | 7.157 | 10.734 |   0.478 |  94.2667
 2460 | 8.335 | 10.961 |   0.509 |  62.8333
 2461 | 7.574 | 10.951 |   0.395 |  25.5667
 2462 | 7.909 | 11.343 |   0.437 |  70.1000
 2463 | 7.254 | 11.276 |   0.462 |  33.6333
 2464 | 7.614 | 10.902 |   0.410 |  50.6000
 2465 | 7.797 | 10.954 |   0.418 |  35.4333
 2466 | 7.743 | 10.906 |   0.422 |  55.5667
 2467 | 7.433 | 10.887 |   0.421 |  47.1667
 2468 | 7.442 | 10.914 |   0.422 |  34.0000
 2469 | 7.680 | 10.591 |   0.341 |  27.7333
 2470 | 7.680 | 10.591 |   0.341 |  48.1333
 2471 | 7.654 | 10.784 |   0.367 |  39.1333
 2472 | 7.472 | 10.892 |   0.381 |  66.6000
 2473 | 7.606 | 10.941 |   0.445 |  61.3667
 2474 | 7.565 | 10.917 |   0.377 |  55.5000
 2475 | 7.565 | 10.917 |   0.377 |  45.2333
 2476 | 7.565 | 10.896 |   0.374 |  29.1667
 2477 | 6.907 | 11.243 |   0.480 |  55.0333
 2478 | 7.505 | 10.903 |   0.387 |  50.4333
 2479 | 7.543 | 11.842 |   0.358 |  48.9667
 2480 | 7.009 | 11.135 |   0.451 |  33.8000
 2481 | 7.486 | 11.347 |   0.337 |  55.6333
 2482 | 7.165 | 11.858 |   0.428 |  37.7667
 2483 | 7.103 | 12.000 |   0.394 |  36.5333
 2484 | 7.327 | 11.393 |   0.413 |  31.9333
 2485 | 7.380 | 10.835 |   0.352 |  60.5333
 2486 | 7.383 | 10.922 |   0.366 |  66.0333
 2487 | 7.408 | 11.766 |   0.501 |  66.2000
 2488 | 7.405 | 11.413 |   0.440 |  42.1667
 2489 | 7.844 | 11.948 |   0.443 |  38.8667
 2490 | 7.545 | 11.420 |   0.433 |  37.2667
 2491 | 7.545 | 11.420 |   0.433 |  37.1000
 2492 | 7.468 | 12.000 |   0.406 |  56.1000
 2493 | 7.858 | 11.519 |   0.438 |  48.1333
 2494 | 7.385 | 11.767 |   0.415 |  26.2000
 2495 | 6.889 | 11.743 |   0.419 |  45.7667
 2496 | 7.303 | 11.235 |   0.459 |  30.6667
 2497 | 7.441 | 11.304 |   0.444 |  38.7000
 2498 | 7.606 | 11.537 |   0.420 |  37.8667
 2499 | 7.510 | 11.525 |   0.404 |  28.1000
 2500 | 8.115 | 11.503 |   0.401 |  45.9333
 2501 | 7.550 | 11.490 |   0.440 |  45.5000
 2502 | 7.535 | 12.000 |   0.429 |  43.3333
 2503 | 7.575 | 11.488 |   0.386 |  38.3667
 2504 | 7.944 | 11.658 |   0.424 |  38.8000
 2505 | 7.732 | 11.812 |   0.421 |  57.4333
 2506 | 7.661 | 11.704 |   0.423 |  61.3667
 2507 | 8.112 | 11.908 |   0.431 |  39.9000
 2508 | 7.250 | 11.919 |   0.423 |  40.4000
 2509 | 7.371 | 11.900 |   0.439 |  76.5333
 2510 | 7.920 | 12.000 |   0.395 |  58.8667
 2511 | 7.866 | 11.876 |   0.401 |  36.5667
 2512 | 8.127 | 11.947 |   0.473 |  41.6333
 2513 | 7.953 | 11.943 |   0.449 |  85.0667
 2514 | 7.874 | 10.995 |   0.501 |  88.1333
 2515 | 7.890 | 11.753 |   0.456 |  53.4000
 2516 | 7.849 | 11.898 |   0.440 |  28.9000
 2517 | 7.870 | 11.893 |   0.368 |  18.0667
 2518 | 7.798 | 12.000 |   0.395 |  40.4667
 2519 | 7.676 | 11.767 |   0.417 |  11.1667
 2520 | 7.232 | 11.693 |   0.428 |  28.4667
 2521 | 7.762 | 11.787 |   0.352 |  40.6667
 2522 | 7.692 | 11.892 |   0.313 |  21.8667
 2523 | 7.707 | 11.540 |   0.440 |  58.4000
 2524 | 7.703 | 11.426 |   0.411 |  47.5667
 2525 | 7.807 | 11.580 |   0.400 |  39.5667
 2526 | 7.706 | 11.543 |   0.422 |  36.4333
 2527 | 7.777 | 11.310 |   0.402 |  75.4333
 2528 | 7.660 | 11.850 |   0.407 |  44.0667
 2529 | 7.987 | 11.043 |   0.398 |  30.2667
 2530 | 7.276 | 11.378 |   0.388 |  49.1333
 2531 | 7.690 | 11.751 |   0.411 |  63.5000
 2532 | 8.245 | 12.000 |   0.487 |  75.6333
 2533 | 7.302 | 11.419 |   0.386 |  60.8000
 2534 | 7.615 | 11.935 |   0.412 |  61.7000
 2535 | 7.583 | 11.574 |   0.414 |  65.3667
 2536 | 7.676 | 11.773 |   0.407 |  35.7333
 2537 | 7.680 | 11.307 |   0.490 |  21.9667
 2538 | 7.672 | 10.468 |   0.402 |  26.0667
 2539 | 7.675 | 10.508 |   0.400 |  74.5667
 2540 | 7.816 | 10.555 |   0.447 |  41.1667
 2541 | 7.487 | 11.452 |   0.389 |  51.6000
 2542 | 7.436 | 11.298 |   0.389 |  35.7667
 2543 | 7.499 | 11.036 |   0.395 |  50.5000
 2544 | 7.703 | 11.224 |   0.376 |  43.3667
 2545 | 7.703 | 11.222 |   0.377 |  42.1333
 2546 | 7.626 | 11.077 |   0.366 |  32.5667
 2547 | 7.922 | 11.375 |   0.351 |  38.8333
 2548 | 7.583 | 11.229 |   0.339 |  66.2000
 2549 | 7.999 | 11.651 |   0.371 |  47.7333
 2550 | 7.700 | 12.000 |   0.350 |  54.4000
 2551 | 7.470 | 11.160 |   0.337 |  36.4667
 2552 | 7.728 | 11.448 |   0.356 |  19.7333
 2553 | 7.312 | 11.529 |   0.343 |  37.0000
 2554 | 7.945 | 11.594 |   0.406 |  23.4333
 2555 | 8.207 | 11.736 |   0.388 |  37.4000
 2556 | 7.286 | 10.893 |   0.411 |  41.5333
 2557 | 8.036 | 11.662 |   0.389 |  48.9333
 2558 | 7.434 | 11.162 |   0.355 |  46.8667
 2559 | 8.377 | 12.000 |   0.410 |  62.3667
 2560 | 7.324 | 11.275 |   0.406 |  30.1000
 2561 | 8.129 | 11.917 |   0.411 |  52.3667
 2562 | 7.892 | 11.493 |   0.392 |  71.5000
 2563 | 7.309 | 11.657 |   0.403 |  50.4000
 2564 | 7.726 | 11.946 |   0.430 |  35.3000
 2565 | 7.415 | 11.651 |   0.409 |  12.4333
 2566 | 7.415 | 11.651 |   0.409 |  53.2333
 2567 | 8.178 | 11.623 |   0.403 |  56.5667
 2568 | 8.010 | 11.451 |   0.415 |  40.6000
 2569 | 7.918 | 10.890 |   0.413 |  49.4667
 2570 | 8.030 | 11.840 |   0.410 |  58.2667
 2571 | 7.977 | 11.405 |   0.447 |  50.0667
 2572 | 8.071 | 11.511 |   0.498 |  52.2667
 2573 | 7.716 | 12.000 |   0.495 |  48.3333
 2574 | 8.194 | 10.971 |   0.503 |  48.8000
 2575 | 8.189 | 12.000 |   0.454 |  30.5000
 2576 | 7.980 | 10.758 |   0.526 |  57.7333
 2577 | 7.980 | 10.758 |   0.526 |  58.7667
 2578 | 7.671 | 11.452 |   0.481 |  84.0000
 2579 | 7.829 | 11.100 |   0.434 |  55.0333
 2580 | 7.836 | 11.289 |   0.434 |  31.3667
 2581 | 7.428 | 12.000 |   0.571 |  53.7000
 2582 | 7.746 | 11.463 |   0.429 |  53.8000
 2583 | 7.783 | 11.445 |   0.575 |  39.1667
 2584 | 7.486 | 11.423 |   0.440 |  43.3333
 2585 | 7.569 | 11.455 |   0.468 |  23.7333
 2586 | 7.663 | 11.291 |   0.466 |  40.3667
 2587 | 7.637 | 11.353 |   0.418 |  61.5333
 2588 | 7.637 | 11.353 |   0.418 |  22.8667
 2589 | 7.962 | 11.353 |   0.452 |  48.9667
 2590 | 8.226 | 11.322 |   0.372 |  71.6667
 2591 | 7.460 | 11.300 |   0.368 |  50.1000
 2592 | 6.932 | 11.124 |   0.372 |  65.0667
 2593 | 8.147 | 11.281 |   0.366 |  51.7000
 2594 | 6.887 | 11.168 |   0.371 |  50.9000
 2595 | 7.103 | 11.204 |   0.368 |  42.3000
 2596 | 7.609 | 11.046 |   0.328 |  53.0333
 2597 | 7.907 | 10.552 |   0.371 |  73.9667
 2598 | 7.845 | 10.460 |   0.369 |  66.0667
 2599 | 7.445 | 11.255 |   0.355 |  43.6000
 2600 | 7.445 | 10.803 |   0.366 |  55.9000
 2601 | 7.404 | 10.790 |   0.316 |  51.6333
 2602 | 7.479 | 11.379 |   0.418 |  63.5333
 2603 | 7.523 | 11.301 |   0.319 |  23.2333
 2604 | 7.513 | 11.109 |   0.367 |  93.9333
 2605 | 7.900 | 11.204 |   0.360 |  70.5000
 2606 | 7.509 | 10.856 |   0.356 |  80.7667
 2607 | 7.304 | 11.353 |   0.432 |  48.8333
 2608 | 7.071 | 11.815 |   0.376 |  42.3333
 2609 | 7.622 | 11.471 |   0.482 |  52.0333
 2610 | 7.853 | 11.487 |   0.402 |  60.5667
 2611 | 7.357 | 11.704 |   0.425 |  37.9000
 2612 | 7.386 | 11.312 |   0.335 |  52.8667
 2613 | 7.370 | 11.364 |   0.350 |  77.9333
 2614 | 7.400 | 11.907 |   0.343 |  27.2000
 2615 | 7.400 | 11.907 |   0.343 |  65.5333
 2616 | 7.643 | 10.417 |   0.403 |  57.2000
 2617 | 7.692 | 11.288 |   0.401 |  53.2333
 2618 | 7.310 | 11.722 |   0.372 |  26.8000
 2619 | 7.635 | 11.223 |   0.396 |  62.4667
 2620 | 7.340 | 11.474 |   0.371 |  54.6333
 2621 | 7.458 | 11.470 |   0.392 |  63.5667
 2622 | 8.189 | 11.375 |   0.502 |  52.7667
 2623 | 7.589 | 11.362 |   0.383 |  59.9667
 2624 | 8.085 | 11.344 |   0.483 |  67.8667
 2625 | 7.502 | 10.091 |   0.460 |  46.4333
 2626 | 7.697 | 11.416 |   0.385 |  54.1333
 2627 | 7.419 | 11.736 |   0.386 |  44.8667
 2628 | 8.121 | 10.833 |   0.419 |  34.1667
 2629 | 8.082 | 10.872 |   0.416 |  49.0000
 2630 | 7.283 | 10.767 |   0.413 |  78.1333
 2631 | 7.551 | 11.168 |   0.403 |  53.0333
 2632 | 7.605 | 11.388 |   0.391 |  42.1333
 2633 | 7.689 | 11.159 |   0.381 |  56.8333
 2634 | 7.205 | 11.200 |   0.385 |  59.0333
 2635 | 6.980 | 11.819 |   0.417 |  74.4000
 2636 | 7.909 | 11.449 |   0.397 |  43.3667
 2637 | 7.896 | 11.610 |   0.430 |  32.6000
 2638 | 7.541 | 11.550 |   0.403 |  51.1000
 2639 | 7.724 | 11.614 |   0.458 |  69.0000
 2640 | 7.843 | 11.467 |   0.418 |  57.1000
 2641 | 7.803 | 11.570 |   0.412 |  37.6333
 2642 | 8.754 | 12.000 |   0.407 |  55.8000
 2643 | 7.891 | 10.793 |   0.412 |  52.9333
 2644 | 7.878 | 11.314 |   0.412 |  33.4000
 2645 | 7.740 | 11.042 |   0.405 |  75.2000
 2646 | 8.224 | 11.996 |   0.426 |  38.2000
 2647 | 7.833 | 11.891 |   0.458 |  45.4000
 2648 | 8.177 | 11.873 |   0.428 |  42.2333
 2649 | 8.177 | 11.873 |   0.428 |  24.4667
 2650 | 7.616 | 11.797 |   0.433 |  75.2000
 2651 | 7.710 | 11.732 |   0.507 |  43.5667
 2652 | 7.953 | 11.412 |   0.605 |  37.0333
 2653 | 7.953 | 11.812 |   0.358 |  38.2333
 2654 | 7.843 | 11.536 |   0.432 |  49.6667
 2655 | 7.625 | 11.550 |   0.376 |  56.2333
 2656 | 8.067 | 10.611 |   0.376 |  48.5333
 2657 | 7.706 | 11.674 |   0.451 |  33.2667
 2658 | 7.797 | 11.522 |   0.383 |  74.7000
 2659 | 7.906 | 12.000 |   0.418 |  42.4000
 2660 | 7.674 | 11.531 |   0.409 |  87.6000
 2661 | 7.850 | 12.000 |   0.395 |  84.9000
 2662 | 7.538 | 11.617 |   0.457 |  77.0333
 2663 | 7.635 | 11.371 |   0.439 |  43.0667
 2664 | 7.635 | 11.371 |   0.439 |  31.1667
 2665 | 7.959 | 11.948 |   0.416 |  83.8667
 2666 | 7.702 | 10.983 |   0.447 |  45.9333
 2667 | 7.137 | 11.390 |   0.378 |  37.8667
 2668 | 7.815 | 11.366 |   0.391 |  33.1333
 2669 | 7.687 | 11.359 |   0.424 |  60.9333
 2670 | 7.874 | 11.545 |   0.463 |  44.3667
 2671 | 8.319 | 11.475 |   0.421 |  36.0000
 2672 | 7.620 | 11.482 |   0.420 |  39.1333
 2673 | 7.532 | 11.449 |   0.475 |   9.8333
 2674 | 8.391 | 11.896 |   0.431 |  46.0000
 2675 | 8.056 | 11.241 |   0.442 |  57.5333
 2676 | 8.393 | 11.685 |   0.430 |  69.6000
 2677 | 8.318 | 11.839 |   0.439 |  66.9000
 2678 | 8.590 | 11.838 |   0.438 |  78.4333
 2679 | 7.748 | 11.758 |   0.446 |  27.5667
 2680 | 8.118 | 12.000 |   0.406 |  26.3333
 2681 | 7.762 | 11.758 |   0.445 |  52.5000
 2682 | 8.450 | 11.770 |   0.411 |  30.8000
 2683 | 8.630 | 12.000 |   0.433 |  42.4667
 2684 | 8.267 | 12.000 |   0.504 |  32.9333
 2685 | 8.301 | 11.290 |   0.428 |  42.6333
 2686 | 8.361 | 11.879 |   0.548 |  43.8333
 2687 | 8.685 | 11.984 |   0.386 |  41.3667
 2688 | 8.310 | 11.611 |   0.409 |  63.6000
 2689 | 8.377 | 11.445 |   0.460 |  61.7667
 2690 | 8.818 | 11.971 |   0.440 |  27.4667
 2691 | 8.580 | 11.443 |   0.417 |  38.7000
 2692 | 9.000 | 11.688 |   0.459 |  72.7000
 2693 | 8.590 | 11.727 |   0.442 |  29.1000
 2694 | 8.549 | 11.699 |   0.593 |  43.1000
 2695 | 8.392 | 11.493 |   0.437 |  42.5000
 2696 | 8.392 | 11.493 |   0.437 |  50.9333
 2697 | 7.955 | 12.000 |   0.440 |  58.8667
 2698 | 8.653 | 11.091 |   0.354 |  36.0667
 2699 | 8.390 | 10.351 |   0.448 |  74.9667
 2700 | 8.612 | 11.544 |   0.423 |  55.6000
 2701 | 8.527 | 10.687 |   0.388 |  39.7000
 2702 | 8.441 | 11.550 |   0.406 |  38.5333
 2703 | 8.386 | 10.910 |   0.396 |  58.3333
 2704 | 8.382 | 10.715 |   0.403 |  60.2000
 2705 | 8.267 | 10.687 |   0.395 |  62.8000
 2706 | 8.491 | 10.745 |   0.422 |  21.9333
 2707 | 8.403 | 10.144 |   0.387 |  71.1333
 2708 | 8.116 | 11.153 |   0.439 |  49.8667
 2709 | 8.632 | 10.757 |   0.393 |  27.2333
 2710 | 8.397 | 11.127 |   0.404 |  71.8000
 2711 | 8.446 | 10.767 |   0.418 |  63.1667
 2712 | 8.446 | 10.767 |   0.418 |  37.9667
 2713 | 8.323 | 10.887 |   0.368 |  65.6000
 2714 | 8.247 | 11.144 |   0.414 |  40.4333
 2715 | 8.218 | 10.906 |   0.467 |  37.8667
 2716 | 8.110 | 10.989 |   0.434 |  63.0333
 2717 | 8.110 | 10.989 |   0.434 |  55.3667
 2718 | 8.114 | 10.969 |   0.470 |  56.9333
 2719 | 8.034 | 10.834 |   0.484 |  43.0667
 2720 | 7.976 | 10.872 |   0.480 |  54.5333
 2721 | 8.165 | 10.940 |   0.425 |  41.1667
 2722 | 7.922 | 10.926 |   0.336 |  39.9000
 2723 | 7.917 | 10.913 |   0.405 |  47.9667
 2724 | 8.057 | 11.042 |   0.415 |  36.9667
 2725 | 7.980 | 11.205 |   0.472 |  43.7333
 2726 | 8.081 | 11.274 |   0.515 |  72.3667
 2727 | 8.021 | 11.298 |   0.411 |  53.9000
 2728 | 8.050 | 11.296 |   0.426 |  36.2667
 2729 | 8.095 | 11.495 |   0.473 |  61.9333
 2730 | 8.145 | 10.529 |   0.559 |  29.7000
 2731 | 8.567 | 11.455 |   0.617 |  40.3667
 2732 | 8.510 | 10.916 |   0.496 |  65.9667
 2733 | 8.075 | 11.410 |   0.435 |  38.1333
 2734 | 8.434 | 11.548 |   0.518 |  46.9667
 2735 | 8.256 | 11.176 |   0.443 |  85.4667
 2736 | 7.676 | 10.986 |   0.434 |  62.6333
 2737 | 8.328 | 11.287 |   0.429 |  83.8667
 2738 | 8.240 | 11.087 |   0.476 |  22.6333
 2739 | 8.456 | 10.792 |   0.478 |  67.2333
 2740 | 8.203 | 11.864 |   0.450 |  52.5000
 2741 | 7.106 | 11.046 |   0.453 |  49.2667
 2742 | 8.594 | 10.547 |   0.458 |  46.2667
 2743 | 8.071 | 11.557 |   0.403 |  56.3000
 2744 | 8.163 | 10.856 |   0.438 |  60.8667
 2745 | 8.203 | 11.691 |   0.423 |  68.1667
 2746 | 8.107 | 11.623 |   0.421 |  52.3667
 2747 | 8.156 | 11.334 |   0.431 |  49.9667
 2748 | 8.206 | 11.279 |   0.382 |  57.6000
 2749 | 8.065 | 11.432 |   0.360 |  33.2333
 2750 | 7.986 | 12.000 |   0.391 |  64.5333
 2751 | 7.517 | 11.674 |   0.380 |  66.7000
 2752 | 8.430 | 11.375 |   0.372 |  43.8000
 2753 | 8.149 | 10.738 |   0.414 |  36.1667
 2754 | 8.456 | 11.523 |   0.383 |  41.0000
 2755 | 8.166 | 11.192 |   0.371 |  64.4000
 2756 | 8.216 | 10.560 |   0.313 |  41.9667
 2757 | 8.208 | 11.103 |   0.386 |  38.2333
 2758 | 8.144 | 10.402 |   0.482 |  37.2000
 2759 | 7.886 | 10.989 |   0.420 |  37.1333
 2760 | 8.001 | 11.637 |   0.343 |  38.9333
 2761 | 8.317 | 10.964 |   0.413 |  59.0333
 2762 | 8.393 | 11.657 |   0.446 |  68.0000
 2763 | 7.872 | 11.132 |   0.393 |  53.5000
 2764 | 8.007 | 10.786 |   0.379 |  62.3667
 2765 | 8.031 | 11.000 |   0.339 |  47.2000
 2766 | 8.066 | 10.095 |   0.453 |  38.2000
 2767 | 8.066 | 10.095 |   0.453 |  48.7000
 2768 | 8.066 | 10.095 |   0.453 |  59.4333
 2769 | 8.866 | 10.029 |   0.441 |  51.4000
 2770 | 8.130 | 10.183 |   0.429 |  51.0000
 2771 | 7.938 | 11.311 |   0.468 |  68.1667
 2772 | 8.339 |  9.938 |   0.430 |  60.3667
 2773 | 8.059 | 10.565 |   0.487 |  35.5000
 2774 | 8.205 | 11.709 |   0.525 |  38.7000
 2775 | 8.094 | 10.413 |   0.503 |  52.0333
 2776 | 8.401 | 11.677 |   0.414 |  58.5000
 2777 | 8.560 | 10.590 |   0.503 |  36.1000
 2778 | 8.852 | 10.847 |   0.452 |  78.3333
 2779 | 8.217 | 11.727 |   0.420 |  80.1333
 2780 | 8.484 | 12.000 |   0.337 |  45.7667
 2781 | 7.960 | 10.929 |   0.429 |  48.9333
 2782 | 8.298 | 10.728 |   0.474 |  47.8667
 2783 | 8.667 | 11.264 |   0.412 |  80.4333
 2784 | 8.278 | 10.521 |   0.490 |  75.3667
 2785 | 8.320 | 10.940 |   0.495 |  65.5000
 2786 | 8.312 | 10.375 |   0.353 |  65.6000
 2787 | 7.663 | 10.940 |   0.425 |  38.4000
 2788 | 7.782 | 11.077 |   0.450 |  42.4667
 2789 | 8.428 | 12.000 |   0.393 |  42.1000
 2790 | 8.080 | 11.363 |   0.406 |  42.3000
 2791 | 8.236 | 11.771 |   0.417 |  53.8333
 2792 | 8.051 | 11.081 |   0.505 |  43.0667
 2793 | 8.025 | 11.180 |   0.431 |  51.8667
 2794 | 8.259 | 11.084 |   0.479 |  74.3000
 2795 | 8.129 | 10.452 |   0.351 |  50.6000
 2796 | 7.716 | 11.201 |   0.455 |  44.0333
 2797 | 8.105 | 11.159 |   0.407 |  40.9000
 2798 | 8.055 | 11.719 |   0.428 |  75.6333
 2799 | 8.153 | 11.952 |   0.415 |  51.6667
 2800 | 8.425 | 11.922 |   0.365 |  62.8667
 2801 | 8.037 | 10.951 |   0.358 |  46.6000
 2802 | 7.835 | 11.507 |   0.383 |  47.4667
 2803 | 7.993 | 11.756 |   0.367 |  47.9667
 2804 | 7.995 | 11.538 |   0.371 |  41.8667
 2805 | 8.015 | 11.678 |   0.392 |  78.7667
 2806 | 7.724 | 11.220 |   0.415 |  40.9333
 2807 | 7.894 | 11.022 |   0.367 |  58.0333
 2808 | 8.102 | 10.774 |   0.337 |  60.6333
 2809 | 7.710 | 11.260 |   0.382 |  37.7000
 2810 | 7.720 | 11.217 |   0.380 |  53.7000
 2811 | 7.937 | 10.382 |   0.355 |  84.9333
 2812 | 7.650 | 11.105 |   0.439 |  62.6000
 2813 | 7.849 | 10.604 |   0.381 |  47.3333
 2814 | 7.275 | 10.018 |   0.432 |  43.8667
 2815 | 7.846 | 10.599 |   0.371 |  51.4333
 2816 | 7.737 | 10.562 |   0.375 |  70.2333
 2817 | 7.931 | 10.669 |   0.372 |  49.5333
 2818 | 7.737 | 10.563 |   0.376 |  56.9667
 2819 | 7.746 | 10.695 |   0.387 |  57.5000
 2820 | 8.558 | 10.569 |   0.360 |  42.5333
 2821 | 7.891 | 11.147 |   0.366 |  51.4667
 2822 | 7.755 | 10.775 |   0.393 |  75.5000
 2823 | 7.938 | 10.769 |   0.399 |  54.0000
 2824 | 8.331 |  9.979 |   0.363 |  63.9333
 2825 | 8.143 | 10.372 |   0.364 |  60.6000
 2826 | 7.970 | 10.677 |   0.374 |  75.9333
 2827 | 8.450 | 10.436 |   0.363 |  55.5333
 2828 | 7.336 | 10.851 |   0.374 |  44.5667
 2829 | 8.093 | 10.828 |   0.366 |  67.7000
 2830 | 8.265 |  9.200 |   0.366 |  44.4333
 2831 | 6.894 | 10.569 |   0.374 |  53.9000
 2832 | 7.699 | 10.731 |   0.346 |  40.7667
 2833 | 7.717 | 10.696 |   0.375 |  49.2333
 2834 | 7.609 | 10.655 |   0.350 |  55.9333
 2835 | 7.635 | 10.717 |   0.367 |  51.5000
 2836 | 7.795 | 10.923 |   0.380 |  64.4333
 2837 | 7.651 | 10.425 |   0.387 |  78.8333
 2838 | 7.800 | 10.624 |   0.377 |  70.0667
 2839 | 7.383 | 10.657 |   0.387 |  55.8000
 2840 | 7.003 | 10.515 |   0.382 |  39.1000
 2841 | 7.696 | 10.646 |   0.381 |  40.8333
 2842 | 7.928 | 10.361 |   0.339 | 115.6000
 2843 | 7.520 | 10.629 |   0.353 |  40.3000
 2844 | 7.840 | 11.809 |   0.399 |  42.2333
 2845 | 7.028 | 10.263 |   0.367 |  47.4667
 2846 | 7.116 | 10.343 |   0.350 |  46.5667
 2847 | 8.047 | 11.142 |   0.373 |  36.2667
 2848 | 7.173 | 10.540 |   0.363 |  39.0000
 2849 | 7.527 | 11.161 |   0.449 |  39.3333
 2850 | 7.478 | 11.043 |   0.405 |  85.5000
 2851 | 7.483 | 11.186 |   0.450 |  67.4333
 2852 | 7.483 | 11.186 |   0.450 |  64.2333
 2853 | 7.498 | 11.183 |   0.437 |  61.0333
 2854 | 7.390 | 10.496 |   0.359 |  55.5000
 2855 | 7.388 | 11.102 |   0.407 |  50.9333
 2856 | 7.529 | 11.301 |   0.317 |  55.3000
 2857 | 7.817 | 11.282 |   0.524 |  58.8667
 2858 | 7.656 | 10.604 |   0.440 |  26.9667
 2859 | 7.760 | 11.309 |   0.615 |  51.3000
 2860 | 7.737 | 10.741 |   0.457 |  35.2000
 2861 | 7.737 | 10.408 |   0.457 |  58.1000
 2862 | 7.207 | 11.324 |   0.450 |  19.6667
 2863 | 7.327 | 11.264 |   0.439 |  47.9667
 2864 | 6.740 | 11.715 |   0.477 |  36.0667
 2865 | 6.740 | 11.715 |   0.477 |  44.5000
 2866 | 7.230 | 11.874 |   0.457 |  50.4667
 2867 | 7.230 | 11.874 |   0.457 |  22.9667
 2868 | 7.228 | 11.745 |   0.423 |  33.9000
 2869 | 7.229 | 11.859 |   0.453 |  56.1333
 2870 | 7.183 | 11.724 |   0.472 |  30.5667
 2871 | 7.421 | 10.917 |   0.362 |  42.1333
 2872 | 7.598 | 11.159 |   0.416 |  39.2333
 2873 | 7.206 | 11.660 |   0.550 |  50.4333
 2874 | 7.196 | 11.458 |   0.479 |  47.1000
 2875 | 7.458 | 11.483 |   0.392 |  44.9667
 2876 | 7.827 | 11.956 |   0.373 |  61.2667
 2877 | 7.675 | 11.654 |   0.379 |  70.1667
 2878 | 7.587 | 11.617 |   0.397 |  40.7667
 2879 | 7.565 | 11.580 |   0.398 |  29.7667
 2880 | 7.389 | 11.530 |   0.396 |  41.8667
 2881 | 7.650 | 11.696 |   0.339 |  17.7333
 2882 | 7.613 | 11.741 |   0.360 |  62.4333
 2883 | 7.513 | 11.680 |   0.403 |  69.3000
 2884 | 7.425 | 11.959 |   0.372 |  43.2333
 2885 | 7.645 | 10.359 |   0.436 |  30.3667
 2886 | 7.624 | 12.000 |   0.410 |  52.2000
 2887 | 7.660 | 11.650 |   0.415 |  43.1000
 2888 | 7.695 | 11.408 |   0.339 |  42.4667
 2889 | 8.194 | 11.947 |   0.404 |  43.8000
 2890 | 7.509 | 11.677 |   0.372 |  56.4667
 2891 | 7.655 | 12.000 |   0.380 |  39.4333
 2892 | 7.362 | 11.482 |   0.351 |  66.4333
 2893 | 7.689 | 11.712 |   0.390 |  40.7667
 2894 | 7.656 | 11.367 |   0.389 |  26.0667
 2895 | 8.256 | 11.361 |   0.368 |  54.9000
 2896 | 7.591 | 11.445 |   0.399 |  41.0000
 2897 | 7.499 | 11.515 |   0.395 |  35.4667
 2898 | 7.094 | 11.633 |   0.388 |  92.4000
 2899 | 7.886 | 10.700 |   0.376 |  57.7333
 2900 | 7.856 | 11.187 |   0.340 |  50.8333
 2901 | 8.206 | 10.919 |   0.390 |  45.4667
 2902 | 7.316 | 11.329 |   0.310 |  73.7667
 2903 | 7.451 | 11.441 |   0.309 |  81.2000
 2904 | 7.531 | 11.309 |   0.366 |  56.6667
 2905 | 7.394 | 10.921 |   0.283 |  49.4000
 2906 | 7.199 | 11.072 |   0.325 |  24.3333
 2907 | 7.035 | 11.315 |   0.362 |  43.0000
 2908 | 7.391 | 10.368 |   0.315 |  52.3333
 2909 | 7.348 | 10.524 |   0.297 |  33.4667
 2910 | 7.553 | 11.248 |   0.320 |  68.2000
 2911 | 7.457 | 11.600 |   0.332 |  40.7000
 2912 | 7.903 | 10.936 |   0.369 |  58.8000
 2913 | 7.334 | 10.664 |   0.410 |  46.4667
 2914 | 6.662 | 10.686 |   0.401 |  56.6000
 2915 | 7.326 | 10.572 |   0.441 |  49.2333
 2916 | 7.401 | 10.948 |   0.400 |  72.0667
 2917 | 7.338 | 10.597 |   0.431 |  56.7000
 2918 | 7.344 | 10.704 |   0.424 |  21.7667
 2919 | 7.215 | 10.568 |   0.420 |  50.5000
 2920 | 7.953 | 10.951 |   0.386 |  68.9667
 2921 | 6.835 | 10.135 |   0.369 |  30.9333
 2922 | 7.472 | 10.633 |   0.506 |  72.1667
 2923 | 7.590 | 11.046 |   0.381 |  66.3000
 2924 | 7.551 | 11.011 |   0.475 |  43.2667
 2925 | 7.208 | 10.389 |   0.429 |  48.6000
 2926 | 7.406 | 10.693 |   0.401 |  46.5000
 2927 | 7.331 | 10.629 |   0.419 |  30.2000
 2928 | 7.341 | 10.568 |   0.390 |  40.8667
 2929 | 6.872 | 10.498 |   0.437 |  81.1000
 2930 | 7.225 | 11.146 |   0.427 |  58.8000
 2931 | 7.154 | 10.656 |   0.484 |  40.3000
 2932 | 7.154 | 10.656 |   0.484 |  45.1000
 2933 | 7.939 | 10.775 |   0.424 |  28.2667
 2934 | 7.025 | 10.879 |   0.399 |  30.9667
 2935 | 7.119 | 10.471 |   0.440 |  68.8667
 2936 | 7.072 | 10.979 |   0.412 |  45.8333
 2937 | 7.072 | 10.979 |   0.412 |  45.8000
 2938 | 6.967 | 10.982 |   0.417 |  50.8000
 2939 | 6.967 | 10.982 |   0.417 |  28.2333
 2940 | 7.249 | 11.193 |   0.437 |  57.1000
 2941 | 7.550 | 11.144 |   0.427 |  52.2333
 2942 | 6.995 | 11.066 |   0.473 |  29.2667
 2943 | 7.043 | 11.227 |   0.466 |  35.2667
 2944 | 7.417 | 11.273 |   0.369 |  63.8333
 2945 | 7.367 | 10.915 |   0.446 |  46.4667
 2946 | 7.248 | 11.195 |   0.440 |  42.6000
 2947 | 7.201 | 10.977 |   0.407 |  80.5667
 2948 | 7.165 | 11.199 |   0.433 |  55.3667
 2949 | 7.156 | 11.546 |   0.433 |  68.2667
 2950 | 7.156 | 11.546 |   0.433 |  74.0667
 2951 | 7.192 | 10.866 |   0.423 |  53.8333
 2952 | 7.205 | 11.073 |   0.341 |  31.7333
 2953 | 7.177 | 11.417 |   0.394 |  53.3000
 2954 | 7.490 | 11.286 |   0.235 |  80.9000
 2955 | 7.086 | 11.385 |   0.449 |  42.2333
 2956 | 7.257 | 11.204 |   0.360 |  51.4000
 2957 | 7.358 | 11.820 |   0.292 |  38.5333
 2958 | 6.945 | 11.328 |   0.406 |  52.3333
 2959 | 7.116 | 10.950 |   0.352 |  49.1000
 2960 | 7.077 | 11.415 |   0.371 |  82.2333
 2961 | 7.017 | 11.262 |   0.389 |  45.8333
 2962 | 7.153 | 11.506 |   0.395 |  39.3667
 2963 | 7.026 | 10.907 |   0.346 |  75.4000
 2964 | 6.968 | 11.141 |   0.375 |  44.7667
 2965 | 6.752 | 11.617 |   0.374 |  39.8000
 2966 | 7.095 | 11.198 |   0.408 |  42.4333
 2967 | 6.618 | 10.730 |   0.437 |  38.1000
 2968 | 6.721 | 11.416 |   0.395 |  29.3333
 2969 | 7.108 | 11.303 |   0.379 |  53.8667
 2970 | 6.871 | 11.261 |   0.388 |  50.9667
 2971 | 6.871 | 11.261 |   0.388 |  41.1333
 2972 | 6.978 | 11.293 |   0.390 |  56.0667
 2973 | 6.973 | 11.883 |   0.442 |  70.5000
 2974 | 6.880 | 11.642 |   0.393 |  45.6333
 2975 | 6.842 | 11.580 |   0.445 |  39.7333
 2976 | 7.078 | 11.772 |   0.406 |  51.6333
 2977 | 6.924 | 11.660 |   0.400 |  32.4667
 2978 | 6.877 | 11.573 |   0.415 |  70.2667
 2979 | 6.767 | 11.471 |   0.362 |  82.2333
 2980 | 6.913 | 11.462 |   0.463 |  55.4667
 2981 | 6.859 | 11.227 |   0.394 |  67.5667
 2982 | 6.842 | 11.443 |   0.393 |  63.4000
 2983 | 7.335 | 11.456 |   0.399 |  59.5000
 2984 | 6.892 | 10.167 |   0.456 |  46.1000
 2985 | 6.905 | 11.305 |   0.405 |  67.1000
 2986 | 7.165 | 11.104 |   0.560 |  26.3667
 2987 | 6.906 | 11.210 |   0.388 |  33.4333
 2988 | 7.008 | 11.011 |   0.484 |  31.6667
 2989 | 6.990 | 10.933 |   0.385 |  64.1333
 2990 | 6.990 | 10.933 |   0.385 |  78.7333
 2991 | 7.079 | 10.988 |   0.392 |  39.2667
 2992 | 6.907 | 11.097 |   0.388 |  90.2667
 2993 | 6.687 | 10.964 |   0.385 |  65.4333
 2994 | 6.671 | 11.052 |   0.369 |  70.5333
 2995 | 6.728 | 11.043 |   0.385 |  30.4667
 2996 | 7.003 | 11.103 |   0.397 |  42.3000
 2997 | 6.805 | 10.968 |   0.331 |  81.7000
 2998 | 7.093 | 11.508 |   0.453 |  54.4000
 2999 | 6.853 | 11.818 |   0.471 |  44.0667
 3000 | 6.632 | 11.233 |   0.396 |  37.8000
 3001 | 6.911 | 10.995 |   0.407 |  55.7333
 3002 | 6.890 | 11.140 |   0.597 |  40.4667
 3003 | 6.905 | 11.104 |   0.520 |  45.7667
 3004 | 6.738 | 11.216 |   0.432 |  82.1000
 3005 | 7.441 | 10.899 |   0.394 |  58.1000
 3006 | 7.423 | 11.299 |   0.356 |  32.4667
 3007 | 7.241 | 10.396 |   0.435 |  21.2333
 3008 | 7.475 | 11.061 |   0.390 |  43.2000
 3009 | 7.302 | 11.038 |   0.413 |  55.1667
 3010 | 7.535 | 11.051 |   0.488 |  77.0667
 3011 | 7.535 | 11.051 |   0.488 |  59.5333
 3012 | 7.456 | 11.245 |   0.465 |  27.0000
 3013 | 7.050 | 11.275 |   0.414 |  49.5333
 3014 | 7.346 | 11.258 |   0.390 |  50.4000
 3015 | 7.058 | 10.863 |   0.358 |  42.3000
 3016 | 6.832 | 11.210 |   0.416 |  63.7667
 3017 | 7.082 | 10.495 |   0.450 |  30.7667
 3018 | 7.082 | 10.495 |   0.450 |  26.7333
 3019 | 7.417 | 11.098 |   0.372 |  34.1667
 3020 | 6.666 | 10.541 |   0.426 |  63.6667
 3021 | 7.252 | 10.987 |   0.468 |  50.1333
 3022 | 6.718 | 10.602 |   0.539 |  83.3667
 3023 | 7.193 | 10.962 |   0.439 |  46.2333
 3024 | 7.030 | 10.724 |   0.359 |  63.1333
 3025 | 7.156 | 10.629 |   0.417 |  39.0333
 3026 | 7.012 | 10.824 |   0.385 |  70.4667
 3027 | 8.267 | 10.883 |   0.402 |  26.3000
 3028 | 7.102 | 10.736 |   0.359 | 106.9667
 3029 | 6.980 | 10.861 |   0.411 |  49.0333
 3030 | 7.679 | 11.402 |   0.419 |  42.8667
 3031 | 7.390 | 10.999 |   0.422 |  47.2667
 3032 | 7.390 | 10.999 |   0.422 |  35.8000
 3033 | 7.313 | 10.882 |   0.412 |  46.1333
 3034 | 7.323 | 10.894 |   0.413 |  35.8000
 3035 | 7.350 | 10.781 |   0.434 |  38.8667
 3036 | 7.363 | 10.903 |   0.434 |  60.5667
 3037 | 7.911 | 11.560 |   0.412 |  65.4000
 3038 | 7.685 | 11.373 |   0.415 |  49.1667
 3039 | 7.423 | 11.193 |   0.425 |  83.8667
 3040 | 7.457 | 11.224 |   0.426 |  80.6667
 3041 | 7.487 | 11.690 |   0.418 |  38.8333
 3042 | 7.487 | 11.690 |   0.418 |  47.7000
 3043 | 7.407 | 11.546 |   0.330 |  41.2667
 3044 | 7.565 | 11.389 |   0.448 |  36.0000
 3045 | 7.359 | 11.501 |   0.376 |  71.0000
 3046 | 7.565 | 11.129 |   0.398 |  50.4333
 3047 | 7.408 | 11.381 |   0.384 |  38.5000
 3048 | 7.470 | 11.331 |   0.392 |  59.4000
 3049 | 7.877 | 11.242 |   0.368 |  39.3667
 3050 | 7.478 | 11.229 |   0.411 |  29.3333
 3051 | 6.733 | 11.371 |   0.379 |  47.0667
 3052 | 7.194 | 10.952 |   0.393 |  60.1000
 3053 | 7.235 | 10.957 |   0.394 |  46.3667
 3054 | 7.300 | 10.838 |   0.392 |  75.5000
 3055 | 7.869 | 11.405 |   0.395 |  32.9667
 3056 | 7.483 | 10.735 |   0.367 |  51.7333
 3057 | 7.907 | 11.560 |   0.398 |  69.9000
 3058 | 7.571 | 10.878 |   0.370 |  50.5000
 3059 | 7.590 | 12.000 |   0.380 |  44.7333
 3060 | 7.438 | 11.042 |   0.395 |  59.5000
 3061 | 7.856 | 10.239 |   0.379 |  54.2667
 3062 | 7.580 | 10.647 |   0.381 |  76.1333
 3063 | 8.028 | 10.934 |   0.372 |  71.9667
 3064 | 7.651 | 11.408 |   0.383 |  73.9000
 3065 | 7.547 | 11.161 |   0.363 |  57.6000
 3066 | 6.831 | 11.507 |   0.372 |  64.1000
 3067 | 7.333 | 11.327 |   0.399 |  44.8667
 3068 | 7.529 | 11.406 |   0.401 |  35.6667
 3069 | 7.360 | 11.310 |   0.399 |  40.7333
 3070 | 7.368 | 11.310 |   0.365 |  56.9000
 3071 | 8.188 | 11.326 |   0.402 |  51.2667
 3072 | 7.373 | 11.363 |   0.424 |  27.6667
 3073 | 7.578 | 11.425 |   0.397 |  49.1000
 3074 | 7.396 | 11.311 |   0.397 |  30.4333
 3075 | 7.780 | 11.532 |   0.398 |  61.5667
 3076 | 7.453 | 11.237 |   0.378 |  59.0667
 3077 | 7.422 | 11.526 |   0.501 |  55.7333
 3078 | 7.466 | 11.621 |   0.422 |  77.2000
 3079 | 7.432 | 11.411 |   0.438 |  63.8667
 3080 | 7.788 | 11.625 |   0.386 |  39.7667
 3081 | 7.521 | 11.568 |   0.388 |  28.7000
 3082 | 7.381 | 11.597 |   0.442 |  61.5667
 3083 | 7.733 | 11.774 |   0.401 |  35.3667
 3084 | 7.734 | 11.013 |   0.416 |   8.3667
 3085 | 7.440 | 10.965 |   0.427 |  54.8333
 3086 | 7.600 | 11.918 |   0.647 |  63.9000
 3087 | 7.612 | 11.248 |   0.372 |  47.2000
 3088 | 8.342 | 11.161 |   0.350 |  34.0000
 3089 | 8.127 | 11.298 |   0.417 |  38.4000
 3090 | 8.127 | 11.298 |   0.417 |  40.6000
 3091 | 7.370 | 10.901 |   0.504 |  52.1000
 3092 | 7.886 | 11.410 |   0.430 |  38.3333
 3093 | 7.880 | 10.976 |   0.593 |  27.1333
 3094 | 8.604 | 10.794 |   0.536 |  50.7667
 3095 | 7.867 | 11.129 |   0.426 |  53.2000
 3096 | 7.934 | 11.029 |   0.484 |  28.9000
 3097 | 8.240 | 10.957 |   0.501 |  40.4667
 3098 | 8.015 | 11.033 |   0.396 |  67.8333
 3099 | 7.922 | 10.888 |   0.480 |  56.2667
 3100 | 8.692 | 10.513 |   0.484 |  44.8667
 3101 | 7.947 | 11.007 |   0.489 |  67.1000
 3102 | 8.177 | 10.865 |   0.454 |  52.2000
 3103 | 8.684 | 11.340 |   0.435 |  50.6333
 3104 | 8.684 | 11.340 |   0.435 |  72.1667
 3105 | 8.563 | 10.962 |   0.454 |  67.1333
 3106 | 8.165 | 10.537 |   0.360 |  42.9000
 3107 | 8.489 | 10.883 |   0.437 |  75.5000
 3108 | 8.357 | 11.236 |   0.438 |  57.0667
 3109 | 8.611 | 10.682 |   0.407 |  45.4667
 3110 | 8.343 | 10.674 |   0.393 |  80.5667
 3111 | 8.755 | 11.121 |   0.385 |  58.4000
 3112 | 8.433 | 10.160 |   0.489 |  22.9000
 3113 | 8.402 | 10.531 |   0.386 |  33.5333
 3114 | 8.453 | 10.269 |   0.388 |  37.8667
 3115 | 8.499 | 10.674 |   0.394 |  64.4667
 3116 | 8.498 | 10.886 |   0.387 |  59.6000
 3117 | 8.498 | 10.886 |   0.387 |  65.3333
 3118 | 8.534 | 10.859 |   0.388 |  53.5333
 3119 | 8.345 | 10.852 |   0.388 |  24.6000
 3120 | 8.660 | 11.289 |   0.384 |  49.9667
 3121 | 9.000 | 10.634 |   0.389 |  66.2667
 3122 | 8.657 | 10.550 |   0.373 |  36.7000
 3123 | 8.911 | 10.464 |   0.428 |  22.8667
 3124 | 8.911 | 10.464 |   0.428 |  52.9667
 3125 | 8.893 | 10.553 |   0.445 |  48.5333
 3126 | 8.945 | 10.422 |   0.438 |  95.6333
 3127 | 8.824 | 10.861 |   0.413 |  84.7000
 3128 | 8.862 | 10.712 |   0.408 |  62.8667
 3129 | 8.862 | 10.712 |   0.408 |  60.5000
 3130 | 8.848 | 10.709 |   0.404 |  41.5333
 3131 | 8.849 | 10.707 |   0.398 |  47.2667
 3132 | 8.864 | 10.623 |   0.408 |  51.2333
 3133 | 8.842 | 10.289 |   0.410 |  42.2667
 3134 | 8.570 | 10.358 |   0.440 |  35.2667
 3135 | 8.712 | 10.359 |   0.386 |  45.0333
 3136 | 8.712 | 10.067 |   0.386 |  68.0333
 3137 | 8.738 | 10.880 |   0.474 |  40.5000
 3138 | 8.772 | 10.746 |   0.365 |  67.4000
 3139 | 8.742 | 10.546 |   0.376 |  51.0667
 3140 | 8.756 | 10.776 |   0.386 |  32.2000
 3141 | 8.735 | 10.499 |   0.504 |  29.7333
 3142 | 8.771 | 10.829 |   0.448 |  38.9333
 3143 | 8.461 | 11.532 |   0.357 |  31.1333
 3144 | 8.420 | 11.251 |   0.431 |  56.7333
 3145 | 8.616 | 11.113 |   0.380 |  65.6000
 3146 | 8.744 | 10.983 |   0.426 |  60.3333
 3147 | 8.470 | 11.209 |   0.402 |  38.1667
 3148 | 8.478 | 10.926 |   0.384 |  50.9000
 3149 | 8.679 | 10.519 |   0.386 |  61.5333
 3150 | 8.655 | 10.343 |   0.375 |  50.7333
 3151 | 9.000 | 10.387 |   0.438 |  23.7000
 3152 | 8.536 | 10.586 |   0.390 |  34.2667
 3153 | 8.247 | 10.595 |   0.369 |  20.5000
 3154 | 8.509 | 10.191 |   0.524 |  48.1333
 3155 | 8.427 | 10.308 |   0.353 |  70.1333
 3156 | 8.461 | 10.902 |   0.405 |  28.9667
 3157 | 8.490 | 10.623 |   0.436 |  55.3000
 3158 | 8.402 | 10.459 |   0.433 |  83.0333
 3159 | 8.409 | 10.557 |   0.423 |  55.3000
 3160 | 8.025 |  9.927 |   0.440 |  47.0333
 3161 | 8.011 | 10.457 |   0.352 |  97.0667
 3162 | 7.604 | 10.572 |   0.392 |  42.5000
 3163 | 8.023 | 10.448 |   0.351 |  72.2667
 3164 | 7.830 | 11.392 |   0.403 |  58.7667
 3165 | 8.180 | 10.290 |   0.364 |  45.8667
 3166 | 8.295 | 10.745 |   0.355 |  65.5000
 3167 | 8.566 | 10.702 |   0.344 |  21.5000
 3168 | 7.995 | 10.754 |   0.360 |  56.7333
 3169 | 8.331 | 10.460 |   0.363 |  72.2000
 3170 | 8.292 | 10.382 |   0.360 |  90.6000
 3171 | 7.769 | 10.031 |   0.460 |  30.9000
 3172 | 8.068 |  9.917 |   0.384 |  60.3000
 3173 | 7.772 | 10.355 |   0.374 |  52.0333
 3174 | 7.920 | 10.698 |   0.372 |  52.3000
 3175 | 8.445 | 10.808 |   0.379 |  30.5000
 3176 | 8.066 | 10.578 |   0.394 |  48.7667
 3177 | 8.267 | 11.054 |   0.374 |  40.1000
 3178 | 8.278 | 10.269 |   0.342 |  52.3000
 3179 | 8.158 |  9.898 |   0.357 |  50.4000
 3180 | 7.867 |  9.137 |   0.372 |  67.8333
 3181 | 7.840 | 10.248 |   0.358 |  54.7667
 3182 | 7.762 | 10.064 |   0.442 |  50.4000
 3183 | 7.860 | 10.200 |   0.371 |  30.4000
 3184 | 8.152 | 10.085 |   0.388 |  54.2333
 3185 | 7.823 | 10.048 |   0.399 |  32.7333
 3186 | 8.212 |  9.996 |   0.399 |  42.8333
 3187 | 8.016 |  9.999 |   0.327 |  21.2333
 3188 | 7.813 |  9.955 |   0.463 |  51.6333
 3189 | 7.941 |  9.994 |   0.348 |  41.7000
 3190 | 7.884 |  9.892 |   0.350 |  50.4333
 3191 | 7.979 |  9.938 |   0.355 |  45.8333
 3192 | 8.028 |  9.868 |   0.370 |  80.5333
 3193 | 8.236 |  9.957 |   0.391 |  30.3667
 3194 | 8.087 |  9.935 |   0.476 |  99.9333
 3195 | 8.049 |  9.979 |   0.407 |  31.0333
 3196 | 8.266 | 10.009 |   0.431 |  55.0667
 3197 | 8.163 |  9.996 |   0.419 |  21.2333
 3198 | 7.579 |  9.996 |   0.419 |  31.5000
 3199 | 8.576 | 10.012 |   0.420 |  39.0000
 3200 | 7.855 | 10.954 |   0.478 |  17.0333
 3201 | 7.590 | 10.509 |   0.224 |  27.8667
 3202 | 7.854 | 10.315 |   0.459 |  50.8333
 3203 | 8.713 | 10.097 |   0.418 |  75.5000
 3204 | 8.562 | 10.113 |   0.446 |  55.1667
 3205 | 8.609 |  9.790 |   0.445 |  45.6667
 3206 | 7.750 | 10.350 |   0.427 |  53.6000
 3207 | 8.505 |  9.995 |   0.348 |  47.8333
 3208 | 8.226 | 10.372 |   0.428 |  48.9667
 3209 | 8.487 | 10.060 |   0.352 |  34.3333
 3210 | 8.541 | 10.264 |   0.362 |  58.2000
 3211 | 8.309 | 10.238 |   0.441 |  72.7333
 3212 | 8.484 | 10.263 |   0.363 |  67.8667
 3213 | 8.440 |  9.866 |   0.378 |  54.6667
 3214 | 7.342 |  9.967 |   0.465 |  43.7000
 3215 | 8.365 | 11.035 |   0.247 |  54.5333
 3216 | 7.977 | 10.216 |   0.485 |  53.5667
 3217 | 8.160 | 10.330 |   0.415 |  52.1000
 3218 | 8.058 | 10.269 |   0.428 |  44.5667
 3219 | 8.949 | 10.006 |   0.408 |  44.7333
 3220 | 8.452 | 10.096 |   0.430 |  97.1667
 3221 | 8.430 | 10.031 |   0.455 |  54.0000
 3222 | 8.458 | 10.143 |   0.434 |  52.3333
 3223 | 7.936 |  9.992 |   0.545 |  37.1667
 3224 | 8.079 |  9.692 |   0.303 |  54.4000
 3225 | 8.383 | 10.020 |   0.461 |  26.2667
 3226 | 8.383 | 10.020 |   0.461 |  44.1000
 3227 | 8.130 | 10.516 |   0.449 |  49.2333
 3228 | 8.002 | 10.012 |   0.422 |  60.3667
 3229 | 7.904 | 10.039 |   0.433 |  27.9333
 3230 | 7.885 | 10.329 |   0.423 |  31.3667
 3231 | 8.082 | 10.209 |   0.461 |  55.9333
 3232 | 8.100 |  9.705 |   0.404 |  63.9667
 3233 | 7.315 |  9.987 |   0.489 |  42.7667
 3234 | 7.621 |  9.682 |   0.464 |  46.2333
 3235 | 7.506 |  9.944 |   0.453 |  77.2333
 3236 | 7.881 |  9.939 |   0.372 |  39.4667
 3237 | 7.563 |  9.572 |   0.448 |  61.2333
 3238 | 7.568 | 10.266 |   0.447 |  76.6333
 3239 | 7.766 |  9.934 |   0.395 |  65.8333
 3240 | 7.971 |  9.836 |   0.367 |  39.2333
 3241 | 7.824 |  9.415 |   0.413 |  60.2667
 3242 | 7.726 | 10.018 |   0.410 |  39.7333
 3243 | 7.630 | 10.503 |   0.477 |  53.5667
 3244 | 7.938 |  9.640 |   0.383 |  58.8667
 3245 | 7.748 |  9.982 |   0.269 |  33.6000
 3246 | 7.436 | 10.277 |   0.338 |  39.5000
 3247 | 8.910 |  9.911 |   0.329 |  45.1667
 3248 | 8.724 | 10.338 |   0.302 |  38.5333
 3249 | 7.707 | 11.099 |   0.341 |  40.2333
 3250 | 7.627 | 10.999 |   0.340 |  52.8000
 3251 | 7.308 | 12.000 |   0.406 |  44.6000
 3252 | 8.529 | 10.579 |   0.410 |  64.7667
 3253 | 8.389 |  9.192 |   0.444 |  42.2000
 3254 | 7.877 | 12.000 |   0.378 |  53.1333
 3255 | 7.877 | 12.000 |   0.378 |  24.2000
 3256 | 8.132 | 11.209 |   0.299 |  36.7000
 3257 | 8.070 | 12.000 |   0.378 |  73.0000
 3258 | 7.910 | 11.271 |   0.378 |  42.6000
 3259 | 8.073 | 11.257 |   0.375 |  68.8667
 3260 | 7.984 | 11.591 |   0.336 |  38.6667
 3261 | 7.741 | 11.701 |   0.362 |  62.4667
 3262 | 8.794 | 11.913 |   0.396 |  46.2333
 3263 | 7.892 | 11.540 |   0.380 |  48.2000
 3264 | 7.552 | 11.804 |   0.388 |  40.3333
 3265 | 8.284 | 11.939 |   0.410 |  55.4333
 3266 | 8.070 | 11.662 |   0.386 |  48.5333
 3267 | 8.071 | 11.659 |   0.386 |  51.0667
 3268 | 8.613 | 11.754 |   0.383 |  66.0333
 3269 | 8.613 | 11.754 |   0.383 |  47.2667
 3270 | 8.138 | 11.693 |   0.582 |  87.1000
 3271 | 7.513 | 11.777 |   0.405 |  52.8000
 3272 | 7.953 | 11.575 |   0.433 |  68.9333
 3273 | 8.114 | 11.700 |   0.444 |  41.8667
 3274 | 7.622 | 11.549 |   0.388 |  54.1000
 3275 | 7.678 | 11.548 |   0.363 |  45.8000
 3276 | 7.674 | 11.571 |   0.262 |  35.6000
 3277 | 7.700 | 11.420 |   0.425 |  43.3333
 3278 | 7.135 | 11.041 |   0.362 |  77.2333
 3279 | 7.552 | 11.597 |   0.359 |  79.7333
 3280 | 7.298 | 12.000 |   0.427 |  67.8667
 3281 | 8.245 | 11.569 |   0.401 |  52.3667
 3282 | 7.406 | 11.417 |   0.271 |  67.8333
 3283 | 7.310 | 11.538 |   0.330 |  56.6667
 3284 | 7.161 | 11.553 |   0.338 |  70.1667
 3285 | 6.960 | 11.590 |   0.347 |  79.2333
 3286 | 7.087 | 11.656 |   0.370 |  57.0667
 3287 | 7.071 | 11.648 |   0.368 |  44.5667
 3288 | 6.729 | 11.574 |   0.388 |  45.8333
 3289 | 7.092 | 11.159 |   0.375 |  23.4333
 3290 | 7.158 | 11.304 |   0.367 |  61.6333
 3291 | 7.341 | 11.381 |   0.382 |  88.8000
 3292 | 7.051 | 11.608 |   0.393 |  38.7667
 3293 | 7.207 | 10.438 |   0.399 |  47.6333
 3294 | 7.207 | 10.438 |   0.399 |  61.7667
 3295 | 6.751 | 11.266 |   0.392 |  75.3000
 3296 | 7.009 | 10.758 |   0.348 |  53.0333
 3297 | 7.150 | 11.283 |   0.395 |  51.3667
 3298 | 7.114 | 10.805 |   0.375 |  42.2000
 3299 | 7.087 | 11.025 |   0.368 |  56.8667
 3300 | 7.033 | 11.257 |   0.393 |  43.5333
 3301 | 7.055 | 11.237 |   0.435 |  31.4333
 3302 | 6.952 | 10.426 |   0.396 |  50.2000
 3303 | 7.537 | 11.130 |   0.416 |  61.5667
 3304 | 7.304 | 11.032 |   0.377 |  47.5333
 3305 | 7.075 | 10.215 |   0.464 |  70.7667
 3306 | 7.098 | 11.109 |   0.400 |  59.6667
 3307 | 7.115 | 11.377 |   0.445 |  65.6333
 3308 | 6.942 | 11.529 |   0.421 |  46.5667
 3309 | 6.893 | 11.261 |   0.427 |  36.1667
 3310 | 6.089 | 11.119 |   0.473 |  33.8333
 3311 | 6.870 | 10.328 |   0.380 |  44.2000
 3312 | 6.767 | 11.712 |   0.410 |  65.9667
 3313 | 6.609 | 11.069 |   0.318 |  49.2667
 3314 | 7.046 | 10.357 |   0.403 |  57.2333
 3315 | 6.749 | 10.019 |   0.411 |  39.6000
 3316 | 6.663 |  9.672 |   0.339 |  35.1667
 3317 | 6.757 | 10.314 |   0.369 |  46.8000
 3318 | 6.757 | 10.314 |   0.369 |  30.0000
 3319 | 7.162 | 10.768 |   0.364 |  52.8667
 3320 | 7.022 | 10.026 |   0.354 |  64.3000
 3321 | 6.771 | 10.133 |   0.377 |  50.3667
 3322 | 7.071 | 10.946 |   0.421 |  46.6333
 3323 | 7.024 | 10.730 |   0.412 |  47.2667
 3324 | 7.118 | 10.771 |   0.390 |  75.7000
 3325 | 7.130 | 10.562 |   0.502 |  49.0000
 3326 | 7.213 | 10.737 |   0.367 |  35.2000
 3327 | 7.215 | 10.995 |   0.344 |  32.0333
 3328 | 7.215 | 10.995 |   0.344 |  69.7000
 3329 | 7.105 | 11.051 |   0.480 |  60.3667
 3330 | 7.396 | 10.716 |   0.327 |  36.6333
 3331 | 7.058 | 10.618 |   0.374 |  42.2667
 3332 | 7.999 | 10.432 |   0.395 |  35.0667
 3333 | 7.330 | 10.183 |   0.357 |  59.1000
 3334 | 6.909 | 11.057 |   0.311 |  61.8000
 3335 | 7.302 | 10.751 |   0.381 |  48.9333
 3336 | 6.863 | 11.071 |   0.414 |  64.3667
 3337 | 7.252 | 10.799 |   0.395 |  36.2667
 3338 | 7.252 | 10.799 |   0.395 |  52.3000
 3339 | 7.517 | 10.257 |   0.373 |  54.1000
 3340 | 7.651 | 10.402 |   0.421 |  69.7000
 3341 | 7.316 | 10.372 |   0.428 |  74.8000
 3342 | 7.795 | 10.530 |   0.330 |  31.1667
 3343 | 7.252 | 10.730 |   0.334 |  48.6000
 3344 | 7.715 | 10.505 |   0.348 |  63.8000
 3345 | 7.774 | 10.325 |   0.388 |  61.7667
 3346 | 7.734 | 10.447 |   0.361 |  70.1000
 3347 | 7.734 | 10.447 |   0.361 |  50.0667
 3348 | 7.751 | 10.415 |   0.443 |  55.5333
 3349 | 7.635 | 11.434 |   0.453 |  46.2000
 3350 | 7.603 | 10.925 |   0.407 |  91.0667
 3351 | 7.666 | 10.149 |   0.434 |  35.0000
 3352 | 6.999 | 10.928 |   0.407 |  63.7333
 3353 | 7.708 | 10.306 |   0.400 |  43.7333
 3354 | 7.636 | 10.178 |   0.427 |  64.4333
 3355 | 7.934 | 10.341 |   0.348 |  73.5000
 3356 | 7.802 |  9.876 |   0.382 |  64.2667
 3357 | 7.890 | 10.145 |   0.480 |  67.1000
 3358 | 7.730 | 10.057 |   0.417 |  55.4667
 3359 | 7.815 | 10.311 |   0.370 |  54.8000
 3360 | 7.949 | 10.511 |   0.391 |  64.5667
 3361 | 7.177 | 10.131 |   0.281 |  27.3333
 3362 | 7.373 | 10.475 |   0.395 |  58.8667
 3363 | 7.830 | 10.267 |   0.442 |  65.5333
 3364 | 7.181 | 10.251 |   0.430 |  43.5000
 3365 | 7.751 | 10.388 |   0.391 |  76.6667
 3366 | 7.556 |  9.350 |   0.403 |  96.2333
 3367 | 7.756 | 10.117 |   0.447 |  66.0000
 3368 | 7.797 | 10.184 |   0.406 |  49.3333
 3369 | 7.711 | 10.196 |   0.288 |  48.0333
 3370 | 8.031 |  9.142 |   0.388 |  24.2333
 3371 | 7.820 |  9.456 |   0.320 |  45.7667
 3372 | 7.851 |  9.409 |   0.332 |  49.6000
 3373 | 7.612 |  9.848 |   0.381 |  46.9000
 3374 | 8.039 |  9.794 |   0.372 |  29.6333
 3375 | 7.774 |  9.720 |   0.362 |  60.6667
 3376 | 8.037 |  9.789 |   0.362 |  50.8000
 3377 | 7.832 |  9.730 |   0.384 |  47.3667
 3378 | 7.988 |  9.665 |   0.364 |  45.0333
 3379 | 8.423 |  9.403 |   0.311 |  49.8000
 3380 | 7.354 |  9.744 |   0.371 |  62.5000
 3381 | 7.354 |  9.744 |   0.371 |  64.1667
 3382 | 7.939 |  9.521 |   0.359 |  57.1000
 3383 | 7.548 | 10.015 |   0.351 |  26.4667
 3384 | 7.985 |  9.325 |   0.365 |  43.5333
 3385 | 7.985 |  9.325 |   0.365 |  37.1333
 3386 | 7.416 |  9.817 |   0.351 |  42.5667
 3387 | 8.248 |  9.547 |   0.406 |  15.7333
 3388 | 7.941 |  9.473 |   0.368 |  36.0333
 3389 | 7.923 |  8.743 |   0.437 |  58.8000
 3390 | 8.171 |  9.463 |   0.380 |  41.1000
 3391 | 7.903 |  9.647 |   0.385 |  64.7000
 3392 | 8.184 |  9.543 |   0.343 |  60.1667
 3393 | 7.801 |  9.733 |   0.389 |  46.9333
 3394 | 7.903 |  9.647 |   0.385 |  64.5000
 3395 | 7.882 |  9.668 |   0.366 |  61.2667
 3396 | 7.781 |  9.750 |   0.363 |  66.0667
 3397 | 8.006 |  9.640 |   0.304 |  30.6667
 3398 | 7.767 |  9.624 |   0.369 |  56.3000
 3399 | 7.978 | 10.303 |   0.393 |  66.7333
 3400 | 7.953 | 10.230 |   0.358 |  64.0667
 3401 | 7.953 | 10.230 |   0.358 |  40.6333
 3402 | 8.046 |  9.714 |   0.323 |  29.1667
 3403 | 7.812 |  9.811 |   0.364 |  37.0000
 3404 | 7.904 |  9.729 |   0.346 |  18.7667
 3405 | 7.702 |  9.706 |   0.353 |  43.7000
 3406 | 7.758 |  9.759 |   0.361 |  39.7333
 3407 | 7.779 |  9.982 |   0.352 |  52.0333
 3408 | 7.730 | 10.683 |   0.350 |  56.5667
 3409 | 7.846 | 10.298 |   0.297 |  67.2000
 3410 | 7.783 | 10.311 |   0.416 |  74.2667
 3411 | 7.873 | 10.625 |   0.346 |  36.6333
 3412 | 7.900 | 10.286 |   0.387 |  49.7333
 3413 | 8.697 | 10.358 |   0.339 |  56.9667
 3414 | 7.972 | 10.176 |   0.376 |  52.1667
 3415 | 7.867 | 10.154 |   0.370 |  60.3333
 3416 | 7.972 | 10.390 |   0.373 |  37.2333
 3417 | 8.002 | 10.457 |   0.351 |  34.7000
 3418 | 7.260 | 10.345 |   0.407 |  57.0333
 3419 | 8.224 | 11.108 |   0.363 |  70.4667
 3420 | 7.962 | 10.744 |   0.367 |  73.9333
 3421 | 7.827 | 10.251 |   0.382 |  38.1667
 3422 | 8.002 | 10.724 |   0.368 |  55.2333
 3423 | 7.821 |  9.932 |   0.386 |  84.2333
 3424 | 7.917 | 10.319 |   0.437 |  73.7667
 3425 | 7.917 | 10.319 |   0.437 |  25.8667
 3426 | 7.603 | 10.296 |   0.318 |  53.1333
 3427 | 7.668 | 11.041 |   0.442 |  49.6667
 3428 | 7.903 | 11.106 |   0.402 |  67.7333
 3429 | 7.849 | 10.612 |   0.415 |  36.4000
 3430 | 8.288 | 10.959 |   0.403 |  81.0000
 3431 | 7.875 | 10.671 |   0.378 |  54.6667
 3432 | 7.414 | 11.444 |   0.390 |  49.6333
 3433 | 8.161 | 11.002 |   0.388 |  57.7000
 3434 | 7.462 | 10.942 |   0.410 |  57.8667
 3435 | 7.725 | 10.515 |   0.431 |  92.1667
 3436 | 7.632 | 11.251 |   0.423 |  44.1000
 3437 | 7.757 | 10.814 |   0.430 |  82.2333
 3438 | 7.643 | 11.138 |   0.378 |  57.0667
 3439 | 7.626 | 10.616 |   0.489 |  38.6000
 3440 | 7.671 |  9.973 |   0.452 |  45.1000
 3441 | 7.538 | 10.646 |   0.513 |  57.3667
 3442 | 7.690 | 11.470 |   0.375 |  65.2667
 3443 | 7.641 | 11.353 |   0.421 |  38.5000
 3444 | 7.712 | 10.851 |   0.393 |  64.0667
 3445 | 7.699 | 10.825 |   0.377 |  92.3000
 3446 | 7.864 | 11.392 |   0.419 |  33.5333
 3447 | 7.883 | 11.924 |   0.490 |  55.6000
 3448 | 7.827 | 11.210 |   0.386 |  62.8333
 3449 | 8.148 | 11.356 |   0.490 |  42.2667
 3450 | 8.096 | 10.886 |   0.400 |  32.7667
 3451 | 7.967 | 11.345 |   0.425 |  50.4000
 3452 | 7.571 | 10.384 |   0.406 |  57.1000
 3453 | 7.804 | 11.277 |   0.405 |  67.2333
 3454 | 7.804 | 11.748 |   0.467 |  42.4000
 3455 | 7.874 | 11.110 |   0.402 |  38.6333
 3456 | 7.911 | 11.158 |   0.413 |  72.1667
 3457 | 7.904 | 11.154 |   0.411 |  66.5333
 3458 | 7.776 | 11.175 |   0.446 |  62.0333
 3459 | 7.814 | 11.174 |   0.420 |  44.2333
 3460 | 8.049 | 10.941 |   0.387 |  73.0333
 3461 | 8.138 | 11.167 |   0.497 |  32.2333
 3462 | 7.745 | 11.218 |   0.479 |  50.0000
 3463 | 7.975 | 11.039 |   0.449 |  63.5333
 3464 | 8.011 | 11.052 |   0.432 |  72.8667
 3465 | 7.851 | 11.960 |   0.385 |  51.2667
 3466 | 7.946 | 10.979 |   0.398 |  72.8333
 3467 | 7.964 | 11.072 |   0.436 |  37.1333
 3468 | 8.153 | 11.455 |   0.438 |  79.3667
 3469 | 7.495 | 11.109 |   0.432 |  70.4667
 3470 | 7.648 | 10.936 |   0.426 |  64.5333
 3471 | 7.734 | 11.069 |   0.449 |  48.7000
 3472 | 7.097 | 11.519 |   0.398 |  54.5333
 3473 | 7.998 | 11.131 |   0.399 |  42.5333
 3474 | 7.972 | 11.139 |   0.399 |  54.1667
 3475 | 7.972 | 11.139 |   0.399 |  51.6667
 3476 | 7.888 | 11.028 |   0.355 |  39.1667
 3477 | 7.900 | 10.948 |   0.423 |  69.9667
 3478 | 7.905 | 11.218 |   0.424 |  52.5000
 3479 | 7.514 | 10.707 |   0.438 |  59.1667
 3480 | 7.503 | 10.785 |   0.430 |  35.3667
 3481 | 7.859 | 11.073 |   0.503 |  39.5667
 3482 | 7.518 | 10.924 |   0.401 |  56.2667
 3483 | 7.193 | 10.917 |   0.402 |  58.2333
 3484 | 7.717 | 10.921 |   0.457 | 103.9000
 3485 | 7.432 | 10.772 |   0.335 |  52.0333
 3486 | 7.863 | 10.893 |   0.384 |  71.8667
 3487 | 7.586 | 10.944 |   0.414 |  33.8333
 3488 | 7.994 | 10.271 |   0.344 |  61.9333
 3489 | 7.987 | 11.303 |   0.394 |  43.8667
 3490 | 7.508 | 11.357 |   0.470 |  73.1333
 3491 | 7.188 | 11.078 |   0.409 |  54.6000
 3492 | 7.677 | 10.626 |   0.385 |  37.4333
 3493 | 8.216 | 10.583 |   0.401 |  43.0000
 3494 | 7.586 | 10.714 |   0.439 |  68.8000
 3495 | 7.637 | 10.769 |   0.421 |  60.7333
 3496 | 7.518 | 10.431 |   0.416 |  55.9000
 3497 | 7.627 | 10.540 |   0.360 |  60.8667
 3498 | 7.627 | 10.540 |   0.360 |  56.4000
 3499 | 7.879 | 10.146 |   0.285 |  41.8667
 3500 | 7.429 | 10.078 |   0.525 |  42.0333
 3501 | 7.744 | 10.354 |   0.359 |  37.1333
 3502 | 7.180 | 10.365 |   0.385 |  57.4333
 3503 | 7.744 | 10.354 |   0.359 |  39.5000
 3504 | 7.742 | 10.354 |   0.359 |  60.9333
 3505 | 7.058 | 10.542 |   0.350 |  36.0000
 3506 | 7.400 | 10.421 |   0.255 |  54.5333
 3507 | 7.423 |  9.913 |   0.372 |  65.3667
 3508 | 7.626 | 10.047 |   0.392 |  66.7667
 3509 | 7.464 |  9.388 |   0.317 |  62.5333
 3510 | 7.516 | 10.136 |   0.357 |  45.4333
 3511 | 7.437 | 10.267 |   0.368 |  58.0667
 3512 | 7.444 | 10.154 |   0.376 |  51.9000
 3513 | 7.395 | 10.642 |   0.432 |  39.9333
 3514 | 7.424 | 10.417 |   0.379 |  63.7000
 3515 | 7.413 | 10.152 |   0.472 |  40.5667
 3516 | 7.708 |  9.956 |   0.333 |  30.2333
 3517 | 7.637 | 10.511 |   0.396 |  49.4667
 3518 | 7.325 | 10.605 |   0.358 |  68.8333
 3519 | 7.452 | 10.040 |   0.374 |  52.0333
 3520 | 7.560 | 10.024 |   0.363 |  48.7667
 3521 | 7.026 | 10.675 |   0.403 |  57.2000
 3522 | 6.799 | 10.525 |   0.388 |  48.3333
 3523 | 7.306 | 10.246 |   0.401 |  46.9000
 3524 | 7.275 |  8.488 |   0.422 |  57.3333
 3525 | 7.686 | 10.161 |   0.395 |  61.7000
 3526 | 7.411 |  9.923 |   0.395 |  60.6333
 3527 | 7.411 |  9.923 |   0.395 |  34.9000
 3528 | 7.385 |  9.852 |   0.366 |  38.2000
 3529 | 7.362 |  9.903 |   0.364 |  44.7667
 3530 | 7.596 | 10.020 |   0.394 |  64.1667
 3531 | 7.441 | 10.353 |   0.393 |  56.6667
 3532 | 7.709 |  9.577 |   0.369 |  41.6000
 3533 | 7.527 | 10.164 |   0.373 |  57.8000
 3534 | 7.464 | 10.569 |   0.409 |  44.4333
 3535 | 7.885 |  9.649 |   0.372 |  87.6000
 3536 | 7.696 | 10.160 |   0.371 |  64.2333
 3537 | 7.975 |  9.880 |   0.368 |  43.9333
 3538 | 7.975 |  9.880 |   0.368 |  66.0000
 3539 | 7.694 | 10.638 |   0.421 |  71.9333
 3540 | 7.808 | 10.070 |   0.365 |  57.8667
 3541 | 8.173 |  9.711 |   0.400 |  73.9667
 3542 | 7.809 |  9.774 |   0.393 |  39.6000
 3543 | 7.615 | 10.302 |   0.419 |  51.3333
 3544 | 7.958 |  9.645 |   0.403 |  20.3000
 3545 | 7.709 | 10.122 |   0.282 |  55.4667
 3546 | 7.694 |  9.959 |   0.373 |  45.9667
 3547 | 7.477 |  9.990 |   0.377 |  63.9333
 3548 | 7.382 |  9.921 |   0.332 |  74.2333
 3549 | 8.289 | 10.456 |   0.360 |  36.1667
 3550 | 6.913 | 10.472 |   0.453 |  54.9667
 3551 | 7.493 | 10.139 |   0.386 |  54.0667
 3552 | 7.745 | 10.309 |   0.374 |  71.4667
 3553 | 7.131 | 10.252 |   0.258 |  42.8333
 3554 | 7.695 | 10.298 |   0.511 |  39.4000
 3555 | 8.097 | 10.163 |   0.527 |  44.5667
 3556 | 7.751 | 10.503 |   0.405 |  41.7000
 3557 | 7.843 | 10.326 |   0.465 |  43.9000
 3558 | 7.615 | 10.126 |   0.426 |  36.0000
 3559 | 7.707 | 10.689 |   0.390 |  29.5667
 3560 | 7.636 | 10.660 |   0.392 |  64.9000
 3561 | 8.040 | 10.140 |   0.375 |  32.7333
 3562 | 7.701 | 10.202 |   0.393 |  95.6333
 3563 | 7.801 | 10.232 |   0.365 |  37.8000
 3564 | 7.699 | 10.505 |   0.360 |  66.3333
 3565 | 8.225 |  9.936 |   0.388 |  55.2667
 3566 | 7.968 |  9.229 |   0.368 |  41.2000
 3567 | 7.024 | 10.211 |   0.376 |  48.9000
 3568 | 7.866 | 10.723 |   0.385 |  58.7000
 3569 | 8.151 | 10.599 |   0.376 |  83.7667
 3570 | 7.779 |  9.540 |   0.338 |  67.0667
 3571 | 7.812 | 10.563 |   0.366 |  56.7000
 3572 | 7.851 | 10.930 |   0.465 |  54.4667
 3573 | 7.689 | 10.049 |   0.441 |  52.7667
 3574 | 7.875 | 10.122 |   0.412 |  59.4667
 3575 | 8.057 | 10.178 |   0.427 |  34.0333
 3576 | 7.527 | 10.044 |   0.396 |  42.8000
 3577 | 7.604 | 11.217 |   0.485 |  43.8000
 3578 | 7.283 | 10.499 |   0.398 |  80.3667
 3579 | 7.407 | 10.141 |   0.411 |  34.1333
 3580 | 7.398 | 10.414 |   0.400 |  20.9333
 3581 | 7.357 | 10.621 |   0.351 |  64.3333
 3582 | 7.635 | 10.194 |   0.375 |  43.5667
 3583 | 7.638 | 10.592 |   0.408 |  56.8667
 3584 | 7.519 | 11.632 |   0.439 |  52.9667
 3585 | 7.327 | 10.741 |   0.485 |  60.5667
 3586 | 7.521 | 11.471 |   0.433 |  71.0667
 3587 | 7.569 | 11.312 |   0.502 |  48.0667
 3588 | 7.463 | 11.193 |   0.425 |  47.3667
 3589 | 7.750 | 11.191 |   0.431 |  76.2333
 3590 | 7.750 | 11.191 |   0.431 |  53.7333
 3591 | 7.569 | 11.598 |   0.409 |  50.1333
 3592 | 7.547 | 10.907 |   0.390 |  59.2000
 3593 | 7.703 | 11.138 |   0.386 |  44.0000
 3594 | 7.623 | 10.867 |   0.418 |  25.1333
 3595 | 7.437 | 11.088 |   0.444 |  28.0667
 3596 | 7.769 | 10.687 |   0.440 |  37.7667
 3597 | 6.976 | 10.355 |   0.425 |  73.6333
 3598 | 7.391 | 10.971 |   0.408 |  79.6333
 3599 | 7.462 | 10.889 |   0.425 |  60.2000
 3600 | 7.462 | 10.936 |   0.477 |  43.7000
 3601 | 8.336 | 10.982 |   0.443 |  63.2333
 3602 | 7.478 | 11.013 |   0.398 |  50.2333
 3603 | 7.455 |  9.914 |   0.412 |  63.9333
 3604 | 7.686 | 11.255 |   0.421 |  36.8333
 3605 | 7.558 | 10.519 |   0.406 |  40.3667
 3606 | 7.533 | 10.703 |   0.404 |  67.4000
 3607 | 7.403 | 10.439 |   0.379 |  70.8333
 3608 | 7.571 | 10.733 |   0.409 |  54.1667
 3609 | 7.716 | 10.722 |   0.407 |  34.0667
 3610 | 7.230 | 10.527 |   0.348 |  61.5333
 3611 | 8.178 | 10.653 |   0.426 |  73.3000
 3612 | 7.406 | 10.607 |   0.398 |  59.8667
 3613 | 7.274 | 10.650 |   0.395 |  44.9333
 3614 | 7.395 | 10.029 |   0.367 |  50.1333
 3615 | 8.086 | 10.159 |   0.410 |  78.7333
 3616 | 7.891 |  9.727 |   0.380 |  40.4333
 3617 | 7.796 | 10.534 |   0.204 |  57.9333
 3618 | 7.856 | 10.094 |   0.368 |  53.3333
 3619 | 7.670 | 10.452 |   0.395 |  48.2000
 3620 | 7.868 | 10.639 |   0.364 |  41.0667
 3621 | 8.189 | 10.250 |   0.379 |  44.6000
 3622 | 8.138 | 10.425 |   0.431 |  52.9333
 3623 | 7.544 | 10.131 |   0.393 |  77.4667
 3624 | 8.655 |  9.574 |   0.394 |  66.6333
 3625 | 7.698 |  9.535 |   0.394 |  64.0000
 3626 | 8.639 |  9.614 |   0.394 |  35.4333
 3627 | 7.925 | 10.442 |   0.401 |  46.1333
 3628 | 8.041 | 10.119 |   0.403 |  31.3667
 3629 | 8.041 | 10.119 |   0.403 |  86.8333
 3630 | 8.102 |  9.904 |   0.379 |  45.5000
 3631 | 8.710 | 10.016 |   0.398 |  42.1667
 3632 | 8.414 |  9.715 |   0.331 |  22.3667
 3633 | 8.112 |  9.890 |   0.397 |  63.9667
 3634 | 8.387 |  9.888 |   0.398 |  68.4333
 3635 | 7.971 |  9.491 |   0.394 |  55.1000
 3636 | 8.329 | 10.498 |   0.388 |  85.6000
 3637 | 8.183 | 10.046 |   0.412 |  64.2333
 3638 | 8.376 |  9.936 |   0.410 |  66.1667
 3639 | 8.347 | 10.242 |   0.387 |  70.4000
 3640 | 8.217 | 10.468 |   0.443 |  56.4333
 3641 | 8.178 | 10.099 |   0.427 |  50.9000
 3642 | 7.803 |  9.309 |   0.486 |  61.6667
 3643 | 8.193 | 10.701 |   0.386 |  35.1333
 3644 | 8.173 | 10.285 |   0.396 |  50.3333
 3645 | 8.243 | 10.283 |   0.392 |  72.3000
 3646 | 8.224 | 10.284 |   0.425 |  69.6667
 3647 | 8.235 | 10.686 |   0.406 |  82.0667
 3648 | 8.499 | 10.499 |   0.410 |  57.8667
 3649 | 8.267 | 10.590 |   0.402 |  63.9000
 3650 | 8.527 | 10.577 |   0.396 |  49.3333
 3651 | 8.313 | 10.496 |   0.392 |  35.6667
 3652 | 8.236 | 10.762 |   0.395 |  70.5333
 3653 | 7.905 |  9.949 |   0.417 |  62.6333
 3654 | 8.397 | 12.000 |   0.401 |  30.4000
 3655 | 8.052 | 10.596 |   0.395 |  72.5000
 3656 | 8.220 | 10.816 |   0.377 |  26.3667
 3657 | 8.884 | 10.676 |   0.381 |  25.3000
 3658 | 8.657 | 10.648 |   0.352 |  53.4333
 3659 | 8.222 | 10.185 |   0.381 |  23.0000
 3660 | 8.588 | 10.573 |   0.336 |  51.3000
 3661 | 8.557 | 10.573 |   0.364 |  45.4000
 3662 | 8.581 | 10.181 |   0.373 |  56.0667
 3663 | 8.768 | 10.610 |   0.373 |  42.5333
 3664 | 8.583 | 10.092 |   0.324 |  45.0000
 3665 | 8.205 | 10.211 |   0.516 |  45.6333
 3666 | 8.715 | 10.255 |   0.337 |  80.4667
 3667 | 8.537 | 10.176 |   0.305 |  45.5333
 3668 | 8.761 |  9.446 |   0.321 |  26.1000
 3669 | 8.754 |  9.541 |   0.327 |  57.3333
 3670 | 8.698 | 11.427 |   0.333 |  78.7667
 3671 | 8.733 |  9.739 |   0.376 |  65.2333
 3672 | 8.731 |  9.761 |   0.373 | 107.2667
 3673 | 8.434 | 10.621 |   0.362 |  47.7667
 3674 | 9.000 | 10.597 |   0.370 | 102.2000
 3675 | 9.000 | 10.951 |   0.333 |  41.9000
 3676 | 8.360 |  9.905 |   0.300 |  33.5000
 3677 | 8.555 | 10.335 |   0.301 |  43.4333
 3678 | 8.849 | 10.186 |   0.376 |  55.8333
 3679 | 8.947 |  9.971 |   0.427 |  50.5000
 3680 | 8.163 | 10.135 |   0.465 |  55.6333
 3681 | 8.784 | 10.000 |   0.384 |  78.3667
 3682 | 8.785 |  9.832 |   0.382 |  97.1667
 3683 | 8.900 |  9.328 |   0.374 |  43.5000
 3684 | 8.919 | 10.687 |   0.310 |  34.7333
 3685 | 8.936 | 10.638 |   0.422 |  45.6000
 3686 | 8.856 | 10.176 |   0.361 |  85.5000
 3687 | 8.734 | 10.208 |   0.344 |  33.7000
 3688 | 8.783 | 10.473 |   0.339 |  50.8667
 3689 | 8.871 | 10.167 |   0.346 |  62.4000
 3690 | 8.872 | 10.519 |   0.444 |  48.0667
 3691 | 8.844 | 10.290 |   0.379 |  21.0000
 3692 | 8.768 | 10.250 |   0.367 |  62.2667
 3693 | 8.831 | 10.572 |   0.400 |  58.2000
 3694 | 8.789 | 10.587 |   0.374 |  43.0000
 3695 | 8.729 |  9.506 |   0.363 |  75.5000
 3696 | 8.832 | 10.415 |   0.377 |  51.3333
 3697 | 8.740 |  9.634 |   0.366 |  67.8000
 3698 | 8.818 | 10.443 |   0.421 |  63.5333
 3699 | 9.000 | 10.406 |   0.437 |  32.1000
 3700 | 8.758 | 10.071 |   0.370 |  54.5667
 3701 | 9.000 |  9.801 |   0.375 |  54.3667
 3702 | 8.759 | 10.043 |   0.371 |  74.3667
 3703 | 8.818 | 10.633 |   0.390 |  57.4667
 3704 | 8.342 | 10.230 |   0.372 |  77.8333
 3705 | 8.565 |  9.852 |   0.435 |  40.4667
 3706 | 8.964 |  9.578 |   0.313 |  41.0667
 3707 | 9.000 | 10.266 |   0.382 |  68.9333
 3708 | 9.000 | 10.266 |   0.382 |  62.7000
 3709 | 8.914 | 10.364 |   0.404 |  48.8000
 3710 | 8.777 | 10.227 |   0.406 |  24.4000
 3711 | 7.792 |  9.888 |   0.344 |  60.3333
 3712 | 8.743 | 10.198 |   0.479 |  55.6000
 3713 | 8.241 |  9.785 |   0.372 |  43.7000
 3714 | 8.190 | 10.183 |   0.368 |  51.4000
 3715 | 8.523 | 10.451 |   0.433 |  26.4000
 3716 | 7.442 | 10.187 |   0.369 |  63.9000
 3717 | 7.970 | 10.005 |   0.292 |  33.0000
 3718 | 7.287 | 10.040 |   0.416 |  47.3667
 3719 | 7.408 | 10.050 |   0.425 |  27.9000
 3720 | 8.233 |  9.832 |   0.275 |  64.1000
 3721 | 7.919 |  9.951 |   0.616 |  69.9333
 3722 | 7.934 | 10.048 |   0.338 |  65.2667
 3723 | 7.812 | 10.031 |   0.440 |  61.1333
 3724 | 8.096 | 10.139 |   0.362 |  89.3333
 3725 | 8.014 | 10.012 |   0.347 |  44.4333
 3726 | 8.090 | 10.129 |   0.361 |  59.5667
 3727 | 8.003 | 10.015 |   0.349 |  55.7000
 3728 | 8.313 | 10.136 |   0.389 |  55.8333
 3729 | 7.483 | 10.096 |   0.285 |  39.5667
 3730 | 7.923 |  9.640 |   0.370 |  59.8667
 3731 | 7.706 | 10.183 |   0.323 |  60.3333
 3732 | 7.728 |  9.753 |   0.372 |  54.1333
 3733 | 7.742 |  9.910 |   0.342 |  44.1333
 3734 | 7.817 | 10.222 |   0.294 |  58.4333
 3735 | 7.809 | 10.275 |   0.396 |  68.3000
 3736 | 7.809 | 10.275 |   0.396 |  70.6667
 3737 | 7.991 | 10.696 |   0.423 |  49.1667
 3738 | 7.511 |  9.943 |   0.430 |  83.7667
 3739 | 7.853 | 10.111 |   0.564 |  42.9667
 3740 | 7.845 | 10.033 |   0.477 |  64.8333
 3741 | 7.944 |  9.613 |   0.456 |  50.5333
 3742 | 7.568 |  9.549 |   0.477 |  39.3000
 3743 | 8.011 |  9.720 |   0.467 |  55.4667
 3744 | 7.833 |  9.639 |   0.432 |  42.7333
 3745 | 7.993 |  9.727 |   0.468 |  61.1333
 3746 | 8.327 |  9.473 |   0.469 |  35.1667
 3747 | 7.992 |  9.725 |   0.589 |  55.3000
 3748 | 7.453 |  9.514 |   0.469 |  53.8667
 3749 | 7.453 |  9.514 |   0.469 |  70.3667
 3750 | 7.278 |  9.272 |   0.485 |  42.1333
 3751 | 7.692 |  9.593 |   0.473 |  87.1000
 3752 | 7.635 |  9.551 |   0.488 |  66.4333
 3753 | 7.908 |  9.738 |   0.473 |  49.1000
 3754 | 7.748 |  9.688 |   0.599 |  47.1333
 3755 | 7.728 |  9.626 |   0.537 |  39.4333
 3756 | 7.740 |  9.663 |   0.574 |  40.1000
 3757 | 7.793 |  9.363 |   0.434 |  52.6333
 3758 | 7.877 |  9.797 |   0.492 |  65.4333
 3759 | 7.646 |  9.699 |   0.475 |  55.9333
 3760 | 8.440 |  9.437 |   0.600 |  39.1000
 3761 | 8.063 |  9.009 |   0.520 |  58.0000
 3762 | 7.512 |  9.711 |   0.490 |  65.2000
 3763 | 7.769 |  9.633 |   0.506 |  40.4333
 3764 | 7.665 |  9.661 |   0.550 |  42.0000
 3765 | 7.198 |  9.669 |   0.393 |  77.2000
 3766 | 7.526 | 10.459 |   0.409 |  84.5667
 3767 | 7.317 | 10.331 |   0.417 |  80.5333
 3768 | 7.733 |  9.949 |   0.488 |  57.7667
 3769 | 7.297 |  9.601 |   0.443 |  41.9667
 3770 | 7.382 |  9.327 |   0.339 |  61.3667
 3771 | 7.424 |  9.693 |   0.440 |  56.7000
 3772 | 7.424 |  9.693 |   0.457 |  37.5000
 3773 | 7.437 |  9.963 |   0.461 |  49.1333
 3774 | 7.873 |  9.570 |   0.435 |  65.4667
 3775 | 7.693 | 10.352 |   0.390 |  46.5333
 3776 | 7.626 |  9.863 |   0.443 |  43.2333
 3777 | 7.714 |  9.757 |   0.461 |  46.9667
 3778 | 7.774 |  9.799 |   0.462 |  50.9667
 3779 | 7.644 |  8.646 |   0.446 |  61.0000
 3780 | 7.830 |  9.705 |   0.452 |  73.5333
 3781 | 7.810 |  9.515 |   0.275 |  36.9000
 3782 | 7.875 |  9.219 |   0.426 |  37.8333
 3783 | 7.762 |  9.479 |   0.459 |  62.9000
 3784 | 7.855 |  8.633 |   0.432 |  28.8667
 3785 | 7.703 |  9.812 |   0.340 |  49.2667
 3786 | 7.846 |  8.683 |   0.433 |  39.7667
 3787 | 7.662 |  8.853 |   0.430 |  48.8000
 3788 | 7.593 |  9.216 |   0.432 |  48.7333
 3789 | 7.635 |  9.040 |   0.432 |  44.5667
 3790 | 7.767 |  9.118 |   0.433 |  36.9000
 3791 | 7.712 |  9.537 |   0.427 |  47.0333
 3792 | 8.121 |  9.048 |   0.436 |  59.3333
 3793 | 7.929 |  9.428 |   0.447 |  67.7667
 3794 | 8.156 |  8.752 |   0.438 |  62.2000
 3795 | 7.967 |  9.157 |   0.539 |  72.8333
 3796 | 7.560 |  9.349 |   0.462 |  46.3667
 3797 | 9.000 |  9.962 |   0.365 |  26.2333
 3798 | 8.676 |  9.772 |   0.397 |  53.5333
 3799 | 8.051 |  8.544 |   0.388 |  22.0667
 3800 | 7.938 |  9.057 |   0.406 |  59.4667
 3801 | 7.709 |  8.796 |   0.424 |  60.5333
 3802 | 7.990 |  9.342 |   0.414 |  41.4333
 3803 | 8.348 |  9.255 |   0.342 |  34.2667
 3804 | 8.032 |  9.256 |   0.483 |  24.2333
 3805 | 8.159 |  8.884 |   0.376 |  48.2333
 3806 | 8.268 |  9.304 |   0.368 |  65.4667
 3807 | 8.156 |  9.315 |   0.379 |  35.4333
 3808 | 7.880 | 10.540 |   0.339 |  32.3333
 3809 | 8.045 |  9.275 |   0.335 |  88.8000
 3810 | 8.223 |  9.387 |   0.407 | 109.0333
 3811 | 8.194 |  9.220 |   0.441 |  42.7000
 3812 | 8.150 |  9.799 |   0.386 |  47.6000
 3813 | 8.208 |  9.254 |   0.410 |  56.9333
 3814 | 8.182 |  9.655 |   0.391 |  57.7333
 3815 | 8.213 |  9.277 |   0.402 |  58.8667
 3816 | 7.795 |  9.610 |   0.413 |  76.7333
 3817 | 8.229 |  9.613 |   0.388 |  40.4000
 3818 | 8.261 |  9.005 |   0.487 |  57.4333
 3819 | 8.261 |  9.005 |   0.487 |  60.2667
 3820 | 8.265 |  9.029 |   0.554 |  45.7000
 3821 | 8.379 |  8.988 |   0.469 |  28.1333
 3822 | 8.379 |  8.672 |   0.426 |  29.7000
 3823 | 8.378 |  8.953 |   0.419 |  36.0000
 3824 | 8.171 |  9.685 |   0.337 |  44.8000
 3825 | 8.216 |  9.149 |   0.369 |  55.5667
 3826 | 8.283 |  8.994 |   0.343 |  45.7000
 3827 | 8.437 |  8.931 |   0.394 |  68.0000
 3828 | 8.731 |  9.403 |   0.299 |  32.8667
 3829 | 8.430 |  9.112 |   0.425 |  38.3667
 3830 | 8.534 |  9.029 |   0.368 |  50.1333
 3831 | 8.576 |  9.038 |   0.390 |  39.4333
 3832 | 8.911 |  9.235 |   0.351 |  52.4667
 3833 | 8.478 |  8.947 |   0.340 |  28.5000
 3834 | 8.340 |  9.355 |   0.299 |  59.9000
 3835 | 8.211 |  9.477 |   0.319 |  46.9000
 3836 | 8.211 |  9.477 |   0.319 |  58.7000
 3837 | 8.760 |  9.236 |   0.358 |  65.1000
 3838 | 8.294 | 10.217 |   0.379 |  60.7000
 3839 | 8.172 |  8.347 |   0.409 |  62.2667
 3840 | 8.631 | 10.035 |   0.354 |  46.6333
 3841 | 8.670 |  9.244 |   0.382 |  62.6667
 3842 | 8.582 |  9.384 |   0.358 |  64.7333
 3843 | 8.344 | 10.229 |   0.386 |  73.6667
 3844 | 8.616 |  9.377 |   0.378 |  54.2333
 3845 | 9.000 |  9.384 |   0.406 |  72.2333
 3846 | 8.460 | 10.385 |   0.382 |  34.7000
 3847 | 8.460 | 10.385 |   0.382 |  35.3333
 3848 | 8.873 | 10.661 |   0.376 |  15.2667
 3849 | 8.131 |  9.636 |   0.346 |  31.6333
 3850 | 8.440 |  9.877 |   0.349 |  18.9000
 3851 | 8.684 | 10.278 |   0.445 |  43.6333
 3852 | 8.609 | 10.832 |   0.409 |  73.7000
 3853 | 8.658 | 10.278 |   0.452 |  58.7667
 3854 | 8.666 | 10.043 |   0.389 |  65.3667
 3855 | 8.590 | 10.280 |   0.448 |  53.8333
 3856 | 8.565 | 10.170 |   0.408 |  59.8667
 3857 | 8.466 |  9.715 |   0.373 |  41.7667
 3858 | 8.669 | 10.134 |   0.397 |  28.7000
 3859 | 8.682 | 10.083 |   0.364 |  64.0333
 3860 | 8.220 | 10.139 |   0.403 |  58.7000
 3861 | 8.648 |  9.746 |   0.375 |  31.5667
 3862 | 8.584 |  9.852 |   0.305 |  87.2333
 3863 | 8.614 | 10.004 |   0.290 |  49.6333
 3864 | 8.527 | 10.136 |   0.318 |  72.1000
 3865 | 7.768 | 10.229 |   0.346 |  42.2000
 3866 | 7.768 | 10.229 |   0.346 |  36.9667
 3867 | 8.133 |  9.733 |   0.453 |  53.1000
 3868 | 8.658 |  9.484 |   0.407 |  54.1000
 3869 | 7.411 |  9.466 |   0.402 |  74.1000
 3870 | 7.714 |  9.621 |   0.289 |  44.4000
 3871 | 8.574 |  9.590 |   0.405 |  32.4333
 3872 | 7.453 |  9.619 |   0.373 |  63.6000
 3873 | 8.690 |  9.608 |   0.361 |  59.5333
 3874 | 8.648 |  9.658 |   0.369 |  50.9667
 3875 | 7.792 |  9.788 |   0.347 |  41.2667
 3876 | 7.993 |  9.825 |   0.367 |  53.7667
 3877 | 8.415 |  9.792 |   0.370 |  31.2000
 3878 | 8.134 |  9.600 |   0.387 |  49.3000
 3879 | 7.749 |  9.723 |   0.355 |  46.9333
 3880 | 8.068 |  9.686 |   0.367 |  22.9000
 3881 | 8.044 |  9.386 |   0.368 |  73.9667
 3882 | 8.090 | 10.279 |   0.367 |  46.7667
 3883 | 8.481 |  9.459 |   0.390 |  65.7333
 3884 | 8.244 |  9.553 |   0.384 |  36.9667
 3885 | 8.126 |  9.607 |   0.342 |  50.3333
 3886 | 8.457 |  9.732 |   0.358 |  74.9667
 3887 | 8.139 | 10.050 |   0.369 |  53.8667
 3888 | 7.749 |  9.623 |   0.377 |  40.7667
 3889 | 8.615 |  9.451 |   0.383 |  53.1667
 3890 | 8.212 | 10.849 |   0.359 |  58.1333
 3891 | 8.296 | 10.451 |   0.364 |  42.4333
 3892 | 8.352 |  9.639 |   0.348 |  60.0333
 3893 | 8.298 | 10.270 |   0.382 |  73.5333
 3894 | 8.285 |  9.956 |   0.400 |  57.5333
 3895 | 8.058 | 10.433 |   0.377 |  78.3000
 3896 | 8.288 |  9.885 |   0.400 |  38.8333
 3897 | 8.288 |  9.885 |   0.400 |  53.9667
 3898 | 8.956 |  9.880 |   0.375 |  32.2333
 3899 | 8.949 | 10.091 |   0.259 |  51.7333
 3900 | 8.633 | 10.036 |   0.397 |  60.8000
 3901 | 8.734 | 10.002 |   0.302 |  60.5667
 3902 | 8.258 |  9.310 |   0.420 |  58.7667
 3903 | 8.426 |  8.899 |   0.379 |  56.0667
 3904 | 8.298 |  9.442 |   0.438 |  45.9000
 3905 | 8.525 | 10.223 |   0.430 |  70.3000
 3906 | 8.783 | 10.090 |   0.372 |  85.6000
 3907 | 8.331 |  9.550 |   0.456 |  73.3667
 3908 | 8.645 | 10.042 |   0.389 |  53.8333
 3909 | 8.450 | 10.125 |   0.380 |  47.7667
 3910 | 8.453 | 10.003 |   0.422 |  40.1667
 3911 | 7.891 | 10.120 |   0.389 |  38.1333
 3912 | 8.426 |  9.865 |   0.387 |  62.3667
 3913 | 8.447 |  9.711 |   0.389 |  63.7333
 3914 | 8.402 |  9.926 |   0.388 |  72.1667
 3915 | 8.405 |  9.913 |   0.388 |  47.0333
 3916 | 8.443 |  9.882 |   0.416 |  50.2333
 3917 | 8.642 | 11.104 |   0.512 |  45.4000
 3918 | 8.273 |  9.175 |   0.413 |  53.3000
 3919 | 8.478 |  9.986 |   0.351 |  50.8000
 3920 | 8.507 | 10.450 |   0.456 |  59.0000
 3921 | 8.187 | 11.374 |   0.445 |  90.4333
 3922 | 8.407 |  9.761 |   0.421 |  37.6333
 3923 | 8.114 | 11.037 |   0.467 |  78.1333
 3924 | 8.302 | 10.069 |   0.332 |  80.5333
 3925 | 7.721 | 10.966 |   0.444 |  89.0667
 3926 | 8.331 | 10.055 |   0.370 |  45.6333
 3927 | 8.470 | 10.172 |   0.455 |  38.8333
 3928 | 8.061 | 10.193 |   0.466 |  73.7333
 3929 | 8.523 |  8.992 |   0.380 |  55.6333
 3930 | 8.529 |  9.021 |   0.380 |  77.7000
 3931 | 8.425 | 10.182 |   0.380 |  68.6333
 3932 | 8.319 | 10.421 |   0.369 |  66.8000
 3933 | 8.417 |  9.877 |   0.390 |  34.8333
 3934 | 8.344 | 11.381 |   0.346 |  72.1667
 3935 | 8.242 | 10.875 |   0.380 |  68.8333
 3936 | 8.160 | 10.473 |   0.436 |  38.7667
 3937 | 8.567 | 10.265 |   0.493 |  58.3333
 3938 | 8.567 | 10.265 |   0.493 |  65.0333
 3939 | 8.379 | 10.714 |   0.397 |  38.7667
 3940 | 8.415 | 10.033 |   0.456 |  48.3667
 3941 | 8.037 | 10.285 |   0.448 |  72.4333
 3942 | 8.927 | 10.229 |   0.460 |  74.9333
 3943 | 8.567 | 10.398 |   0.430 |  53.7667
 3944 | 8.805 |  9.205 |   0.454 |  34.0333
 3945 | 8.479 | 10.289 |   0.498 |  58.8000
 3946 | 8.184 | 10.415 |   0.405 |  49.4333
 3947 | 8.168 | 10.663 |   0.325 |  63.2333
 3948 | 8.184 | 10.462 |   0.405 |  51.0333
 3949 | 8.147 | 10.626 |   0.344 |  67.3000
 3950 | 8.170 | 10.582 |   0.438 |  51.6333
 3951 | 8.546 |  9.820 |   0.466 |  57.1000
 3952 | 8.253 | 10.588 |   0.337 |  84.1000
 3953 | 8.253 | 10.588 |   0.337 |  63.9333
 3954 | 8.763 | 10.384 |   0.409 |  70.6333
 3955 | 8.845 | 11.155 |   0.426 |  65.2667
 3956 | 8.690 | 10.370 |   0.332 |  38.3667
 3957 | 8.704 | 10.446 |   0.341 |  72.1667
 3958 | 8.757 | 10.712 |   0.401 |  48.2000
 3959 | 8.717 | 10.411 |   0.383 |  90.3000
 3960 | 8.294 | 10.508 |   0.409 |  44.2667
 3961 | 8.611 | 10.492 |   0.257 |  50.1667
 3962 | 8.984 | 10.577 |   0.371 |  46.7333
 3963 | 8.977 | 10.458 |   0.396 |  53.7333
 3964 | 8.863 | 10.339 |   0.389 |  79.4667
 3965 | 8.946 | 10.391 |   0.405 |  71.5333
 3966 | 8.772 |  9.820 |   0.389 |  57.3000
 3967 | 8.868 | 10.334 |   0.550 |  77.3000
 3968 | 8.802 | 10.262 |   0.419 |  45.7667
 3969 | 8.861 | 10.320 |   0.442 |  64.9333
 3970 | 8.859 | 10.409 |   0.328 |  51.4333
 3971 | 8.861 | 10.320 |   0.442 |  77.1667
 3972 | 8.921 | 10.470 |   0.396 |  82.2333
 3973 | 8.908 | 10.175 |   0.382 |  52.5333
 3974 | 9.000 | 10.341 |   0.510 |  70.4000
 3975 | 8.690 | 11.190 |   0.388 |  66.8000
 3976 | 8.504 | 10.147 |   0.431 |  63.8333
 3977 | 8.621 | 10.272 |   0.433 |  41.1000
 3978 | 8.714 | 11.281 |   0.381 |  72.9000
 3979 | 8.631 | 10.377 |   0.315 |  66.8667
 3980 | 8.594 | 11.111 |   0.365 |  53.8333
 3981 | 8.662 | 11.040 |   0.349 |  55.5000
 3982 | 8.860 | 10.733 |   0.499 |  85.5000
 3983 | 8.588 | 10.690 |   0.415 |  51.9333
 3984 | 9.000 | 10.700 |   0.469 |  63.4667
 3985 | 8.913 | 10.697 |   0.363 |  37.0000
 3986 | 8.395 | 10.787 |   0.357 |  50.4667
 3987 | 8.765 | 10.662 |   0.369 | 112.2667
 3988 | 8.712 | 10.791 |   0.402 |  79.0333
 3989 | 8.712 | 10.988 |   0.402 |  61.3667
 3990 | 8.586 | 10.420 |   0.370 |  57.1000
 3991 | 8.727 | 10.705 |   0.460 |  41.3333
 3992 | 8.657 | 10.784 |   0.503 |  52.3000
 3993 | 8.657 | 10.784 |   0.503 |  39.6667
 3994 | 8.670 | 10.579 |   0.564 |  47.1667
 3995 | 8.831 | 10.177 |   0.299 |  39.0000
 3996 | 8.774 | 10.905 |   0.362 |  51.4667
 3997 | 8.538 | 10.765 |   0.466 |  83.7667
 3998 | 8.522 | 10.795 |   0.412 |  45.4667
 3999 | 8.515 |  9.809 |   0.362 |  22.8000
 4000 | 8.560 | 10.715 |   0.415 |  34.0000
 4001 | 8.678 | 10.970 |   0.392 |  67.6667
 4002 | 8.448 | 10.249 |   0.394 |  54.5333
 4003 | 8.449 | 10.301 |   0.420 |  49.6000
 4004 | 8.343 | 10.693 |   0.471 |  47.1333
 4005 | 8.574 | 10.501 |   0.422 |  56.4000
 4006 | 8.368 | 10.338 |   0.491 |  39.3000
 4007 | 8.525 |  9.701 |   0.303 |  26.5333
 4008 | 8.596 | 10.353 |   0.398 |  57.1333
 4009 | 8.699 | 10.464 |   0.375 |  41.9000
 4010 | 8.262 | 10.161 |   0.397 | 102.2000
 4011 | 8.262 | 10.161 |   0.397 | 114.0667
 4012 | 8.586 | 11.171 |   0.349 |  29.3000
 4013 | 8.570 |  9.993 |   0.413 |  42.5000
 4014 | 8.623 |  9.417 |   0.384 |  50.5000
 4015 | 8.869 | 10.210 |   0.403 |  66.5667
 4016 | 8.175 | 10.128 |   0.390 |  40.5000
 4017 | 8.766 |  9.832 |   0.401 |  68.9333
 4018 | 9.000 | 10.095 |   0.395 |  66.1333
 4019 | 8.803 | 10.536 |   0.387 |  43.9333
 4020 | 8.752 | 10.518 |   0.379 |  60.6667
 4021 | 8.661 | 10.362 |   0.450 |  63.6667
 4022 | 8.819 | 11.072 |   0.341 |  52.0667
 4023 | 8.804 | 10.557 |   0.357 |  64.9667
 4024 | 8.743 | 10.995 |   0.363 |  56.1667
 4025 | 8.714 | 10.192 |   0.422 |  62.8667
 4026 | 8.846 | 10.373 |   0.348 |  53.0667
 4027 | 8.822 | 10.728 |   0.286 |  37.2333
 4028 | 9.000 | 10.539 |   0.359 |  49.1667
 4029 | 8.841 | 10.561 |   0.345 |  59.9667
 4030 | 9.000 | 10.612 |   0.359 |  51.6333
 4031 | 8.968 | 10.602 |   0.358 |  47.9667
 4032 | 8.796 | 11.079 |   0.409 |  44.5667
 4033 | 8.969 | 10.623 |   0.358 |  62.2000
 4034 | 9.000 | 10.415 |   0.464 |  45.4667
 4035 | 8.769 | 10.562 |   0.494 |  58.3000
 4036 | 8.837 | 10.555 |   0.366 |  72.3667
 4037 | 8.848 | 10.581 |   0.482 |  44.9667
 4038 | 8.801 | 10.571 |   0.365 |  42.2667
 4039 | 8.791 | 10.507 |   0.466 |  81.9333
 4040 | 8.833 | 10.519 |   0.398 |  54.3333
 4041 | 8.714 | 10.973 |   0.376 |  26.2000
 4042 | 8.658 | 10.719 |   0.351 |  38.0333
 4043 | 8.810 | 10.599 |   0.422 |  54.9667
 4044 | 8.828 | 10.250 |   0.391 |  47.3667
 4045 | 8.693 | 10.856 |   0.379 |  29.3000
 4046 | 8.840 | 10.532 |   0.406 |  47.6667
 4047 | 8.708 | 10.853 |   0.406 |  42.1333
 4048 | 8.673 | 10.996 |   0.423 |  75.2333
 4049 | 8.697 | 10.394 |   0.350 |  46.5333
 4050 | 8.668 | 10.503 |   0.392 |  57.3000
 4051 | 8.623 | 10.963 |   0.360 |  53.7333
 4052 | 8.633 | 10.699 |   0.350 |  63.7667
 4053 | 8.580 | 10.967 |   0.377 |  53.3333
 4054 | 8.561 | 11.256 |   0.403 |  47.3333
 4055 | 8.603 | 10.234 |   0.375 |  52.6667
 4056 | 8.578 | 10.722 |   0.440 |  44.5667
 4057 | 8.593 | 10.818 |   0.366 |  72.1667
 4058 | 8.659 | 11.101 |   0.411 |  59.5333
 4059 | 8.641 | 10.954 |   0.389 |  41.8667
 4060 | 8.834 | 11.769 |   0.354 |  48.3667
 4061 | 8.523 | 10.193 |   0.406 |  56.8667
 4062 | 8.737 | 11.267 |   0.382 |  58.6333
 4063 | 8.960 | 10.274 |   0.325 |  27.9667
 4064 | 8.704 | 10.707 |   0.370 |  88.8000
 4065 | 8.802 | 10.676 |   0.367 |  57.0667
 4066 | 8.456 | 10.796 |   0.459 |  36.6000
 4067 | 8.812 | 10.822 |   0.344 |  28.7333
 4068 | 8.750 | 10.326 |   0.370 |  77.6333
 4069 | 8.499 | 11.050 |   0.383 |  70.9333
 4070 | 8.513 | 10.525 |   0.397 |  53.7667
 4071 | 8.825 | 10.505 |   0.426 |  46.4667
 4072 | 8.958 | 10.625 |   0.413 |  43.3000
 4073 | 8.677 | 10.704 |   0.367 |  82.2333
 4074 | 8.954 | 10.036 |   0.373 |  29.8333
 4075 | 8.075 | 10.598 |   0.368 |  70.7667
 4076 | 8.623 |  9.421 |   0.377 |  77.2000
 4077 | 8.894 | 10.688 |   0.381 |  59.6667
 4078 | 8.827 | 10.758 |   0.452 |  25.7667
 4079 | 8.372 | 10.740 |   0.431 |  26.9333
 4080 | 8.705 | 10.077 |   0.348 |  65.6000
 4081 | 8.773 | 10.339 |   0.389 |  56.2000
 4082 | 8.713 | 10.406 |   0.377 |  49.7333
 4083 | 8.849 | 10.471 |   0.427 |  66.8333
 4084 | 8.522 | 10.247 |   0.385 |  54.0667
 4085 | 8.820 | 10.318 |   0.249 |  59.6333
 4086 | 8.819 | 10.432 |   0.432 |  12.9333
 4087 | 8.543 | 10.504 |   0.404 |  53.8333
 4088 | 8.543 | 10.504 |   0.404 |  79.2333
 4089 | 8.543 | 10.504 |   0.404 |  58.5667
 4090 | 8.450 |  9.867 |   0.402 |  87.4667
 4091 | 8.690 | 10.289 |   0.392 |  38.8667
 4092 | 8.655 | 10.524 |   0.411 |  29.7667
 4093 | 8.704 | 10.196 |   0.397 |  27.9667
 4094 | 8.662 | 10.944 |   0.390 |  48.9667
 4095 | 8.631 | 10.280 |   0.475 |  70.2667
 4096 | 8.886 | 10.879 |   0.419 |  72.8333
 4097 | 8.816 | 10.434 |   0.438 |  88.8333
 4098 | 8.976 | 10.019 |   0.522 |  40.8333
 4099 | 8.981 | 10.701 |   0.446 |  50.7333
 4100 | 8.760 | 10.186 |   0.482 |  56.2667
 4101 | 8.846 | 10.159 |   0.521 |  73.7000
 4102 | 8.931 | 10.187 |   0.454 |  49.9667
 4103 | 8.740 | 10.057 |   0.371 |  42.9333
 4104 | 8.710 | 10.057 |   0.371 |  63.6333
 4105 | 8.710 | 10.057 |   0.371 |  66.9667
 4106 | 8.748 | 10.073 |   0.390 |  66.3667
 4107 | 8.759 | 10.110 |   0.378 |  49.5333
 4108 | 8.728 | 10.229 |   0.398 |  45.5667
 4109 | 8.590 | 11.134 |   0.404 |  51.8000
 4110 | 8.620 | 10.895 |   0.402 |  52.7333
 4111 | 8.828 | 10.000 |   0.383 |  55.3333
 4112 | 8.607 | 10.181 |   0.418 |  60.8333
 4113 | 8.812 | 10.072 |   0.401 |  59.8667
 4114 | 8.721 |  9.980 |   0.418 |  22.1000
 4115 | 8.842 |  9.441 |   0.424 |  45.4000
 4116 | 8.852 |  9.965 |   0.351 |  53.7667
 4117 | 8.498 | 10.324 |   0.368 |  45.2667
 4118 | 8.848 | 10.451 |   0.461 |  48.1000
 4119 | 8.168 | 10.325 |   0.379 |  42.6333
 4120 | 8.850 | 10.475 |   0.371 |  48.9667
 4121 | 8.321 |  9.590 |   0.257 |  53.9667
 4122 | 8.572 |  9.992 |   0.282 |  68.8333
 4123 | 8.554 |  9.981 |   0.282 |  39.6000
 4124 | 8.483 | 10.105 |   0.284 |  51.8667
 4125 | 8.499 |  9.858 |   0.304 |  39.8000
 4126 | 8.457 |  9.867 |   0.305 |  38.2667
 4127 | 8.622 |  9.921 |   0.321 |  44.2333
 4128 | 8.383 |  9.260 |   0.258 |  54.5667
 4129 | 7.850 |  9.948 |   0.332 |  79.4667
 4130 | 7.987 | 10.149 |   0.247 |  70.6667
 4131 | 8.287 |  9.939 |   0.451 |  56.5667
 4132 | 8.758 | 10.101 |   0.326 |  43.4000
 4133 | 8.104 | 10.159 |   0.336 |  54.4000
 4134 | 8.069 | 10.606 |   0.415 |  65.2667
 4135 | 8.033 | 10.381 |   0.283 |  29.2000
 4136 | 8.913 |  9.024 |   0.350 |  47.1000
 4137 | 8.513 | 10.262 |   0.310 |  88.7000
 4138 | 8.604 | 10.126 |   0.330 |  75.5000
 4139 | 8.537 | 10.136 |   0.328 |  45.5000
 4140 | 8.530 |  9.613 |   0.341 |  58.8667
 4141 | 8.154 | 10.199 |   0.362 |  51.9000
 4142 | 8.180 | 10.316 |   0.350 |  41.9333
 4143 | 8.384 | 10.060 |   0.337 |  52.3000
 4144 | 8.291 | 10.125 |   0.325 |  87.1333
 4145 | 8.030 |  9.995 |   0.435 |  31.2667
 4146 | 8.455 | 10.478 |   0.337 |  35.1000
 4147 | 8.379 | 10.343 |   0.364 |  64.6000
 4148 | 8.502 | 10.561 |   0.391 |  53.3000
 4149 | 8.216 | 10.496 |   0.407 |  56.2333
 4150 | 8.834 |  9.851 |   0.449 |  75.4333
 4151 | 8.355 | 10.510 |   0.377 |  60.2333
 4152 | 8.467 | 10.668 |   0.375 |  47.8667
 4153 | 8.245 | 10.331 |   0.406 |  34.1333
 4154 | 8.517 | 10.538 |   0.391 |  47.0667
 4155 | 8.549 |  9.787 |   0.337 |  78.0667
 4156 | 8.134 | 10.120 |   0.380 |  42.1667
 4157 | 8.384 | 10.901 |   0.367 |  58.8667
 4158 | 8.337 | 10.899 |   0.368 |  46.1667
 4159 | 7.883 | 10.493 |   0.415 |  45.3667
 4160 | 8.571 |  9.659 |   0.372 |  80.5333
 4161 | 8.232 | 10.407 |   0.391 |  55.5333
 4162 | 8.325 | 10.495 |   0.405 |  62.6000
 4163 | 8.334 | 10.433 |   0.363 |  48.8000
 4164 | 8.372 | 10.470 |   0.404 |  55.6333
 4165 | 8.356 | 11.095 |   0.359 |  51.9333
 4166 | 8.228 | 10.190 |   0.379 |  61.0000
 4167 | 8.482 | 10.685 |   0.362 |  62.1333
 4168 | 8.308 | 10.321 |   0.374 |  51.9000
 4169 | 8.473 | 10.586 |   0.362 |  37.3667
 4170 | 8.188 | 10.514 |   0.342 |  40.4333
 4171 | 8.212 | 10.432 |   0.352 |  46.6333
 4172 | 8.266 | 10.254 |   0.424 |  51.9667
 4173 | 8.266 | 10.696 |   0.350 |  74.2333
 4174 | 8.120 | 10.207 |   0.394 |  61.9667
 4175 | 8.120 | 10.207 |   0.394 |  77.2000
 4176 | 8.068 | 10.543 |   0.353 |  30.9000
 4177 | 8.031 | 10.332 |   0.390 |  26.4333
 4178 | 8.104 | 10.422 |   0.405 |  84.8000
 4179 | 8.102 | 10.424 |   0.615 | 108.9333
 4180 | 7.969 | 10.025 |   0.429 |  59.7000
 4181 | 8.184 | 10.552 |   0.373 |  43.8000
 4182 | 8.155 | 10.552 |   0.367 |  39.3333
 4183 | 8.049 | 10.484 |   0.352 |  60.9000
 4184 | 7.863 | 10.155 |   0.433 |  77.9333
 4185 | 7.912 | 10.788 |   0.413 |  78.7333
 4186 | 8.026 | 10.396 |   0.400 |  52.3667
 4187 | 8.570 | 10.411 |   0.381 |  70.1000
 4188 | 8.638 | 10.552 |   0.541 |  35.6333
 4189 | 8.167 | 10.924 |   0.396 |  67.0667
 4190 | 8.638 | 10.974 |   0.371 |  54.2000
 4191 | 7.440 | 10.848 |   0.379 |  62.2667
 4192 | 7.919 | 11.093 |   0.375 |  34.0000
 4193 | 8.461 | 11.263 |   0.371 |  46.7333
 4194 | 7.909 | 10.382 |   0.375 |  87.4000
 4195 | 8.373 | 10.637 |   0.344 |  75.0000
 4196 | 8.207 | 10.954 |   0.429 |  61.4000
 4197 | 8.088 | 10.823 |   0.375 |  93.5000
 4198 | 8.340 | 10.364 |   0.405 |  73.4000
 4199 | 8.088 | 10.823 |   0.375 |  68.6667
 4200 | 8.088 | 10.823 |   0.375 |  27.9333
 4201 | 7.988 | 10.677 |   0.498 |  25.1333
 4202 | 8.107 | 11.523 |   0.375 |  57.8333
 4203 | 8.097 | 11.735 |   0.338 |  65.5333
 4204 | 8.291 | 11.278 |   0.375 |  76.1667
 4205 | 7.793 | 10.419 |   0.366 |  50.7667
 4206 | 8.360 | 11.320 |   0.330 |  45.8333
 4207 | 8.232 | 11.304 |   0.332 |  52.8667
 4208 | 7.676 | 11.400 |   0.321 |  80.6667
 4209 | 8.311 | 11.541 |   0.337 |  52.5667
 4210 | 8.357 | 12.000 |   0.310 |  53.0333
 4211 | 8.772 | 10.832 |   0.325 |  42.6667
 4212 | 9.000 | 11.113 |   0.368 |  53.6000
 4213 | 8.771 | 10.947 |   0.344 |  72.5000
 4214 | 7.225 | 11.399 |   0.396 |  31.2667
 4215 | 7.940 | 11.021 |   0.328 |  73.7000
 4216 | 8.092 | 11.220 |   0.387 |  33.4333
 4217 | 8.108 | 11.286 |   0.399 |  32.4667
 4218 | 7.900 | 11.027 |   0.327 |  39.5667
 4219 | 8.057 | 11.215 |   0.381 |  73.8000
 4220 | 8.258 | 11.239 |   0.465 |  41.1333
 4221 | 7.213 | 11.240 |   0.391 |  33.5000
 4222 | 7.438 | 11.347 |   0.399 |  67.3000
 4223 | 7.499 | 11.331 |   0.391 |  37.1333
 4224 | 7.612 | 11.262 |   0.401 |  87.2667
 4225 | 7.019 | 10.740 |   0.382 |  44.5000
 4226 | 6.797 | 11.304 |   0.396 |  62.7667
 4227 | 7.610 | 11.512 |   0.412 |  51.7000
 4228 | 7.610 | 11.469 |   0.412 |  52.7667
 4229 | 7.274 | 10.748 |   0.381 |  66.9000
 4230 | 7.434 | 11.029 |   0.393 |  75.4667
 4231 | 7.106 | 10.883 |   0.489 |  80.4667
 4232 | 7.328 | 10.886 |   0.439 |  67.1333
 4233 | 7.328 | 10.886 |   0.439 |  39.8000
 4234 | 7.246 | 11.214 |   0.353 |  98.8667
 4235 | 6.665 | 11.142 |   0.396 |  45.9333
 4236 | 6.729 | 11.111 |   0.401 |  25.5000
 4237 | 7.378 | 10.932 |   0.321 |  62.1333
 4238 | 6.907 | 10.712 |   0.273 |  43.1333
 4239 | 6.820 | 10.891 |   0.379 |  81.3000
 4240 | 6.820 | 10.891 |   0.354 |  71.0000
 4241 | 7.070 | 10.843 |   0.408 |  52.7333
 4242 | 7.248 | 10.085 |   0.351 |  31.8667
 4243 | 7.220 | 10.624 |   0.347 |  57.0667
 4244 | 7.257 | 10.597 |   0.365 |  32.2333
 4245 | 7.255 | 10.602 |   0.458 |  43.1667
 4246 | 7.290 | 10.610 |   0.376 |  79.0000
 4247 | 7.349 | 10.618 |   0.356 |  63.9667
 4248 | 7.377 | 10.987 |   0.429 |  54.3667
 4249 | 7.357 | 10.966 |   0.380 |  60.3000
 4250 | 7.924 | 10.069 |   0.384 |  37.2667
 4251 | 8.024 | 10.757 |   0.369 |  74.8667
 4252 | 7.851 | 11.438 |   0.376 |  59.4667
 4253 | 8.022 | 10.758 |   0.369 |  67.8333
 4254 | 8.009 | 10.977 |   0.369 |  84.9333
 4255 | 8.009 | 10.956 |   0.369 |  62.1000
 4256 | 7.959 | 11.513 |   0.350 |  60.8000
 4257 | 8.001 | 11.510 |   0.370 |  43.6667
 4258 | 7.728 | 10.358 |   0.343 |  45.1667
 4259 | 7.467 | 11.357 |   0.374 |  34.6333
 4260 | 7.571 | 11.214 |   0.368 |  78.8333
 4261 | 7.454 | 11.142 |   0.364 |  38.9333
 4262 | 7.532 | 10.461 |   0.410 |  58.4667
 4263 | 7.518 | 10.482 |   0.466 |  62.1333
 4264 | 7.989 | 10.623 |   0.396 |  64.0333
 4265 | 7.549 | 10.508 |   0.442 |  70.4000
 4266 | 7.529 | 10.409 |   0.398 |  55.5333
 4267 | 7.556 | 10.545 |   0.439 |  28.2667
 4268 | 7.496 | 11.791 |   0.436 |  24.1667
 4269 | 7.529 | 11.191 |   0.459 |  46.3000
 4270 | 7.535 | 10.794 |   0.447 |  63.2333
 4271 | 7.759 | 10.687 |   0.488 |  72.7333
 4272 | 7.973 | 11.268 |   0.434 |  42.7667
 4273 | 7.509 | 11.144 |   0.431 |  49.6000
 4274 | 7.290 | 11.031 |   0.403 |  73.7000
 4275 | 7.606 | 10.882 |   0.400 |  40.5667
 4276 | 7.642 | 11.351 |   0.348 |  47.4333
 4277 | 7.496 | 11.247 |   0.383 |  59.8667
 4278 | 7.088 | 11.103 |   0.368 |  50.3667
 4279 | 7.491 | 10.773 |   0.389 |  43.1000
 4280 | 8.017 | 10.942 |   0.392 |  64.5333
 4281 | 7.724 | 10.784 |   0.396 |  36.6000
 4282 | 7.156 | 11.158 |   0.592 |  34.3333
 4283 | 7.966 | 10.910 |   0.431 |  57.0667
 4284 | 7.525 | 10.848 |   0.412 |  75.5000
 4285 | 7.562 | 10.845 |   0.430 |  28.7333
 4286 | 7.712 | 11.070 |   0.475 |  60.5667
 4287 | 7.673 | 11.006 |   0.498 |  54.6333
 4288 | 7.769 | 10.944 |   0.477 |  57.1000
 4289 | 7.338 | 10.934 |   0.520 |  64.2000
 4290 | 7.712 | 10.732 |   0.425 |  47.4000
 4291 | 7.716 | 10.113 |   0.425 |  85.9667
 4292 | 7.712 | 10.749 |   0.427 |  34.3333
 4293 | 7.723 | 10.504 |   0.396 |  42.5333
 4294 | 7.391 | 11.574 |   0.427 |  70.4667
 4295 | 7.613 | 10.934 |   0.457 |  69.0667
 4296 | 7.743 | 11.305 |   0.415 |  67.0000
 4297 | 7.655 | 11.258 |   0.421 |  48.7333
 4298 | 7.394 | 11.116 |   0.418 |  62.5000
 4299 | 7.395 | 11.117 |   0.418 |  55.1333
 4300 | 7.707 | 11.906 |   0.425 |  58.6333
 4301 | 7.539 | 11.400 |   0.423 |  56.3333
 4302 | 7.563 | 11.195 |   0.441 |  74.5667
 4303 | 7.427 | 11.002 |   0.407 |  56.8000
 4304 | 7.630 | 11.208 |   0.418 |  42.2667
 4305 | 7.750 | 11.199 |   0.455 |  68.7000
 4306 | 7.512 | 10.688 |   0.415 |  87.4667
 4307 | 7.607 | 11.353 |   0.436 |  83.9333
 4308 | 7.877 | 11.148 |   0.449 |  47.0000
 4309 | 7.437 | 10.922 |   0.330 |  38.6333
 4310 | 7.616 | 11.119 |   0.416 |  43.7000
 4311 | 7.209 | 10.875 |   0.385 |  75.4333
 4312 | 7.508 | 11.826 |   0.450 |  68.8667
 4313 | 7.679 | 11.444 |   0.422 |  36.0333
 4314 | 7.637 | 11.348 |   0.413 |  34.9000
 4315 | 7.651 | 11.363 |   0.431 |  84.6333
 4316 | 7.734 | 11.155 |   0.427 |  41.0000
 4317 | 7.607 | 12.000 |   0.387 |  47.2000
 4318 | 7.607 | 12.000 |   0.387 |  57.0667
 4319 | 7.608 | 11.229 |   0.388 |  53.7667
 4320 | 7.665 | 11.142 |   0.412 |  37.9000
 4321 | 7.665 | 11.142 |   0.412 |  63.9000
 4322 | 7.598 | 11.171 |   0.440 |  42.0333
 4323 | 7.598 | 11.171 |   0.440 |  40.8667
 4324 | 7.905 | 11.579 |   0.358 |  36.9667
 4325 | 7.591 | 11.415 |   0.368 |  47.4667
 4326 | 7.669 | 11.618 |   0.383 |  62.1333
 4327 | 7.528 | 11.654 |   0.390 |  60.7000
 4328 | 6.900 | 11.586 |   0.411 |  54.6667
 4329 | 7.347 | 11.495 |   0.404 |  98.9667
 4330 | 7.529 | 11.881 |   0.351 |  48.0667
 4331 | 7.131 | 11.660 |   0.407 |  49.0667
 4332 | 7.463 | 11.048 |   0.392 |  57.5667
 4333 | 8.009 | 10.610 |   0.396 |  57.0667
 4334 | 7.489 | 10.277 |   0.389 |  48.5000
 4335 | 7.883 | 10.752 |   0.395 |  52.0333
 4336 | 7.043 | 10.650 |   0.398 |  40.7000
 4337 | 7.568 | 11.014 |   0.365 |  44.4667
 4338 | 7.432 | 10.205 |   0.381 |  42.5000
 4339 | 7.504 | 10.712 |   0.383 |  51.3667
 4340 | 7.872 | 10.684 |   0.348 |  81.5333
 4341 | 7.739 | 12.000 |   0.427 |  56.1667
 4342 | 8.087 | 10.602 |   0.364 |  65.6000
 4343 | 7.627 | 11.159 |   0.627 |  58.6333
 4344 | 7.431 | 11.345 |   0.385 |  69.3333
 4345 | 7.549 |  9.934 |   0.388 |  85.6000
 4346 | 7.516 | 10.359 |   0.416 |  51.5000
 4347 | 7.869 | 10.468 |   0.419 |  55.3333
 4348 | 7.591 | 10.378 |   0.417 |  63.6333
 4349 | 7.462 |  9.713 |   0.410 |  37.2000
 4350 | 7.462 |  9.713 |   0.410 |  58.9667
 4351 | 7.757 | 10.992 |   0.419 |  66.5000
 4352 | 8.308 |  9.747 |   0.416 |  53.4000
 4353 | 7.566 | 10.310 |   0.418 |  93.8667
 4354 | 7.612 | 10.964 |   0.355 |  37.1333
 4355 | 7.734 |  9.945 |   0.360 |  51.5000
 4356 | 7.705 | 10.636 |   0.400 |  63.4333
 4357 | 7.744 |  9.853 |   0.366 |  41.7333
 4358 | 7.504 | 10.172 |   0.382 |  76.3667
 4359 | 7.753 |  9.965 |   0.531 |  73.9667
 4360 | 7.744 | 10.563 |   0.599 |  57.0333
 4361 | 7.646 |  9.953 |   0.299 |  58.7667
 4362 | 7.643 | 10.312 |   0.301 |  70.8000
 4363 | 7.325 | 10.011 |   0.407 |  46.4000
 4364 | 7.444 | 10.032 |   0.402 |  65.0333
 4365 | 7.481 |  9.449 |   0.457 |  53.7000
 4366 | 7.481 |  9.449 |   0.460 |  53.6667
 4367 | 7.345 | 10.071 |   0.406 |  55.4333
 4368 | 7.276 |  9.438 |   0.418 |  53.3667
 4369 | 7.421 |  9.587 |   0.449 |  50.5000
 4370 | 7.483 |  9.359 |   0.392 |  75.8333
 4371 | 7.483 |  9.359 |   0.392 |  47.9333
 4372 | 7.281 |  9.423 |   0.442 |  56.5333
 4373 | 6.953 |  9.608 |   0.438 |  71.7667
 4374 | 7.430 |  9.745 |   0.452 |  47.2667
 4375 | 7.138 |  9.745 |   0.452 |  48.8000
 4376 | 7.599 |  9.628 |   0.438 |  34.4667
 4377 | 7.507 | 10.544 |   0.445 |  42.2333
 4378 | 6.502 |  9.507 |   0.426 |  56.1000
 4379 | 7.449 | 10.002 |   0.433 |  63.3000
 4380 | 7.449 | 10.002 |   0.345 |  65.4333
 4381 | 7.456 |  9.286 |   0.459 |  78.7333
 4382 | 7.410 |  9.555 |   0.461 |  72.9333
 4383 | 7.434 |  9.891 |   0.382 |  56.5000
 4384 | 7.480 |  9.448 |   0.419 |  52.8333
 4385 | 7.406 |  9.904 |   0.415 |  58.5667
 4386 | 7.767 |  9.433 |   0.424 |  63.1333
 4387 | 7.556 | 10.277 |   0.415 |  48.3667
 4388 | 7.510 |  9.669 |   0.385 |  43.7000
 4389 | 7.978 | 10.128 |   0.404 |  65.8667
 4390 | 7.947 | 10.104 |   0.289 |  75.7667
 4391 | 7.708 |  9.173 |   0.379 |  42.0000
 4392 | 6.746 |  9.675 |   0.386 |  51.9000
 4393 | 7.921 |  9.804 |   0.339 |  75.4333
 4394 | 7.776 |  9.765 |   0.354 |  41.9667
 4395 | 8.137 |  9.873 |   0.344 |  86.8333
 4396 | 7.819 |  9.779 |   0.292 |  68.1333
 4397 | 7.875 |  9.479 |   0.327 |  47.2333
 4398 | 7.746 | 10.274 |   0.350 |  67.2667
 4399 | 7.746 | 10.274 |   0.350 |  48.6667
 4400 | 7.830 |  9.902 |   0.344 |  66.2000
 4401 | 8.009 |  9.880 |   0.303 |  49.2333
 4402 | 8.009 |  9.880 |   0.303 |  45.2667
 4403 | 7.620 | 10.031 |   0.330 |  49.9333
 4404 | 8.166 |  9.899 |   0.255 |  51.5333
 4405 | 7.746 |  9.560 |   0.336 |  57.0667
 4406 | 7.774 |  9.796 |   0.358 |  80.4333
 4407 | 7.689 | 10.387 |   0.313 |  56.8333
 4408 | 7.786 | 10.385 |   0.300 |  56.1667
 4409 | 7.758 |  9.563 |   0.394 |  68.7000
 4410 | 7.480 | 10.032 |   0.499 |  42.3000
 4411 | 7.066 |  9.629 |   0.357 |  74.8000
 4412 | 7.567 | 10.657 |   0.438 |  60.5667
 4413 | 7.368 |  9.642 |   0.376 |  52.5333
 4414 | 7.543 | 10.178 |   0.432 |  63.6333
 4415 | 7.459 | 10.303 |   0.458 |  39.2000
 4416 | 7.204 | 10.446 |   0.417 |  23.4333
 4417 | 7.390 | 10.374 |   0.413 |  49.4333
 4418 | 7.481 | 10.217 |   0.455 |  71.1667
 4419 | 7.480 | 10.612 |   0.458 |  58.5667
 4420 | 7.013 | 10.484 |   0.468 |  73.7000
 4421 | 7.542 | 10.225 |   0.515 |  45.3667
 4422 | 7.511 | 10.289 |   0.518 |  53.0000
 4423 | 7.424 | 10.363 |   0.559 |  58.4333
 4424 | 7.168 |  9.997 |   0.463 | 105.5333
 4425 | 7.297 | 10.265 |   0.428 |  72.4667
 4426 | 7.242 |  9.989 |   0.435 |  32.6000
 4427 | 7.193 |  9.889 |   0.488 |  28.7000
 4428 | 7.049 | 10.223 |   0.422 |  63.3667
 4429 | 7.218 | 10.350 |   0.440 |  27.6667
 4430 | 7.872 |  9.844 |   0.373 |  47.3333
 4431 | 7.182 |  9.413 |   0.295 |  62.8000
 4432 | 7.296 |  9.917 |   0.433 |  77.2000
 4433 | 7.410 |  9.868 |   0.398 | 115.6000
 4434 | 7.395 |  9.965 |   0.401 |  31.8667
 4435 | 7.407 |  9.944 |   0.398 |  55.3000
 4436 | 7.366 | 10.138 |   0.419 |  35.2333
 4437 | 7.513 | 10.384 |   0.419 |  56.4333
 4438 | 6.870 | 10.727 |   0.438 |  36.9333
 4439 | 7.649 | 10.156 |   0.359 |  46.9000
 4440 | 7.491 | 10.005 |   0.368 |  62.2333
 4441 | 6.639 | 10.334 |   0.406 |  60.9667
 4442 | 7.698 |  9.999 |   0.413 |  50.4667
 4443 | 6.947 |  9.396 |   0.411 |  47.4667
 4444 | 6.725 |  9.855 |   0.432 |  39.1000
 4445 | 7.649 | 10.331 |   0.404 |  59.6333
 4446 | 7.196 |  9.845 |   0.360 |  67.1333
 4447 | 7.325 | 10.035 |   0.487 |  41.8667
 4448 | 7.288 | 10.189 |   0.423 |  60.2000
 4449 | 8.141 | 10.117 |   0.453 |  59.2000
 4450 | 7.185 | 10.268 |   0.378 |  47.7333
 4451 | 7.203 |  9.893 |   0.338 |  60.8000
 4452 | 7.167 | 10.462 |   0.369 |  70.0000
 4453 | 7.288 |  9.283 |   0.399 |  67.8333
 4454 | 7.166 | 10.439 |   0.381 |  75.7000
 4455 | 7.219 | 10.689 |   0.379 |  55.4000
 4456 | 7.166 | 11.530 |   0.381 |  64.2000
 4457 | 7.177 | 11.337 |   0.382 |  75.4667
 4458 | 7.139 | 11.263 |   0.385 |  66.6333
 4459 | 7.139 | 11.263 |   0.385 |  38.3333
 4460 | 7.436 | 11.074 |   0.422 |  75.5667
 4461 | 7.042 | 11.271 |   0.364 |  50.3333
 4462 | 7.139 | 10.793 |   0.351 |  68.4667
 4463 | 6.857 | 10.868 |   0.396 |  50.3333
 4464 | 7.239 | 10.845 |   0.389 |  62.3667
 4465 | 7.347 | 11.081 |   0.401 |  36.3667
 4466 | 7.317 | 11.512 |   0.372 |  66.5000
 4467 | 7.297 | 10.346 |   0.332 |  58.8000
 4468 | 7.222 | 11.135 |   0.341 |  61.6333
 4469 | 7.476 | 11.002 |   0.228 |  37.9000
 4470 | 7.355 | 10.952 |   0.277 |  58.6667
 4471 | 7.258 | 10.879 |   0.341 |  85.5667
 4472 | 7.253 | 11.221 |   0.304 |  38.3000
 4473 | 7.258 | 10.879 |   0.341 |  70.4667
 4474 | 7.316 | 10.741 |   0.341 |  67.0333
 4475 | 6.890 | 10.689 |   0.334 |  53.7667
 4476 | 7.323 | 10.762 |   0.325 |  52.1000
 4477 | 7.054 | 10.749 |   0.311 |  58.8667
 4478 | 7.070 | 10.981 |   0.338 |  63.5333
 4479 | 7.146 | 10.496 |   0.338 |  54.2667
 4480 | 7.271 | 11.052 |   0.444 |  55.9667
 4481 | 7.247 | 10.533 |   0.380 |  46.6333
 4482 | 7.215 | 10.453 |   0.360 |  58.5000
 4483 | 7.259 | 10.537 |   0.369 |  42.1667
 4484 | 7.259 | 10.537 |   0.369 |  72.1000
 4485 | 7.007 | 10.515 |   0.371 |  58.3000
 4486 | 7.405 | 10.583 |   0.386 |  44.8333
 4487 | 6.990 | 10.739 |   0.389 |  73.3667
 4488 | 7.033 | 10.752 |   0.382 |  51.9667
 4489 | 7.049 | 10.721 |   0.374 |  55.3333
 4490 | 6.885 | 10.656 |   0.328 |  53.0667
 4491 | 7.641 | 10.575 |   0.397 |  76.0667
 4492 | 7.184 | 10.609 |   0.358 |  67.1667
 4493 | 7.256 | 10.853 |   0.430 |  56.9667
 4494 | 7.177 | 10.553 |   0.389 |  46.7000
 4495 | 7.597 | 11.027 |   0.379 |  57.1000
 4496 | 7.286 | 10.917 |   0.411 |  57.6667
 4497 | 7.533 | 10.955 |   0.381 |  32.0667
 4498 | 7.296 | 11.636 |   0.406 |  57.1000
 4499 | 7.297 | 10.832 |   0.313 |  63.6333
 4500 | 7.342 | 10.856 |   0.326 |  70.0000
 4501 | 7.208 | 10.700 |   0.384 |  48.4667
 4502 | 7.347 | 10.104 |   0.366 |  50.6000
 4503 | 7.442 | 10.814 |   0.339 |  62.3000
 4504 | 7.398 | 10.567 |   0.343 |  43.8667
 4505 | 7.803 | 10.619 |   0.344 |  54.2333
 4506 | 7.365 | 11.158 |   0.390 |  75.2000
 4507 | 7.013 | 10.704 |   0.362 |  63.5000
 4508 | 7.247 | 10.746 |   0.400 |  49.3000
 4509 | 7.342 | 10.759 |   0.396 |  57.5333
 4510 | 7.164 | 10.684 |   0.447 |  43.7667
 4511 | 7.226 | 10.726 |   0.392 |  79.2667
 4512 | 7.255 | 11.301 |   0.418 |  65.3667
 4513 | 6.736 | 11.180 |   0.312 |  50.3333
 4514 | 6.962 | 11.207 |   0.350 |  53.6667
 4515 | 6.761 | 11.108 |   0.322 |  50.7000
 4516 | 7.106 | 10.754 |   0.370 |  61.2000
 4517 | 7.006 | 10.858 |   0.433 |  45.1000
 4518 | 6.850 | 10.169 |   0.394 |  48.0667
 4519 | 6.976 | 10.880 |   0.384 |  60.1333
 4520 | 7.012 | 10.856 |   0.366 |  40.6333
 4521 | 6.983 | 10.847 |   0.391 |  35.2333
 4522 | 7.327 | 10.599 |   0.418 |  68.0333
 4523 | 6.968 | 10.793 |   0.392 |  43.1333
 4524 | 7.029 | 10.647 |   0.378 |  60.4667
 4525 | 7.095 | 10.838 |   0.377 |  49.8333
 4526 | 7.094 | 10.838 |   0.361 |  36.7667
 4527 | 7.102 | 10.608 |   0.419 |  24.1333
 4528 | 6.888 | 10.612 |   0.437 |  77.1000
 4529 | 6.987 | 10.631 |   0.446 |  77.1667
 4530 | 7.468 | 10.496 |   0.471 |  60.7000
 4531 | 7.276 | 10.346 |   0.414 |  27.1667
 4532 | 7.364 | 10.575 |   0.430 |  43.6667
 4533 | 6.775 | 10.570 |   0.424 |  67.2333
 4534 | 7.377 | 11.217 |   0.360 |  65.3333
 4535 | 7.007 |  9.746 |   0.363 |  42.1333
 4536 | 6.976 |  9.956 |   0.385 |  53.7000
 4537 | 8.026 | 10.161 |   0.419 |  84.9333
 4538 | 7.128 | 10.566 |   0.424 |  43.8667
 4539 | 7.128 | 10.566 |   0.424 |  92.1333
 4540 | 6.930 | 10.648 |   0.457 |  26.9000
 4541 | 7.207 | 10.466 |   0.432 |  45.8667
 4542 | 7.088 | 10.664 |   0.418 |  83.7667
 4543 | 7.137 | 10.537 |   0.343 |  80.4667
 4544 | 7.131 | 10.537 |   0.391 |  65.4333
 4545 | 7.135 | 10.689 |   0.473 |  88.0000
 4546 | 7.120 | 10.640 |   0.433 |  81.1333
 4547 | 6.989 | 10.587 |   0.313 |  30.1000
 4548 | 7.058 | 10.489 |   0.356 |  56.0667
 4549 | 6.988 | 10.377 |   0.329 |  85.5667
 4550 | 7.088 | 10.598 |   0.382 |  55.0667
 4551 | 6.876 | 10.566 |   0.386 |  72.3000
 4552 | 6.908 | 10.081 |   0.350 |  45.5667
 4553 | 7.671 |  9.968 |   0.401 |  43.3667
 4554 | 7.611 | 10.280 |   0.390 |  60.7667
 4555 | 7.251 | 10.337 |   0.341 |  67.0333
 4556 | 7.239 | 10.135 |   0.385 |  59.2667
 4557 | 6.941 | 10.481 |   0.267 |  98.9000
 4558 | 7.773 | 10.173 |   0.361 |  73.1667
 4559 | 6.789 | 10.356 |   0.530 |  64.4667
 4560 | 6.789 | 10.356 |   0.530 |  74.2333
 4561 | 7.250 | 10.168 |   0.389 |  68.5333
 4562 | 7.384 | 10.070 |   0.504 |  57.8333
 4563 | 7.340 | 11.048 |   0.451 |  63.8000
 4564 | 7.405 |  9.811 |   0.370 |  35.9000
 4565 | 7.838 | 10.449 |   0.417 |  62.3333
 4566 | 7.755 | 10.321 |   0.571 |  53.9333
 4567 | 7.604 | 10.038 |   0.420 |  39.8667
 4568 | 7.478 | 10.373 |   0.405 |  48.3000
 4569 | 7.694 | 10.228 |   0.470 |  30.5000
 4570 | 7.752 |  9.634 |   0.429 |  46.8333
 4571 | 8.495 | 10.276 |   0.423 |  62.2000
 4572 | 7.764 |  9.682 |   0.471 |  62.0333
 4573 | 7.729 | 10.748 |   0.412 |  78.9667
 4574 | 7.719 | 10.009 |   0.426 |  45.4667
 4575 | 7.767 |  9.996 |   0.446 |  63.6667
 4576 | 7.955 |  9.525 |   0.380 |  48.5000
 4577 | 7.955 |  9.525 |   0.380 |  56.0333
 4578 | 7.951 |  9.526 |   0.381 |  38.4333
 4579 | 8.025 |  9.413 |   0.389 |  93.8667
 4580 | 7.567 |  9.765 |   0.391 |  68.9333
 4581 | 7.708 |  9.656 |   0.324 |  47.1000
 4582 | 7.832 |  9.442 |   0.340 |  53.2333
 4583 | 7.585 |  9.378 |   0.392 |  72.1333
 4584 | 7.526 |  9.978 |   0.416 |  58.8667
 4585 | 7.306 | 10.070 |   0.464 |  45.4000
 4586 | 7.697 |  9.245 |   0.341 |  69.5333
 4587 | 7.663 |  9.673 |   0.383 |  52.0667
 4588 | 8.213 |  9.997 |   0.383 |  70.6333
 4589 | 8.014 |  9.596 |   0.401 |  67.1667
 4590 | 8.163 |  9.839 |   0.384 |  40.4667
 4591 | 7.965 |  9.361 |   0.389 |  40.9667
 4592 | 7.965 |  9.361 |   0.389 |  51.7000
 4593 | 8.946 |  9.462 |   0.388 |  47.4000
 4594 | 8.170 | 10.132 |   0.451 |  47.5667
 4595 | 7.539 |  9.370 |   0.426 |  65.6333
 4596 | 7.539 |  9.370 |   0.426 |  58.9000
 4597 | 8.120 |  9.655 |   0.410 | 102.2000
 4598 | 7.892 |  9.627 |   0.425 |  47.1000
 4599 | 7.920 |  9.426 |   0.426 |  65.4667
 4600 | 7.641 |  9.393 |   0.409 |  60.3000
 4601 | 7.834 |  9.421 |   0.423 |  28.7000
 4602 | 7.789 |  9.710 |   0.444 |  40.0667
 4603 | 7.833 |  9.363 |   0.403 |  80.5667
 4604 | 7.673 |  9.524 |   0.435 |  85.7333
 4605 | 7.801 |  8.662 |   0.442 |  44.8667
 4606 | 7.925 |  9.187 |   0.432 |  46.0667
 4607 | 7.281 |  9.297 |   0.393 |  41.1333
 4608 | 7.857 |  7.887 |   0.399 |  37.1000
 4609 | 8.139 |  7.990 |   0.405 |  52.5000
 4610 | 7.862 |  7.942 |   0.402 |  39.0333
 4611 | 7.342 |  8.874 |   0.407 |  62.0000
 4612 | 7.863 |  8.282 |   0.402 |  49.5333
 4613 | 7.420 |  8.527 |   0.442 |  47.7333
 4614 | 7.764 |  8.229 |   0.498 |  62.0000
 4615 | 7.765 |  8.641 |   0.408 |  61.9333
 4616 | 7.639 |  8.286 |   0.357 |  33.9333
 4617 | 8.305 |  8.554 |   0.395 |  72.2000
 4618 | 7.775 |  8.156 |   0.307 |  74.0000
 4619 | 7.724 |  8.289 |   0.334 |  25.5000
 4620 | 8.170 |  8.509 |   0.409 |  71.6333
 4621 | 7.833 |  8.269 |   0.408 |  63.0000
 4622 | 8.096 |  8.569 |   0.402 |  65.4667
 4623 | 8.132 |  7.770 |   0.367 |  49.3667
 4624 | 7.979 |  8.497 |   0.483 |  64.7667
 4625 | 7.852 |  8.333 |   0.473 |  53.1000
 4626 | 8.055 |  8.414 |   0.460 |  57.8333
 4627 | 7.388 |  8.395 |   0.334 |  64.3667
 4628 | 7.622 |  8.361 |   0.454 |  50.8667
 4629 | 7.354 |  8.149 |   0.441 |  40.9667
 4630 | 7.636 |  8.355 |   0.340 |  42.4000
 4631 | 7.657 |  8.359 |   0.356 |  82.5333
 4632 | 7.599 |  8.062 |   0.421 |  43.5667
 4633 | 7.686 |  8.323 |   0.357 |  32.1667
 4634 | 7.582 |  8.106 |   0.437 |  57.8667
 4635 | 6.818 |  8.347 |   0.413 |  57.8667
 4636 | 7.286 |  8.497 |   0.394 |  51.7667
 4637 | 7.229 |  8.126 |   0.484 |  44.8333
 4638 | 7.396 |  8.438 |   0.388 |  34.1333
 4639 | 7.292 |  7.853 |   0.445 |  46.2333
 4640 | 7.651 |  8.421 |   0.427 |  46.7333
 4641 | 7.296 |  8.204 |   0.462 |  53.1333
 4642 | 7.448 |  8.218 |   0.405 |  80.4667
 4643 | 7.527 |  7.619 |   0.520 |  73.7000
 4644 | 7.841 |  8.498 |   0.388 |  76.7000
 4645 | 7.786 |  8.540 |   0.392 |  62.8667
 4646 | 7.458 |  8.297 |   0.412 |  43.4667
 4647 | 7.443 |  8.433 |   0.353 |  62.4000
 4648 | 7.667 |  8.253 |   0.380 |  65.0333
 4649 | 7.724 |  8.527 |   0.407 |  49.5667
 4650 | 7.012 |  7.676 |   0.397 |  67.9667
 4651 | 7.670 |  8.237 |   0.372 |  56.3333
 4652 | 7.615 |  8.299 |   0.303 |  49.4667
 4653 | 7.285 |  8.071 |   0.379 |  46.0667
 4654 | 7.607 |  7.315 |   0.415 |  43.7000
 4655 | 7.497 |  7.655 |   0.372 |  73.4333
 4656 | 7.174 |  7.892 |   0.474 |  50.4000
 4657 | 7.617 |  7.780 |   0.462 |  65.4667
 4658 | 6.901 |  7.848 |   0.413 |  43.6667
 4659 | 7.518 |  7.196 |   0.391 |  52.7333
 4660 | 7.095 |  7.816 |   0.408 |  77.0333
 4661 | 7.175 |  7.596 |   0.422 |  63.8333
 4662 | 7.151 |  7.749 |   0.396 |  41.5000
 4663 | 7.125 |  7.543 |   0.403 |  54.6333
 4664 | 7.091 |  7.672 |   0.379 |  39.4000
 4665 | 6.926 |  7.385 |   0.501 |  43.2667
 4666 | 7.152 |  7.712 |   0.391 |  73.9000
 4667 | 7.043 |  7.299 |   0.463 |  50.3000
 4668 | 7.043 |  7.568 |   0.372 |  55.0000
 4669 | 7.362 |  7.322 |   0.402 |  50.4333
 4670 | 7.028 |  7.572 |   0.470 |  42.1000
 4671 | 7.138 |  7.755 |   0.435 |  70.4667
 4672 | 7.060 |  7.789 |   0.496 |  20.9667
 4673 | 7.183 |  7.313 |   0.427 |  56.4667
 4674 | 7.269 |  7.873 |   0.372 |  37.1333
 4675 | 7.200 |  7.130 |   0.402 |  66.8667
 4676 | 6.827 |  7.274 |   0.415 |  57.2667
 4677 | 7.337 |  6.951 |   0.471 |  39.9000
 4678 | 7.316 |  6.813 |   0.447 |  48.0667
 4679 | 6.941 |  7.439 |   0.400 |  51.8333
 4680 | 7.605 |  6.362 |   0.375 |  69.0333
 4681 | 7.274 |  6.822 |   0.460 |  53.8000
 4682 | 7.012 |  7.101 |   0.439 |  55.6000
 4683 | 7.210 |  7.015 |   0.442 |  67.2667
 4684 | 7.561 |  6.653 |   0.456 |  61.6667
 4685 | 7.561 |  6.653 |   0.456 |  72.2333
 4686 | 7.388 |  6.782 |   0.435 |  55.3333
 4687 | 7.119 |  7.701 |   0.497 |  44.5000
 4688 | 6.883 |  6.774 |   0.406 |  44.2667
 4689 | 7.304 |  7.040 |   0.487 |  46.9333
 4690 | 7.479 |  7.638 |   0.417 |  42.9333
 4691 | 6.993 |  6.749 |   0.402 |  49.4000
 4692 | 7.371 |  7.795 |   0.531 |  46.8667
 4693 | 7.366 |  7.750 |   0.635 |  52.0333
 4694 | 7.281 |  7.264 |   0.349 |  83.8667
 4695 | 7.281 |  7.264 |   0.349 |  79.1000
 4696 | 7.283 |  7.577 |   0.405 |  49.3000
 4697 | 7.311 |  7.553 |   0.405 |  56.8667
 4698 | 7.308 |  7.555 |   0.405 |  71.9667
 4699 | 7.274 |  8.082 |   0.394 |  36.6000
 4700 | 8.097 |  6.934 |   0.436 |  64.6000
 4701 | 7.509 |  7.618 |   0.357 |  60.0333
 4702 | 7.509 |  8.049 |   0.389 |  82.3000
 4703 | 7.272 |  7.401 |   0.369 |  62.0333
 4704 | 7.373 |  7.871 |   0.448 |  73.2333
 4705 | 7.401 |  7.848 |   0.395 |  87.7333
 4706 | 7.506 |  7.209 |   0.349 |  88.9000
 4707 | 7.334 |  7.438 |   0.338 |  55.1000
 4708 | 7.356 |  7.373 |   0.338 |  79.7667
 4709 | 7.412 |  7.214 |   0.340 |  62.4000
 4710 | 7.356 |  7.373 |   0.338 |  61.1000
 4711 | 7.441 |  6.586 |   0.413 |  59.7667
 4712 | 7.474 |  7.212 |   0.345 |  45.3667
 4713 | 7.434 |  6.657 |   0.367 |  95.9000
 4714 | 7.227 |  7.376 |   0.315 |  81.6000
 4715 | 7.197 |  7.001 |   0.318 |  92.1333
 4716 | 7.433 |  7.243 |   0.300 |  63.8000
 4717 | 7.400 |  7.208 |   0.288 |  63.6667
 4718 | 7.396 |  7.196 |   0.277 |  87.1000
 4719 | 7.426 |  7.185 |   0.278 |  39.5667
 4720 | 7.111 |  6.836 |   0.313 |  49.2667
 4721 | 8.343 |  6.278 |   0.302 |  45.0333
 4722 | 6.912 |  6.360 |   0.201 |  60.7333
 4723 | 7.580 |  6.823 |   0.329 |  60.1333
 4724 | 7.533 |  6.958 |   0.311 |  54.0333
 4725 | 7.961 |  6.223 |   0.284 |  26.3667
 4726 | 7.610 |  6.848 |   0.400 |  75.4000
 4727 | 7.745 |  6.457 |   0.392 |  59.5000
 4728 | 9.000 |  6.520 |   0.339 |  63.3000
 4729 | 7.830 |  6.713 |   0.293 |  62.1000
 4730 | 8.409 |  7.240 |   0.346 |  71.7000
 4731 | 8.382 |  7.158 |   0.348 |  45.9667
 4732 | 8.506 |  6.538 |   0.387 |  59.3667
 4733 | 7.785 |  6.635 |   0.349 |  43.1667
 4734 | 8.327 |  6.133 |   0.400 |  57.1333
 4735 | 8.200 |  6.682 |   0.364 |  59.3333
 4736 | 8.041 |  6.552 |   0.359 |  41.9333
 4737 | 8.838 |  6.696 |   0.321 |  69.1333
 4738 | 8.084 |  6.517 |   0.367 |  77.2333
 4739 | 8.040 |  6.590 |   0.272 |  67.1667
 4740 | 7.951 |  6.609 |   0.300 |  58.7333
 4741 | 8.802 |  6.701 |   0.327 |  61.7333
 4742 | 8.694 |  6.636 |   0.346 |  33.8333
 4743 | 8.150 |  5.718 |   0.236 |  51.3333
 4744 | 8.439 |  6.900 |   0.325 |  57.5333
 4745 | 8.037 |  7.059 |   0.302 |  61.4667
 4746 | 8.431 |  6.450 |   0.329 |  46.6667
 4747 | 8.261 |  6.307 |   0.281 |  35.3667
 4748 | 7.978 |  6.846 |   0.360 |  54.4667
 4749 | 8.376 |  7.046 |   0.351 |  50.6333
 4750 | 8.376 |  7.046 |   0.351 |  40.7333
 4751 | 8.626 |  7.008 |   0.343 |  55.2667
 4752 | 8.313 |  6.942 |   0.269 |  60.7667
 4753 | 8.338 |  7.915 |   0.457 |  50.8333
 4754 | 8.531 |  7.061 |   0.389 |  57.1333
 4755 | 8.527 |  7.101 |   0.564 |  63.6667
 4756 | 8.460 |  7.039 |   0.369 |  48.7333
 4757 | 8.902 |  7.331 |   0.406 |  40.6333
 4758 | 8.451 |  7.861 |   0.413 |  32.8000
 4759 | 8.451 |  7.861 |   0.413 |  38.8000
 4760 | 8.281 |  7.635 |   0.336 |  46.5333
 4761 | 9.000 |  7.140 |   0.407 |  37.1333
 4762 | 8.656 |  6.697 |   0.328 |  72.1000
 4763 | 8.917 |  7.332 |   0.434 |  80.5333
 4764 | 8.900 |  7.283 |   0.432 |  65.4000
 4765 | 8.507 |  6.226 |   0.347 |  58.8667
 4766 | 8.849 |  7.009 |   0.433 |  51.6333
 4767 | 8.326 |  6.740 |   0.500 |  48.6667
 4768 | 8.867 |  6.932 |   0.362 |  42.5667
 4769 | 8.686 |  6.858 |   0.402 |  50.4667
 4770 | 8.903 |  7.214 |   0.331 |  70.4000
 4771 | 8.718 |  6.458 |   0.459 |  43.8333
 4772 | 8.551 |  7.171 |   0.364 |  42.4000
 4773 | 8.613 |  7.107 |   0.376 |  90.6000
 4774 | 8.196 |  6.799 |   0.369 |  55.1000
 4775 | 8.682 |  7.008 |   0.287 |  61.9000
 4776 | 7.923 |  6.654 |   0.344 |  21.8333
 4777 | 8.556 |  7.305 |   0.351 |  68.2333
 4778 | 8.816 |  6.834 |   0.361 |  80.5333
 4779 | 8.512 |  6.696 |   0.253 |  75.5333
 4780 | 8.457 |  6.994 |   0.291 |  73.9000
 4781 | 8.070 |  7.119 |   0.347 |  70.4667
 4782 | 8.330 |  7.121 |   0.399 |  48.6333
 4783 | 8.095 |  7.110 |   0.410 |  68.2667
 4784 | 8.095 |  7.110 |   0.410 |  32.3333
 4785 | 8.295 |  7.051 |   0.403 |  78.7333
 4786 | 8.126 |  7.536 |   0.296 |  38.3333
 4787 | 8.269 |  6.919 |   0.389 |  45.2000
 4788 | 8.066 |  7.714 |   0.378 |  47.5667
 4789 | 8.049 |  7.268 |   0.366 |  80.4333
 4790 | 8.670 |  7.666 |   0.348 |  64.7333
 4791 | 8.059 |  7.032 |   0.370 |  50.7000
 4792 | 8.215 |  7.056 |   0.370 |  42.1667
 4793 | 7.992 |  7.205 |   0.364 |  77.2333
 4794 | 8.284 |  8.253 |   0.356 |  97.2000
 4795 | 8.364 |  7.348 |   0.283 |  60.6333
 4796 | 8.215 |  7.232 |   0.352 |  70.8000
 4797 | 7.783 |  7.341 |   0.326 |  58.9000
 4798 | 8.040 |  7.283 |   0.260 |  49.1333
 4799 | 8.102 |  7.257 |   0.350 |  48.7333
 4800 | 7.997 |  7.440 |   0.471 |  32.3667
 4801 | 7.809 |  7.385 |   0.350 |  41.6000
 4802 | 7.801 |  7.426 |   0.446 |  51.7333
 4803 | 7.751 |  7.379 |   0.328 |  55.7000
 4804 | 7.751 |  7.379 |   0.328 |  75.2000
 4805 | 7.788 |  7.427 |   0.335 |  46.0333
 4806 | 7.843 |  7.810 |   0.344 |  52.5000
 4807 | 7.797 |  7.500 |   0.341 |  34.1000
 4808 | 7.797 |  7.500 |   0.341 |  65.6667
 4809 | 7.616 |  7.444 |   0.314 |  60.4667
 4810 | 8.242 |  7.507 |   0.372 |  51.9667
 4811 | 7.878 |  7.480 |   0.314 |  51.3667
 4812 | 8.214 |  7.709 |   0.334 |  60.3333
 4813 | 8.254 |  7.917 |   0.312 |  39.5333
 4814 | 8.128 |  7.448 |   0.347 |  41.7333
 4815 | 7.722 |  7.602 |   0.374 |  64.3667
 4816 | 7.359 |  7.333 |   0.310 |  77.4000
 4817 | 7.764 |  7.671 |   0.319 |  48.7333
 4818 | 7.815 |  7.502 |   0.347 |  61.5333
 4819 | 7.683 |  7.324 |   0.356 |  50.3667
 4820 | 7.704 |  7.361 |   0.406 |  70.1000
 4821 | 7.745 |  6.599 |   0.372 |  69.5667
 4822 | 7.885 |  7.389 |   0.432 |  47.1667
 4823 | 7.586 |  6.831 |   0.359 |  81.2667
 4824 | 7.703 |  7.394 |   0.381 |  63.3000
 4825 | 7.615 |  7.216 |   0.404 |  60.2000
 4826 | 7.672 |  6.914 |   0.340 |  58.9333
 4827 | 7.659 |  7.213 |   0.372 |  62.1000
 4828 | 7.659 |  7.213 |   0.372 |  67.6667
 4829 | 7.674 |  7.252 |   0.394 |  58.7667
 4830 | 7.932 |  7.191 |   0.397 |  59.2000
 4831 | 6.979 |  6.872 |   0.386 |  48.7000
 4832 | 7.671 |  7.820 |   0.409 |  46.0333
 4833 | 7.690 |  7.200 |   0.416 |  58.7667
 4834 | 7.640 |  7.240 |   0.440 |  51.4333
 4835 | 8.457 |  7.285 |   0.441 |  45.3000
 4836 | 7.674 |  8.080 |   0.315 |  65.2000
 4837 | 8.225 |  7.497 |   0.358 |  70.5000
 4838 | 7.291 |  7.264 |   0.474 |  51.6333
 4839 | 7.418 |  7.324 |   0.452 |  62.0000
 4840 | 8.085 |  8.635 |   0.363 |  37.1333
 4841 | 8.398 |  7.846 |   0.371 |  51.9333
 4842 | 7.709 |  7.734 |   0.399 |  46.6000
 4843 | 8.109 |  8.052 |   0.395 |  72.1667
 4844 | 7.929 |  8.456 |   0.318 |  59.3667
 4845 | 8.034 |  8.170 |   0.387 |  42.0000
 4846 | 7.894 |  7.788 |   0.394 |  50.3333
 4847 | 8.082 |  8.131 |   0.370 |  63.8333
 4848 | 8.017 |  8.125 |   0.344 |  43.2667
 4849 | 7.922 |  7.868 |   0.423 |  53.7333
 4850 | 7.926 |  7.808 |   0.405 |  65.9667
 4851 | 8.263 |  7.808 |   0.405 |  47.7000
 4852 | 7.950 |  8.388 |   0.359 |  59.4667
 4853 | 8.222 |  8.272 |   0.377 |  77.4000
 4854 | 8.059 |  7.545 |   0.403 |  44.3000
 4855 | 7.896 |  8.163 |   0.382 |  30.8000
 4856 | 7.939 |  8.968 |   0.351 |  38.7000
 4857 | 7.946 |  9.198 |   0.374 |  59.1000
 4858 | 7.726 |  7.945 |   0.354 |  63.8333
 4859 | 8.051 |  8.400 |   0.384 |  67.1667
 4860 | 7.840 |  8.058 |   0.397 |  59.7333
 4861 | 8.058 |  8.271 |   0.388 |  72.2000
 4862 | 8.058 |  8.271 |   0.388 |  65.4333
 4863 | 8.049 |  8.238 |   0.576 |  65.1000
 4864 | 8.325 |  8.552 |   0.387 |  77.1000
 4865 | 8.052 |  8.250 |   0.428 |  40.3000
 4866 | 7.969 |  8.004 |   0.365 |  60.4000
 4867 | 7.722 |  8.570 |   0.287 |  62.8000
 4868 | 7.804 |  8.211 |   0.359 |  46.3000
 4869 | 6.993 |  8.259 |   0.395 |  56.7333
 4870 | 7.687 |  8.230 |   0.342 |  64.1333
 4871 | 8.227 |  9.228 |   0.346 |  50.4000
 4872 | 7.647 |  8.060 |   0.378 |  60.6000
 4873 | 7.301 |  8.261 |   0.348 |  57.3333
 4874 | 7.200 |  8.124 |   0.369 |  57.0667
 4875 | 7.636 |  8.959 |   0.407 |  51.1667
 4876 | 7.767 |  8.109 |   0.365 |  74.3333
 4877 | 7.776 |  8.290 |   0.383 |  52.0000
 4878 | 7.476 |  9.157 |   0.417 |  62.0333
 4879 | 7.747 |  8.372 |   0.376 |  62.0333
 4880 | 7.754 |  8.901 |   0.372 |  42.8333
 4881 | 7.899 |  7.805 |   0.379 |  51.2000
 4882 | 7.969 |  8.900 |   0.372 |  53.8667
 4883 | 7.625 |  7.869 |   0.356 |  60.2000
 4884 | 7.577 |  8.569 |   0.371 |  67.0333
 4885 | 7.733 |  8.726 |   0.345 |  72.1000
 4886 | 7.733 |  8.726 |   0.345 |  36.8000
 4887 | 7.526 |  8.575 |   0.376 |  67.5333
 4888 | 7.732 |  7.222 |   0.363 |  73.0667
 4889 | 8.061 |  8.456 |   0.297 |  58.3333
 4890 | 7.728 |  8.281 |   0.341 |  88.7333
 4891 | 7.378 |  8.154 |   0.371 |  83.7667
 4892 | 7.400 |  7.868 |   0.313 |  38.7000
 4893 | 7.081 |  7.467 |   0.322 |  67.2333
 4894 | 7.486 |  8.085 |   0.363 |  88.8000
 4895 | 7.451 |  8.090 |   0.362 |  48.3667
 4896 | 7.208 |  7.755 |   0.396 |  31.5667
 4897 | 7.385 |  7.625 |   0.366 |  37.4333
 4898 | 7.473 |  8.131 |   0.325 |  40.1667
 4899 | 7.463 |  7.939 |   0.406 |  47.8333
 4900 | 7.476 |  7.501 |   0.481 |  30.3333
 4901 | 7.752 |  7.375 |   0.286 |  36.6000
 4902 | 7.458 |  7.946 |   0.416 |  49.8667
 4903 | 7.516 |  7.789 |   0.300 |  60.6000
 4904 | 7.312 |  8.172 |   0.376 |  37.1333
 4905 | 7.415 |  7.580 |   0.350 |  51.2000
 4906 | 7.415 |  7.580 |   0.350 |  61.4333
 4907 | 7.401 |  7.620 |   0.400 |  72.0000
 4908 | 7.401 |  7.820 |   0.331 |  41.4000
 4909 | 7.311 |  7.242 |   0.357 |  53.6667
 4910 | 7.799 |  7.277 |   0.334 |  58.7667
 4911 | 7.260 |  7.360 |   0.405 |  78.4000
 4912 | 7.917 |  7.304 |   0.349 |  33.6333
 4913 | 6.923 |  7.095 |   0.414 |  70.8667
 4914 | 6.923 |  7.095 |   0.414 |  92.5000
 4915 | 7.334 |  7.390 |   0.305 |  49.1333
 4916 | 7.422 |  7.494 |   0.325 |  53.8333
 4917 | 7.367 |  7.242 |   0.386 |  56.0333
 4918 | 7.183 |  6.266 |   0.395 |  40.2000
 4919 | 7.240 |  6.688 |   0.376 |  66.5667
 4920 | 7.336 |  7.007 |   0.324 |  44.4333
 4921 | 8.031 |  7.231 |   0.342 |  62.6667
 4922 | 7.850 |  7.177 |   0.338 |  53.7667
 4923 | 7.366 |  7.037 |   0.339 |  37.2667
 4924 | 7.745 |  7.368 |   0.276 |  68.0333
 4925 | 7.263 |  6.834 |   0.446 |  49.4333
 4926 | 7.410 |  6.933 |   0.354 |  60.9667
 4927 | 7.350 |  6.732 |   0.330 |  70.4000
 4928 | 7.532 |  6.902 |   0.325 |  65.3667
 4929 | 7.545 |  6.904 |   0.369 |  57.2333
 4930 | 7.404 |  6.599 |   0.403 |  65.5333
 4931 | 7.413 |  6.115 |   0.398 |  80.5333
 4932 | 7.426 |  6.732 |   0.397 |  73.7000
 4933 | 7.439 |  7.010 |   0.392 |  39.6000
 4934 | 7.447 |  6.562 |   0.386 |  62.3000
 4935 | 7.284 |  6.603 |   0.370 |  48.8000
 4936 | 8.062 |  7.016 |   0.388 |  54.1000
 4937 | 7.681 |  6.651 |   0.381 |  37.0333
 4938 | 7.316 |  6.454 |   0.389 |  61.6000
 4939 | 7.718 |  6.711 |   0.409 |  57.0000
 4940 | 7.446 |  6.541 |   0.370 |  51.6333
 4941 | 7.494 |  6.547 |   0.431 |  41.6000
 4942 | 7.691 |  6.512 |   0.382 |  26.0333
 4943 | 7.515 |  6.366 |   0.370 |  70.5000
 4944 | 7.352 |  6.387 |   0.388 |  67.0667
 4945 | 6.982 |  6.498 |   0.524 |  36.8667
 4946 | 7.359 |  6.236 |   0.361 |  53.6667
 4947 | 7.092 |  6.597 |   0.386 |  50.4667
 4948 | 7.230 |  5.759 |   0.392 |  27.1000
 4949 | 6.987 |  6.371 |   0.451 |  62.1000
 4950 | 7.203 |  7.141 |   0.338 |  58.8333
 4951 | 7.380 |  6.698 |   0.352 |  58.9000
 4952 | 7.287 |  6.877 |   0.348 |  55.3000
 4953 | 7.521 |  6.331 |   0.339 |  55.3000
 4954 | 7.212 |  6.943 |   0.353 |  39.3333
 4955 | 7.109 |  6.739 |   0.403 |  47.2000
 4956 | 6.965 |  6.477 |   0.311 |  68.3000
 4957 | 7.173 |  7.470 |   0.386 |  50.0667
 4958 | 7.031 |  6.996 |   0.322 |  43.7000
 4959 | 7.047 |  7.051 |   0.326 |  39.4667
 4960 | 7.144 |  6.979 |   0.432 |  72.0667
 4961 | 7.361 |  6.919 |   0.370 |  59.6000
 4962 | 7.361 |  6.919 |   0.370 |  40.1000
 4963 | 7.347 |  7.223 |   0.454 |  35.2667
 4964 | 7.347 |  7.223 |   0.454 |  72.1000
 4965 | 7.080 |  6.600 |   0.329 |  55.4667
 4966 | 7.080 |  6.349 |   0.329 |  51.9667
 4967 | 7.147 |  6.768 |   0.277 |  52.7000
 4968 | 7.147 |  6.768 |   0.277 |  78.1000
 4969 | 7.373 |  8.002 |   0.309 |  80.5333
 4970 | 7.282 |  6.700 |   0.358 |  62.7667
 4971 | 7.282 |  7.497 |   0.327 |  70.4667
 4972 | 7.070 |  6.861 |   0.395 |  67.3000
 4973 | 7.257 |  6.666 |   0.333 |  45.9000
 4974 | 7.185 |  7.089 |   0.320 |  78.7333
 4975 | 6.916 |  6.880 |   0.355 |  36.3667
 4976 | 7.259 |  6.591 |   0.369 |  62.6000
 4977 | 6.925 |  6.609 |   0.370 |  62.0000
 4978 | 7.320 |  6.903 |   0.382 |  52.0000
 4979 | 7.171 |  6.850 |   0.243 |  93.8333
 4980 | 7.006 |  6.605 |   0.364 |  33.2333
 4981 | 7.006 |  6.605 |   0.364 |  95.4667
 4982 | 7.157 |  6.423 |   0.368 |  33.6000
 4983 | 7.188 |  6.359 |   0.399 |  43.6333
 4984 | 7.023 |  6.671 |   0.354 |  62.4667
 4985 | 7.042 |  6.614 |   0.476 |  57.1333
 4986 | 7.129 |  6.737 |   0.344 |  49.1000
 4987 | 7.176 |  6.537 |   0.377 |  72.9000
 4988 | 7.105 |  6.300 |   0.362 |  41.7667
 4989 | 7.443 |  5.786 |   0.361 |  63.5333
 4990 | 7.334 |  6.472 |   0.441 |  51.9333
 4991 | 7.213 |  6.278 |   0.402 |  63.7333
 4992 | 7.364 |  6.341 |   0.369 |  37.1333
 4993 | 7.384 |  6.135 |   0.389 |  43.7000
 4994 | 7.168 |  6.213 |   0.419 |  68.4000
 4995 | 7.481 |  6.830 |   0.369 |  41.1667
 4996 | 7.632 |  6.377 |   0.375 |  53.8333
 4997 | 7.458 |  7.050 |   0.418 |  42.6000
 4998 | 7.544 |  6.682 |   0.434 |  37.1333
 4999 | 7.578 |  6.741 |   0.436 |  55.4333
 5000 | 8.148 |  7.070 |   0.447 |  63.8333
 5001 | 7.479 |  6.965 |   0.418 |  63.7000
 5002 | 7.543 |  6.767 |   0.491 |  43.7667
 5003 | 7.403 |  6.689 |   0.417 |  33.4333
 5004 | 7.994 |  6.815 |   0.420 |  28.3000
 5005 | 7.590 |  6.779 |   0.414 |  33.3333
 5006 | 7.323 |  7.411 |   0.400 |  70.4000
 5007 | 7.783 |  6.672 |   0.555 |  42.0000
 5008 | 7.813 |  6.327 |   0.519 |  47.0000
 5009 | 7.740 |  6.646 |   0.548 |  66.8667
 5010 | 7.731 |  6.128 |   0.541 |  33.6333
 5011 | 7.525 |  6.567 |   0.497 |  30.3667
 5012 | 7.499 |  7.082 |   0.404 |  50.2000
 5013 | 7.499 |  7.082 |   0.404 |  35.6000
 5014 | 7.682 |  6.982 |   0.422 |  26.8333
 5015 | 7.506 |  7.014 |   0.484 |  32.0333
 5016 | 6.762 |  7.466 |   0.422 |  50.4667
 5017 | 7.696 |  7.237 |   0.371 |  38.0667
 5018 | 7.628 |  7.183 |   0.404 |  77.1000
 5019 | 7.591 |  7.189 |   0.375 |  45.3333
 5020 | 7.466 |  7.474 |   0.409 |  52.0667
 5021 | 7.417 |  7.666 |   0.354 |  88.8000
 5022 | 7.466 |  7.474 |   0.409 |  53.7667
 5023 | 7.604 |  7.238 |   0.366 |  48.7333
 5024 | 7.424 |  7.453 |   0.409 |  51.9333
 5025 | 7.477 |  6.798 |   0.396 |  53.8333
 5026 | 7.401 |  6.958 |   0.345 |  53.7333
 5027 | 7.313 |  7.119 |   0.387 |  45.5000
 5028 | 7.168 |  7.316 |   0.376 |  69.7000
 5029 | 7.168 |  7.316 |   0.376 |  48.7333
 5030 | 7.229 |  7.289 |   0.388 |  82.1000
 5031 | 7.133 |  7.292 |   0.418 |  72.4000
 5032 | 7.278 |  7.012 |   0.415 |  41.3667
 5033 | 7.061 |  6.920 |   0.382 |  57.0000
 5034 | 7.279 |  6.835 |   0.376 |  63.0000
 5035 | 7.092 |  6.771 |   0.392 |  47.0333
 5036 | 6.918 |  6.998 |   0.438 |  53.6667
 5037 | 7.645 |  7.253 |   0.383 |  48.5667
 5038 | 7.788 |  7.433 |   0.348 |  42.9333
 5039 | 8.275 |  7.464 |   0.513 |  46.3667
 5040 | 7.562 |  7.022 |   0.379 |  72.8333
 5041 | 7.593 |  7.352 |   0.411 |  53.7333
 5042 | 7.153 |  7.418 |   0.411 |  83.2000
 5043 | 7.395 |  7.346 |   0.383 |  80.5333
 5044 | 7.499 |  7.264 |   0.424 |  61.0333
 5045 | 7.400 |  7.290 |   0.394 |  69.3333
 5046 | 6.907 |  7.373 |   0.350 |  58.2667
 5047 | 6.933 |  7.189 |   0.332 |  33.8000
 5048 | 7.308 |  6.758 |   0.347 |  48.2000
 5049 | 7.597 |  7.028 |   0.323 |  65.4333
 5050 | 7.349 |  6.797 |   0.382 |  72.2000
 5051 | 7.166 |  6.929 |   0.363 |  48.2000
 5052 | 6.911 |  6.370 |   0.368 |  73.8667
 5053 | 7.450 |  7.047 |   0.352 |  55.3000
 5054 | 7.759 |  7.100 |   0.398 |  80.4333
 5055 | 7.044 |  6.996 |   0.230 |  60.3667
 5056 | 7.473 |  6.888 |   0.354 |  88.9000
 5057 | 7.153 |  6.655 |   0.304 |  55.7333
 5058 | 7.279 |  6.500 |   0.289 |  50.9000
 5059 | 7.384 |  6.840 |   0.414 |  60.1000
 5060 | 7.547 |  5.749 |   0.385 |  67.5000
 5061 | 7.314 |  6.520 |   0.316 |  47.9667
 5062 | 7.477 |  6.155 |   0.288 |  63.9333
 5063 | 7.231 |  6.446 |   0.346 |  62.3667
 5064 | 7.726 |  6.922 |   0.358 |  46.1667
 5065 | 7.726 |  6.922 |   0.358 |  28.7333
 5066 | 6.914 |  6.704 |   0.418 |  46.7000
 5067 | 6.825 |  6.794 |   0.361 |  50.5333
 5068 | 7.119 |  6.859 |   0.385 |  55.3667
 5069 | 6.999 |  6.764 |   0.370 |  61.8333
 5070 | 6.945 |  6.748 |   0.323 |  72.8333
 5071 | 7.461 |  6.884 |   0.345 |  50.4000
 5072 | 6.943 |  6.763 |   0.326 |  57.1000
 5073 | 7.050 |  6.867 |   0.357 |  80.5667
 5074 | 7.917 |  7.005 |   0.328 |  70.4000
 5075 | 7.194 |  6.282 |   0.350 |  53.5000
 5076 | 7.392 |  6.538 |   0.352 |  56.9667
 5077 | 7.392 |  6.538 |   0.352 |  47.6000
 5078 | 7.332 |  6.389 |   0.340 |  48.7333
 5079 | 7.310 |  6.543 |   0.343 |  45.7333
 5080 | 7.174 |  6.927 |   0.337 |  70.4667
 5081 | 7.174 |  6.927 |   0.337 |  95.6333
 5082 | 7.390 |  6.573 |   0.338 |  69.9000
 5083 | 7.203 |  6.814 |   0.339 |  27.4667
 5084 | 7.400 |  6.609 |   0.363 |  69.1000
 5085 | 7.650 |  6.609 |   0.363 |  48.7333
 5086 | 8.731 |  6.385 |   0.458 |  52.5667
 5087 | 7.402 |  6.510 |   0.346 |  52.6000
 5088 | 7.090 |  6.067 |   0.374 |  55.8000
 5089 | 7.929 |  6.934 |   0.338 |  74.0333
 5090 | 7.407 |  6.911 |   0.346 |  43.7000
 5091 | 7.323 |  5.922 |   0.346 | 102.2000
 5092 | 7.797 |  5.295 |   0.342 |  23.6000
 5093 | 7.269 |  6.547 |   0.304 |  48.6667
 5094 | 8.014 |  6.455 |   0.320 |  58.1000
 5095 | 7.313 |  5.937 |   0.315 |  64.3000
 5096 | 7.301 |  6.363 |   0.312 |  37.1000
 5097 | 7.472 |  5.680 |   0.362 |  35.2000
 5098 | 7.312 |  6.061 |   0.318 |  52.1333
 5099 | 7.681 |  5.905 |   0.362 |  42.1000
 5100 | 6.994 |  6.155 |   0.293 |  47.1667
 5101 | 6.997 |  6.117 |   0.327 |  58.7667
 5102 | 7.145 |  6.591 |   0.328 |  58.7000
 5103 | 7.274 |  6.102 |   0.353 |  78.7667
 5104 | 7.141 |  6.604 |   0.334 |  56.0000
 5105 | 7.233 |  6.344 |   0.367 |  75.5000
 5106 | 7.234 |  5.425 |   0.337 |  70.4667
 5107 | 7.516 |  6.064 |   0.358 |  30.5667
 5108 | 6.846 |  5.360 |   0.373 |  50.2667
 5109 | 7.055 |  4.915 |   0.404 |  69.4000
 5110 | 7.198 |  5.914 |   0.358 |  67.0667
 5111 | 6.949 |  5.739 |   0.405 |  52.8000
 5112 | 7.131 |  5.187 |   0.493 |  48.9333
 5113 | 6.825 |  6.962 |   0.373 |  35.6667
 5114 | 7.585 |  6.004 |   0.360 |  60.5000
 5115 | 6.962 |  5.765 |   0.352 |  82.1000
 5116 | 7.397 |  4.746 |   0.357 |  59.8000
 5117 | 7.400 |  6.652 |   0.398 |  52.3333
 5118 | 7.359 |  5.746 |   0.391 |  87.1000
 5119 | 7.136 |  5.429 |   0.327 |  43.7000
 5120 | 7.554 |  5.544 |   0.358 |  69.1333
 5121 | 7.460 |  5.565 |   0.355 |  54.6333
 5122 | 7.240 |  5.374 |   0.348 |  46.1000
 5123 | 7.268 |  5.978 |   0.375 |  71.6333
 5124 | 7.230 |  5.907 |   0.371 |  47.5000
 5125 | 7.015 |  6.382 |   0.355 |  57.4000
 5126 | 6.837 |  5.677 |   0.424 |  58.2000
 5127 | 6.986 |  5.638 |   0.385 |  70.7000
 5128 | 6.996 |  5.606 |   0.366 |  67.1333
 5129 | 6.996 |  5.606 |   0.366 |  60.3000
 5130 | 7.007 |  5.496 |   0.366 |  87.1000
 5131 | 6.968 |  5.579 |   0.204 |  36.8333
 5132 | 7.093 |  5.836 |   0.211 |  62.1667
 5133 | 7.002 |  5.328 |   0.304 |  47.6667
 5134 | 7.704 |  4.794 |   0.358 |  70.4667
 5135 | 7.710 |  4.962 |   0.341 |  48.6333
 5136 | 7.012 |  4.157 |   0.461 |  75.3333
 5137 | 7.015 |  4.262 |   0.430 |  67.4667
 5138 | 7.048 |  3.976 |   0.338 |  57.0000
 5139 | 7.219 |  4.843 |   0.422 |  43.6000
 5140 | 7.900 |  4.738 |   0.380 |  44.0333
 5141 | 7.110 |  4.863 |   0.417 |  46.9333
 5142 | 7.110 |  4.863 |   0.417 |  57.9000
 5143 | 6.598 |  5.166 |   0.400 |  58.8000
 5144 | 7.566 |  5.352 |   0.353 |  72.1000
 5145 | 6.787 |  4.903 |   0.212 |  59.5000
 5146 | 7.017 |  4.938 |   0.411 |  36.9333
 5147 | 6.876 |  4.917 |   0.297 |  47.9000
 5148 | 6.934 |  5.511 |   0.404 |  39.7333
 5149 | 6.934 |  5.947 |   0.379 |  46.9333
 5150 | 7.263 |  5.071 |   0.375 |  68.8333
 5151 | 6.987 |  5.107 |   0.344 |  80.2667
 5152 | 6.987 |  5.107 |   0.344 |  93.8333
 5153 | 7.595 |  5.600 |   0.363 |  51.9667
 5154 | 7.153 |  5.144 |   0.353 |  47.1333
 5155 | 7.315 |  5.357 |   0.364 |  75.4333
 5156 | 7.277 |  4.906 |   0.358 |  55.6667
 5157 | 7.168 |  4.905 |   0.333 |  54.9667
 5158 | 7.126 |  4.099 |   0.383 |  67.1667
 5159 | 7.126 |  4.099 |   0.383 |  55.5333
 5160 | 7.183 |  4.795 |   0.373 |  71.6333
 5161 | 7.499 |  5.166 |   0.351 |  43.7667
 5162 | 7.529 |  4.813 |   0.367 |  73.3333
 5163 | 7.585 |  4.812 |   0.336 |  79.1333
 5164 | 7.231 |  4.435 |   0.362 |  65.4000
 5165 | 7.349 |  5.076 |   0.347 |  59.3333
 5166 | 7.470 |  4.783 |   0.333 |  40.3667
 5167 | 7.225 |  4.661 |   0.355 |  52.5333
 5168 | 7.591 |  4.760 |   0.358 |  67.2333
 5169 | 7.578 |  4.843 |   0.427 |  54.8667
 5170 | 6.898 |  4.372 |   0.371 |  44.0000
 5171 | 7.578 |  5.179 |   0.547 |  70.3667
 5172 | 7.526 |  5.033 |   0.540 |  82.2333
 5173 | 7.250 |  5.338 |   0.412 |  70.3667
 5174 | 7.524 |  4.855 |   0.432 |  54.3333
 5175 | 7.749 |  4.841 |   0.426 |  55.3000
 5176 | 7.411 |  5.110 |   0.520 |  70.3667
 5177 | 7.021 |  5.109 |   0.430 |   9.2667
 5178 | 7.370 |  5.046 |   0.468 |  67.1667
 5179 | 6.990 |  5.115 |   0.374 |  41.3667
 5180 | 7.497 |  4.968 |   0.349 |  53.7333
 5181 | 7.486 |  4.928 |   0.356 |  70.4667
 5182 | 7.155 |  5.222 |   0.442 |  47.0333
 5183 | 7.765 |  5.023 |   0.399 |  67.1333
 5184 | 7.725 |  4.966 |   0.402 |  62.4333
 5185 | 7.401 |  5.043 |   0.411 |  54.8333
 5186 | 7.337 |  4.858 |   0.425 |  38.6667
 5187 | 7.448 |  5.253 |   0.348 |  32.0333
 5188 | 6.886 |  4.992 |   0.416 |  42.3000
 5189 | 7.463 |  4.629 |   0.390 |  49.4667
 5190 | 7.116 |  5.008 |   0.393 |  43.8667
 5191 | 7.187 |  5.053 |   0.395 |  48.7333
 5192 | 7.245 |  4.576 |   0.403 |  77.0333
 5193 | 7.212 |  4.916 |   0.460 |  55.3000
 5194 | 6.651 |  5.811 |   0.528 |  29.1333
 5195 | 7.161 |  5.315 |   0.398 |  62.1333
 5196 | 7.171 |  4.541 |   0.403 |  31.6333
 5197 | 7.246 |  4.973 |   0.398 |  37.0333
 5198 | 8.098 |  4.731 |   0.376 |  63.0000
 5199 | 7.795 |  4.654 |   0.378 |  52.3667
 5200 | 7.330 |  4.461 |   0.358 |  37.8667
 5201 | 7.089 |  4.491 |   0.368 |  52.0667
 5202 | 7.208 |  4.264 |   0.359 |  29.6000
 5203 | 7.301 |  3.816 |   0.368 |  50.4333
 5204 | 7.302 |  3.842 |   0.436 |  51.7333
 5205 | 7.994 |  4.405 |   0.282 |  58.1667
 5206 | 7.289 |  3.850 |   0.381 |  52.0667
 5207 | 6.983 |  4.276 |   0.482 |  45.9667
 5208 | 7.298 |  4.219 |   0.323 |  60.7667
 5209 | 7.097 |  4.393 |   0.242 |  63.8000
 5210 | 7.182 |  3.238 |   0.516 |  72.0000
 5211 | 7.322 |  3.842 |   0.309 |  46.4333
 5212 | 7.432 |  4.086 |   0.310 |  41.4667
 5213 | 7.220 |  3.782 |   0.330 |  44.5667
 5214 | 7.427 |  4.040 |   0.373 |  67.6000
 5215 | 7.553 |  4.031 |   0.331 |  48.8667
 5216 | 7.446 |  4.407 |   0.304 |  56.6000
 5217 | 7.478 |  4.424 |   0.311 |  41.7333
 5218 | 7.529 |  4.380 |   0.239 |  43.8333
 5219 | 7.050 |  4.158 |   0.316 |  90.7000
 5220 | 6.657 |  4.320 |   0.268 |  53.8000
 5221 | 7.433 |  4.197 |   0.324 |  68.8000
 5222 | 7.134 |  4.388 |   0.296 |  65.9667
 5223 | 6.678 |  4.212 |   0.246 |  39.6333
 5224 | 6.899 |  4.489 |   0.257 |  64.5667
 5225 | 7.578 |  4.398 |   0.290 |  62.8667
 5226 | 6.740 |  4.472 |   0.286 |  47.9667
 5227 | 7.097 |  4.265 |   0.202 |  70.8333
 5228 | 6.901 |  4.687 |   0.268 |  75.5333
 5229 | 6.716 |  4.065 |   0.289 |  68.9333
 5230 | 6.890 |  4.253 |   0.294 |  77.0333
 5231 | 6.840 |  4.681 |   0.284 | 100.5000
 5232 | 6.840 |  4.681 |   0.284 |  77.4000
 5233 | 6.858 |  4.660 |   0.283 |  40.3667
 5234 | 7.151 |  5.026 |   0.323 |  72.0667
 5235 | 6.947 |  5.177 |   0.413 |  43.1667
 5236 | 6.996 |  4.900 |   0.376 |  42.1667
 5237 | 7.527 |  4.318 |   0.210 |  92.1333
 5238 | 7.160 |  4.803 |   0.292 |  48.7667
 5239 | 7.173 |  4.358 |   0.257 |  73.7000
 5240 | 7.303 |  4.578 |   0.274 |  68.7000
 5241 | 7.450 |  4.592 |   0.245 |  49.0333
 5242 | 7.228 |  4.671 |   0.310 |  72.1667
 5243 | 7.448 |  4.642 |   0.201 |  53.1333
 5244 | 7.778 |  4.701 |   0.229 |  67.0667
 5245 | 7.778 |  4.701 |   0.229 |  46.1667
 5246 | 7.640 |  4.596 |   0.245 |  49.3000
 5247 | 7.404 |  5.120 |   0.335 |  59.5667
 5248 | 7.644 |  5.197 |   0.391 |  64.7333
 5249 | 7.404 |  4.768 |   0.274 |  58.7667
 5250 | 7.237 |  4.823 |   0.284 |  57.5667
 5251 | 7.490 |  4.762 |   0.266 |  45.3667
 5252 | 7.356 |  4.969 |   0.286 |  68.8333
 5253 | 7.299 |  4.828 |   0.274 |  46.7333
 5254 | 7.887 |  5.591 |   0.301 |  97.2000
 5255 | 7.662 |  5.318 |   0.256 |  58.5000
 5256 | 7.633 |  5.867 |   0.188 |  85.7333
 5257 | 7.660 |  5.895 |   0.229 |  67.0667
 5258 | 8.126 |  5.408 |   0.289 |  47.6333
 5259 | 7.660 |  6.291 |   0.245 |  57.1667
 5260 | 7.660 |  6.291 |   0.245 |  75.4333
 5261 | 7.802 |  5.972 |   0.259 |  78.7333
 5262 | 7.959 |  5.973 |   0.276 |  37.3000
 5263 | 7.928 |  5.442 |   0.325 |  64.3667
 5264 | 7.687 |  5.490 |   0.361 |  63.8000
 5265 | 7.798 |  5.577 |   0.321 |  62.7333
 5266 | 7.226 |  5.930 |   0.345 |  70.6667
 5267 | 7.362 |  5.917 |   0.217 |  80.4333
 5268 | 7.838 |  5.697 |   0.305 |  65.3333
 5269 | 7.940 |  5.758 |   0.313 |  65.6667
 5270 | 7.641 |  5.853 |   0.353 |  59.0667
 5271 | 7.690 |  5.971 |   0.289 |  71.4000
 5272 | 7.766 |  5.840 |   0.332 |  44.7667
 5273 | 7.073 |  5.739 |   0.289 |  56.9667
 5274 | 7.809 |  6.879 |   0.311 |  29.0000
 5275 | 7.828 |  5.900 |   0.319 |  59.3000
 5276 | 7.218 |  5.914 |   0.335 |  62.1333
 5277 | 7.674 |  5.843 |   0.293 |  42.9000
 5278 | 7.674 |  5.843 |   0.293 |  75.4333
 5279 | 7.936 |  5.827 |   0.275 |  40.9667
 5280 | 8.421 |  6.979 |   0.424 |  57.8667
 5281 | 7.604 |  4.680 |   0.355 |  65.1667
 5282 | 7.620 |  6.939 |   0.310 |  60.0000
 5283 | 8.185 |  6.372 |   0.372 |  63.6667
 5284 | 8.185 |  6.372 |   0.372 |  48.6333
 5285 | 7.882 |  5.822 |   0.354 |  92.1333
 5286 | 7.680 |  6.219 |   0.380 |  47.6667
 5287 | 7.427 |  6.684 |   0.298 |  60.3000
 5288 | 7.757 |  6.437 |   0.462 |  63.6667
 5289 | 7.594 |  6.210 |   0.377 |  71.4000
 5290 | 7.708 |  6.026 |   0.380 |  65.4333
 5291 | 7.495 |  6.701 |   0.362 |  53.3667
 5292 | 7.981 |  6.077 |   0.375 |  65.3667
 5293 | 7.603 |  6.333 |   0.363 |  42.0667
 5294 | 8.349 |  6.104 |   0.378 |  66.2667
 5295 | 7.695 |  6.289 |   0.359 |  57.1000
 5296 | 7.617 |  7.049 |   0.354 |  70.4000
 5297 | 7.645 |  6.590 |   0.409 |  51.9667
 5298 | 7.611 |  6.787 |   0.344 |  80.4667
 5299 | 7.619 |  6.700 |   0.382 |  60.4667
 5300 | 7.649 |  6.882 |   0.354 |  30.9333
 5301 | 7.678 |  6.779 |   0.316 |  52.1667
 5302 | 7.463 |  6.404 |   0.381 |  46.5667
 5303 | 7.688 |  6.844 |   0.354 |  33.8667
 5304 | 7.173 |  6.963 |   0.365 |  40.4000
 5305 | 7.394 |  6.877 |   0.378 |  64.7000
 5306 | 7.480 |  6.777 |   0.432 |  42.2667
 5307 | 7.606 |  6.810 |   0.350 |  65.3667
 5308 | 7.634 |  7.693 |   0.293 |  56.4667
 5309 | 7.754 |  6.633 |   0.442 |  57.2333
 5310 | 7.684 |  7.100 |   0.400 |  73.8667
 5311 | 7.642 |  7.287 |   0.350 |  34.2333
 5312 | 7.603 |  6.936 |   0.475 |  41.1667
 5313 | 7.680 |  6.829 |   0.401 |  28.5333
 5314 | 7.895 |  7.010 |   0.416 |  46.9333
 5315 | 7.716 |  7.279 |   0.365 |  51.6667
 5316 | 7.919 |  7.304 |   0.410 |  37.1333
 5317 | 7.880 |  7.276 |   0.372 |  86.6333
 5318 | 7.608 |  7.399 |   0.369 |  62.1333
 5319 | 7.820 |  7.381 |   0.384 |  42.4000
 5320 | 7.493 |  7.310 |   0.377 |  62.0000
 5321 | 7.473 |  6.482 |   0.427 |  41.1000
 5322 | 7.505 |  7.374 |   0.414 |  42.4000
 5323 | 7.242 |  7.066 |   0.385 |  62.2333
 5324 | 7.518 |  7.531 |   0.355 |  55.3333
 5325 | 7.937 |  7.484 |   0.404 |  98.8667
 5326 | 7.105 |  7.550 |   0.393 |  90.6333
 5327 | 7.181 |  7.787 |   0.438 |  43.4667
 5328 | 7.332 |  7.541 |   0.410 |  78.7333
 5329 | 7.343 |  7.645 |   0.402 |  56.1333
 5330 | 7.509 |  7.484 |   0.304 |  42.0667
 5331 | 7.437 |  7.056 |   0.412 |  57.1333
 5332 | 7.570 |  7.769 |   0.374 |  95.6333
 5333 | 6.695 |  7.795 |   0.402 |  62.1000
 5334 | 7.161 |  7.039 |   0.350 |  77.0333
 5335 | 6.984 |  7.733 |   0.388 |  67.9667
 5336 | 6.984 |  7.733 |   0.388 |  39.8000
 5337 | 7.038 |  7.549 |   0.359 |  72.1667
 5338 | 7.346 |  7.302 |   0.342 |  48.8333
 5339 | 7.045 |  7.433 |   0.366 |  41.2667
 5340 | 7.068 |  7.518 |   0.318 |  46.0000
 5341 | 7.183 |  7.505 |   0.306 |  41.6000
 5342 | 7.302 |  7.261 |   0.328 |  26.7333
 5343 | 7.277 |  7.331 |   0.336 |  58.8333
 5344 | 7.409 |  7.302 |   0.360 |  60.9333
 5345 | 7.314 |  7.123 |   0.360 |  73.7000
 5346 | 7.600 |  7.402 |   0.300 |  50.4333
 5347 | 7.172 |  7.633 |   0.328 |  75.4667
 5348 | 7.288 |  7.108 |   0.364 |  55.2667
 5349 | 7.188 |  6.883 |   0.340 |  47.6667
 5350 | 7.259 |  7.853 |   0.385 |  45.4000
 5351 | 7.291 |  7.426 |   0.374 |  75.5333
 5352 | 7.270 |  7.754 |   0.353 |  40.9000
 5353 | 7.173 |  6.703 |   0.421 |  39.1667
 5354 | 6.921 |  6.863 |   0.394 |  33.5333
 5355 | 7.032 |  7.102 |   0.246 |  75.1000
 5356 | 7.217 |  7.407 |   0.366 |  39.2667
 5357 | 7.249 |  7.014 |   0.361 |  54.2667
 5358 | 7.117 |  7.052 |   0.337 |  41.2333
 5359 | 7.161 |  6.927 |   0.342 |  68.6333
 5360 | 7.092 |  7.543 |   0.463 |  57.1333
 5361 | 7.135 |  7.218 |   0.377 |  35.1667
 5362 | 7.135 |  7.224 |   0.376 |  65.4000
 5363 | 6.947 |  7.320 |   0.398 |  78.7667
 5364 | 6.782 |  7.686 |   0.369 |  35.5333
 5365 | 6.799 |  7.672 |   0.370 |  28.6333
 5366 | 7.099 |  6.887 |   0.368 |  56.9667
 5367 | 6.847 |  7.539 |   0.370 |  50.5333
 5368 | 6.724 |  7.642 |   0.369 |  64.2333
 5369 | 6.948 |  7.637 |   0.331 |  61.3333
 5370 | 6.874 |  7.342 |   0.314 |  52.0667
 5371 | 7.686 |  7.336 |   0.346 |  23.6667
 5372 | 7.111 |  7.566 |   0.345 |  50.4333
 5373 | 7.063 |  7.543 |   0.238 |  62.3667
 5374 | 7.454 |  7.980 |   0.339 |  35.3667
 5375 | 7.122 |  7.547 |   0.369 |  75.4333
 5376 | 7.474 |  7.879 |   0.254 |  83.7667
 5377 | 7.254 |  7.513 |   0.303 |  96.9667
 5378 | 6.912 |  7.568 |   0.313 |  68.7000
 5379 | 7.246 |  6.823 |   0.345 |  56.7667
 5380 | 7.272 |  7.148 |   0.261 |  40.7333
 5381 | 7.737 |  7.754 |   0.288 |  51.9667
 5382 | 7.506 |  7.201 |   0.254 |  43.7333
 5383 | 7.487 |  7.206 |   0.355 |  47.9000
 5384 | 7.787 |  8.496 |   0.274 |  72.2667
 5385 | 7.633 |  7.689 |   0.290 |  57.0000
 5386 | 7.527 |  7.599 |   0.273 |  67.0667
 5387 | 7.439 |  7.492 |   0.299 |  75.4333
 5388 | 7.354 |  8.837 |   0.341 |  37.8667
 5389 | 7.354 |  8.837 |   0.341 |  68.0000
 5390 | 7.299 |  6.698 |   0.344 |  46.1333
 5391 | 7.337 |  7.670 |   0.315 |  43.6000
 5392 | 7.393 |  7.748 |   0.310 |  40.0000
 5393 | 7.344 |  7.566 |   0.372 |  36.3667
 5394 | 7.939 |  6.733 |   0.340 |  55.3333
 5395 | 7.371 |  7.385 |   0.377 |  41.9333
 5396 | 7.593 |  7.941 |   0.307 |  55.3667
 5397 | 7.711 |  7.280 |   0.363 |  38.0667
 5398 | 7.604 |  7.090 |   0.349 |  44.8333
 5399 | 7.648 |  7.453 |   0.344 |  73.7000
 5400 | 7.646 |  7.473 |   0.324 |  61.0667
 5401 | 7.414 |  8.477 |   0.367 |  45.3667
 5402 | 7.411 |  7.492 |   0.357 |  47.1667
 5403 | 7.607 |  7.367 |   0.383 |  63.7333
 5404 | 7.536 |  7.255 |   0.327 |  40.4333
 5405 | 8.345 |  6.639 |   0.401 |  53.3000
 5406 | 7.324 |  7.835 |   0.351 |  50.4333
 5407 | 7.409 |  7.268 |   0.341 |  70.3667
 5408 | 7.760 |  7.152 |   0.360 |  75.8000
 5409 | 7.710 |  7.354 |   0.357 |  47.6667
 5410 | 7.632 |  7.309 |   0.351 |  86.2000
 5411 | 7.862 |  7.245 |   0.361 |  65.4333
 5412 | 7.644 |  7.307 |   0.352 |  57.7333
 5413 | 7.863 |  7.390 |   0.377 |  78.7333
 5414 | 7.826 |  7.559 |   0.373 |  50.3333
 5415 | 8.278 |  7.309 |   0.392 |  39.0000
 5416 | 7.832 |  7.021 |   0.357 |  35.7667
 5417 | 7.833 |  7.189 |   0.376 |  62.0333
 5418 | 7.944 |  6.728 |   0.376 |  63.1667
 5419 | 8.067 |  7.781 |   0.397 |  55.6667
 5420 | 7.873 |  7.070 |   0.376 |  29.7333
 5421 | 7.885 |  7.097 |   0.366 |  81.8667
 5422 | 7.968 |  7.286 |   0.288 |  50.4667
 5423 | 7.931 |  7.110 |   0.357 |  70.4333
 5424 | 7.397 |  7.669 |   0.352 |  58.1667
 5425 | 7.670 |  7.411 |   0.382 |  68.7333
 5426 | 7.785 |  7.360 |   0.382 |  32.4667
 5427 | 8.293 |  7.069 |   0.376 |  43.7000
 5428 | 8.083 |  7.061 |   0.387 |  58.7000
 5429 | 8.044 |  6.891 |   0.419 |  35.6667
 5430 | 8.051 |  6.919 |   0.414 |  42.9333
 5431 | 8.352 |  7.598 |   0.329 |  48.7333
 5432 | 8.308 |  7.503 |   0.337 |  54.1333
 5433 | 8.003 |  7.030 |   0.352 |  80.4333
 5434 | 8.040 |  7.186 |   0.365 |  42.1333
 5435 | 7.936 |  6.826 |   0.350 |  82.1333
 5436 | 8.363 |  6.830 |   0.351 |  24.1667
 5437 | 8.108 |  7.456 |   0.379 |  48.7333
 5438 | 8.108 |  7.456 |   0.379 |  65.3333
 5439 | 8.433 |  6.568 |   0.356 |  52.3667
 5440 | 8.194 |  7.154 |   0.380 |  85.5333
 5441 | 8.555 |  7.019 |   0.344 |  55.5667
 5442 | 8.375 |  6.888 |   0.360 |  53.9333
 5443 | 8.368 |  7.065 |   0.386 |  80.3667
 5444 | 8.358 |  7.150 |   0.396 |  74.9000
 5445 | 8.217 |  7.152 |   0.338 |  67.2333
 5446 | 8.191 |  6.978 |   0.500 |  38.8333
 5447 | 8.174 |  7.032 |   0.466 |  71.0333
 5448 | 8.159 |  5.551 |   0.340 |  57.2333
 5449 | 8.154 |  5.567 |   0.273 |  55.4333
 5450 | 8.264 |  5.780 |   0.351 |  61.2333
 5451 | 8.149 |  6.017 |   0.380 |  53.8333
 5452 | 7.092 |  6.430 |   0.333 |  53.5000
 5453 | 7.693 |  6.695 |   0.337 |  49.0000
 5454 | 8.619 |  6.773 |   0.339 |  57.1000
 5455 | 7.936 |  6.714 |   0.291 |  45.8667
 5456 | 8.323 |  6.529 |   0.347 |  72.1667
 5457 | 7.940 |  6.704 |   0.339 |  59.7667
 5458 | 8.311 |  7.108 |   0.374 |  85.6000
 5459 | 8.013 |  6.825 |   0.414 |  57.0667
 5460 | 7.733 |  6.774 |   0.408 |  56.8667
 5461 | 8.158 |  6.979 |   0.367 |  45.8333
 5462 | 7.947 |  7.152 |   0.371 |  54.5000
 5463 | 7.966 |  7.124 |   0.530 |  48.8333
 5464 | 7.934 |  6.984 |   0.385 |  46.3333
 5465 | 8.137 |  6.865 |   0.473 |  40.8000
 5466 | 7.858 |  7.805 |   0.504 |  69.5333
 5467 | 8.019 |  6.517 |   0.413 |  51.3667
 5468 | 8.199 |  6.920 |   0.481 |  45.8333
 5469 | 8.274 |  6.451 |   0.423 |  70.2667
 5470 | 8.250 |  6.502 |   0.421 |  45.3333
 5471 | 7.981 |  7.145 |   0.549 |  82.0667
 5472 | 8.124 |  6.499 |   0.346 |  52.8000
 5473 | 8.070 |  6.919 |   0.410 |  52.0667
 5474 | 8.092 |  7.511 |   0.506 |  50.4000
 5475 | 8.098 |  6.670 |   0.397 |  65.3333
 5476 | 8.736 |  7.251 |   0.416 |  37.3667
 5477 | 8.204 |  6.847 |   0.535 |  43.5667
 5478 | 7.973 |  7.054 |   0.376 |  82.7333
 5479 | 8.066 |  6.838 |   0.409 |  32.7667
 5480 | 8.006 |  7.015 |   0.367 |  39.8667
 5481 | 8.790 |  6.395 |   0.384 |  46.9000
 5482 | 8.127 |  6.293 |   0.379 |  30.4000
 5483 | 8.402 |  6.767 |   0.210 |  61.0000
 5484 | 8.366 |  6.752 |   0.220 |  50.7333
 5485 | 8.581 |  6.431 |   0.383 |  55.3000
 5486 | 8.160 |  6.867 |   0.338 |  67.1333
 5487 | 9.000 |  6.778 |   0.318 |  22.6333
 5488 | 8.392 |  7.737 |   0.359 |  57.6667
 5489 | 8.541 |  6.673 |   0.358 |  68.7000
 5490 | 8.541 |  6.673 |   0.358 |  71.4000
 5491 | 7.986 |  6.572 |   0.404 |  50.3000
 5492 | 7.986 |  6.572 |   0.404 |  58.8667
 5493 | 8.447 |  6.851 |   0.365 |  70.4333
 5494 | 8.072 |  6.784 |   0.306 |  63.9000
 5495 | 8.128 |  6.711 |   0.336 |  63.9000
 5496 | 8.525 |  6.713 |   0.375 |  86.6000
 5497 | 8.427 |  6.861 |   0.369 |  57.0667
 5498 | 8.483 |  7.039 |   0.316 |  45.3667
 5499 | 8.474 |  7.101 |   0.369 |  91.6333
 5500 | 8.486 |  6.776 |   0.344 |  70.0333
 5501 | 8.684 |  7.082 |   0.374 |  58.6667
 5502 | 9.000 |  6.672 |   0.402 |  69.8333
 5503 | 8.454 |  6.840 |   0.418 |  41.4667
 5504 | 8.926 |  6.861 |   0.340 |  37.1667
 5505 | 8.474 |  6.756 |   0.438 |  50.4000
 5506 | 8.403 |  7.590 |   0.419 |  88.8000
 5507 | 8.588 |  6.907 |   0.370 |  37.1333
 5508 | 8.577 |  6.866 |   0.402 |  72.0000
 5509 | 9.000 |  6.813 |   0.389 |  85.3667
 5510 | 8.937 |  6.825 |   0.389 |  37.6333
 5511 | 8.511 |  6.883 |   0.313 |  72.1333
 5512 | 8.534 |  7.023 |   0.352 |  53.1333
 5513 | 8.475 |  7.130 |   0.387 |  54.3000
 5514 | 8.689 |  7.268 |   0.359 |  60.1667
 5515 | 9.000 |  8.851 |   0.349 |  57.7000
 5516 | 8.669 |  7.288 |   0.345 |  53.3333
 5517 | 8.600 |  7.220 |   0.415 |  58.7667
 5518 | 8.270 |  7.733 |   0.332 |  40.1000
 5519 | 8.466 |  7.680 |   0.318 |  83.7667
 5520 | 8.757 |  6.769 |   0.389 |  56.3000
 5521 | 8.731 |  6.252 |   0.374 |  43.8667
 5522 | 8.210 |  7.518 |   0.362 |  60.3333
 5523 | 7.522 |  7.439 |   0.368 |  72.2667
 5524 | 8.027 |  6.559 |   0.354 |  55.9000
 5525 | 8.810 |  7.486 |   0.387 |  93.9333
 5526 | 7.969 |  6.489 |   0.370 |  48.6333
 5527 | 7.969 |  6.489 |   0.370 |  40.1000
 5528 | 8.071 |  6.949 |   0.354 |  66.4333
 5529 | 8.300 |  7.036 |   0.443 |  71.6667
 5530 | 8.046 |  7.571 |   0.368 |  54.1333
 5531 | 8.292 |  7.354 |   0.397 |  43.1000
 5532 | 8.300 |  7.023 |   0.377 |  60.4000
 5533 | 7.900 |  7.551 |   0.320 |  72.1000
 5534 | 8.685 |  7.575 |   0.361 |  47.1333
 5535 | 7.998 |  7.150 |   0.339 |  51.1667
 5536 | 7.987 |  7.174 |   0.338 |  50.4000
 5537 | 8.348 |  7.859 |   0.395 |  51.5333
 5538 | 8.167 |  7.959 |   0.400 |  56.9333
 5539 | 8.065 |  7.302 |   0.394 |  93.8333
 5540 | 8.003 |  7.505 |   0.380 |  47.3000
 5541 | 8.003 |  7.505 |   0.380 | 105.5333
 5542 | 8.660 |  7.442 |   0.466 |  78.9000
 5543 | 8.083 |  7.679 |   0.392 |  78.7667
 5544 | 8.228 |  7.309 |   0.351 |  43.9000
 5545 | 8.235 |  7.285 |   0.358 |  57.7000
 5546 | 8.199 |  7.318 |   0.392 |  36.0667
 5547 | 8.630 |  7.150 |   0.377 |  23.9667
 5548 | 8.512 |  7.616 |   0.429 |  53.5667
 5549 | 8.327 |  7.541 |   0.411 |  70.4000
 5550 | 8.805 |  7.303 |   0.502 |  68.9333
 5551 | 8.212 |  7.061 |   0.394 |  60.4333
 5552 | 7.447 |  7.079 |   0.415 |  61.6667
 5553 | 8.370 |  7.439 |   0.404 |  92.1333
 5554 | 7.878 |  7.239 |   0.406 |  38.6667
 5555 | 8.316 |  7.453 |   0.324 |  74.5000
 5556 | 8.174 |  7.054 |   0.423 |  67.5000
 5557 | 8.229 |  7.258 |   0.424 |  48.2667
 5558 | 7.468 |  6.547 |   0.376 |  78.7667
 5559 | 8.838 |  7.084 |   0.546 |  57.0333
 5560 | 8.838 |  7.084 |   0.546 |  55.3333
 5561 | 8.441 |  7.309 |   0.362 |  35.3333
 5562 | 8.275 |  6.922 |   0.429 |  50.8000
 5563 | 8.099 |  6.234 |   0.423 |  73.6000
 5564 | 8.377 |  7.011 |   0.408 |  53.0000
 5565 | 8.122 |  7.114 |   0.393 |  62.7000
 5566 | 8.021 |  7.639 |   0.317 |  46.8333
 5567 | 7.976 |  8.333 |   0.446 |  42.5667
 5568 | 7.598 |  7.273 |   0.349 |  65.5000
 5569 | 7.766 |  7.483 |   0.369 |  70.3667
 5570 | 8.015 |  7.385 |   0.394 |  78.7333
 5571 | 8.877 |  7.320 |   0.377 |  53.7667
 5572 | 7.864 |  7.785 |   0.380 |  70.6000
 5573 | 8.864 |  7.727 |   0.363 |  63.7000
 5574 | 8.414 |  7.678 |   0.360 |  70.4667
 5575 | 8.402 |  7.947 |   0.338 |  53.7000
 5576 | 8.116 |  8.125 |   0.401 |  52.0667
 5577 | 8.317 |  7.915 |   0.446 |  55.3000
 5578 | 8.614 |  7.748 |   0.407 |  88.9000
 5579 | 8.340 |  8.141 |   0.402 |  44.0333
 5580 | 8.400 |  8.140 |   0.402 |  40.4000
 5581 | 8.256 |  7.963 |   0.459 |  70.4667
 5582 | 8.263 |  8.332 |   0.457 |  70.4667
 5583 | 8.625 |  7.949 |   0.417 |  26.1333
 5584 | 8.501 |  8.157 |   0.392 |  47.8667
 5585 | 8.497 |  7.716 |   0.414 |  46.7000
 5586 | 8.371 |  8.096 |   0.441 |  32.7667
 5587 | 8.030 |  7.545 |   0.416 |  58.0667
 5588 | 8.150 |  7.729 |   0.432 |  32.3000
 5589 | 8.319 |  6.792 |   0.489 |  57.7333
 5590 | 8.202 |  7.932 |   0.435 |  62.1333
 5591 | 8.144 |  8.082 |   0.456 |  65.3667
 5592 | 8.208 |  7.923 |   0.435 |  30.4000
 5593 | 8.141 |  7.952 |   0.461 |  50.2333
 5594 | 8.360 |  7.944 |   0.410 |  48.4000
 5595 | 8.038 |  8.083 |   0.503 |  67.1000
 5596 | 8.202 |  8.263 |   0.469 |  55.3000
 5597 | 8.128 |  7.957 |   0.461 |  35.4000
 5598 | 8.193 |  8.428 |   0.455 |  37.3000
 5599 | 8.278 |  8.325 |   0.462 |  46.5333
 5600 | 8.290 |  8.259 |   0.380 |  57.5000
 5601 | 8.661 |  8.059 |   0.594 |  41.2333
 5602 | 8.219 |  8.200 |   0.508 |  45.2667
 5603 | 8.194 |  8.524 |   0.508 |  46.9333
 5604 | 8.510 |  8.367 |   0.579 |  43.6000
 5605 | 8.227 |  8.105 |   0.507 |  62.0667
 5606 | 8.227 |  8.105 |   0.507 |  52.9000
 5607 | 8.167 |  8.434 |   0.595 |  63.7333
 5608 | 8.150 |  8.084 |   0.437 |  29.1000
 5609 | 7.172 |  7.571 |   0.514 |  26.2333
 5610 | 8.121 |  8.192 |   0.628 |  57.0000
 5611 | 8.055 |  8.350 |   0.556 |  35.2667
 5612 | 7.534 |  7.748 |   0.386 |  63.8333
 5613 | 7.534 |  7.748 |   0.386 |  40.4000
 5614 | 8.594 |  8.518 |   0.614 |  42.3667
 5615 | 8.233 |  8.350 |   0.457 |  59.8000
 5616 | 7.698 |  8.360 |   0.478 |  55.3333
 5617 | 7.738 |  8.346 |   0.528 |  55.8667
 5618 | 8.063 |  8.311 |   0.512 |  57.0000
 5619 | 8.063 |  8.311 |   0.512 |  52.0667
 5620 | 8.025 |  8.043 |   0.596 |  51.9333
 5621 | 7.874 |  8.364 |   0.536 |  17.7000
 5622 | 7.554 |  8.681 |   0.532 |  44.1333
 5623 | 7.937 |  8.452 |   0.581 |  47.1667
 5624 | 7.815 |  8.144 |   0.557 |  62.1333
 5625 | 8.115 |  8.392 |   0.389 |  40.1000
 5626 | 7.947 |  8.185 |   0.519 |  50.0000
 5627 | 7.955 |  8.383 |   0.437 |  28.7333
 5628 | 7.955 |  8.383 |   0.437 |  33.8000
 5629 | 7.955 |  8.383 |   0.437 |  28.9333
 5630 | 8.045 |  7.715 |   0.456 |  43.7000
 5631 | 8.768 |  8.556 |   0.508 |  41.9000
 5632 | 8.524 |  8.387 |   0.388 |  42.2000
 5633 | 8.613 |  9.141 |   0.350 |  45.4333
 5634 | 8.298 |  7.999 |   0.410 |  19.7667
 5635 | 9.000 |  8.464 |   0.442 |  55.9000
 5636 | 8.825 |  8.290 |   0.436 |  78.8333
 5637 | 8.825 |  8.290 |   0.436 |  55.5333
 5638 | 8.738 |  8.713 |   0.325 |  52.0333
 5639 | 8.829 |  8.326 |   0.425 |  58.7000
 5640 | 9.000 |  9.910 |   0.382 |  61.5667
 5641 | 7.776 |  9.066 |   0.387 |  36.8667
 5642 | 8.636 |  8.846 |   0.422 |  72.3000
 5643 | 8.504 |  9.509 |   0.379 |  49.1333
 5644 | 8.629 |  8.936 |   0.399 |  63.8000
 5645 | 8.629 |  8.936 |   0.399 |  60.3000
 5646 | 8.613 |  8.938 |   0.396 |  40.7000
 5647 | 8.806 |  9.561 |   0.382 |  72.2667
 5648 | 8.978 |  8.387 |   0.357 |  51.1667
 5649 | 8.374 |  8.017 |   0.371 |  60.4667
 5650 | 8.954 |  9.203 |   0.352 |  42.5333
 5651 | 8.654 |  8.619 |   0.352 |  78.9000
 5652 | 9.000 |  8.909 |   0.379 |  38.6333
 5653 | 8.986 |  9.047 |   0.368 |  60.0333
 5654 | 7.836 |  8.620 |   0.352 |  48.0000
 5655 | 9.000 |  9.660 |   0.361 |  45.1667
 5656 | 9.000 |  9.252 |   0.365 |  45.2667
 5657 | 8.727 |  8.579 |   0.481 |  72.1667
 5658 | 8.792 |  9.084 |   0.367 |  21.9000
 5659 | 8.982 |  8.901 |   0.391 |  68.7000
 5660 | 8.684 |  8.960 |   0.355 |  41.9333
 5661 | 8.079 |  8.914 |   0.310 |  53.7333
 5662 | 8.701 |  8.860 |   0.320 |  63.8667
 5663 | 7.897 |  8.871 |   0.358 |  80.5333
 5664 | 8.434 |  8.585 |   0.345 |  45.4000
 5665 | 8.439 |  9.053 |   0.329 |  55.1000
 5666 | 8.086 |  8.916 |   0.300 |  60.4667
 5667 | 8.447 |  9.655 |   0.378 |  70.4000
 5668 | 8.363 |  8.947 |   0.333 |  53.7333
 5669 | 8.485 |  8.744 |   0.344 |  44.7000
 5670 | 8.143 |  8.415 |   0.306 |  75.4000
 5671 | 7.849 |  9.840 |   0.335 |  64.8000
 5672 | 8.211 |  9.268 |   0.310 |  49.5000
 5673 | 8.579 | 10.178 |   0.276 |  47.1000
 5674 | 8.229 |  9.805 |   0.328 |  45.3333
 5675 | 8.112 |  9.022 |   0.363 |  59.6667
 5676 | 8.210 |  9.565 |   0.384 |  45.4000
 5677 | 8.079 | 10.323 |   0.292 |  61.8333
 5678 | 8.320 |  9.043 |   0.341 |  70.5000
 5679 | 8.081 | 10.016 |   0.279 |  48.2667
 5680 | 8.177 |  9.887 |   0.293 |  55.7333
 5681 | 8.128 |  9.131 |   0.315 |  57.1000
 5682 | 8.093 |  9.367 |   0.354 |  70.3667
 5683 | 8.428 |  9.689 |   0.328 |  43.6667
 5684 | 8.061 |  9.655 |   0.332 |  37.7667
 5685 | 8.186 |  9.659 |   0.364 |  36.6000
 5686 | 8.118 |  9.663 |   0.329 |  34.1667
 5687 | 8.118 |  9.663 |   0.329 |  70.4667
 5688 | 8.101 |  9.727 |   0.256 |  84.0667
 5689 | 7.595 |  9.689 |   0.329 |  38.4333
 5690 | 8.744 |  9.642 |   0.318 |  50.2333
 5691 | 7.734 |  9.687 |   0.355 |  60.4667
 5692 | 7.713 | 10.915 |   0.326 |  40.3000
 5693 | 7.824 |  9.669 |   0.355 |  62.5000
 5694 | 7.814 | 10.623 |   0.365 |  58.6333
 5695 | 7.918 |  9.574 |   0.387 |  40.3000
 5696 | 7.807 |  9.621 |   0.368 |  71.0667
 5697 | 7.808 | 10.198 |   0.232 | 102.2000
 5698 | 7.902 | 10.087 |   0.469 |  47.4000
 5699 | 8.061 | 10.012 |   0.397 |  58.7333
 5700 | 7.936 |  9.543 |   0.538 |  50.2667
 5701 | 7.845 |  9.335 |   0.350 |  36.9000
 5702 | 7.818 |  9.613 |   0.452 |  45.4000
 5703 | 7.819 |  9.423 |   0.394 |  44.4667
 5704 | 7.706 |  8.953 |   0.413 |  45.2333
 5705 | 7.872 |  8.964 |   0.405 |  67.1333
 5706 | 7.788 |  9.596 |   0.336 |  57.1667
 5707 | 9.000 |  9.348 |   0.393 |  55.1333
 5708 | 8.463 |  8.834 |   0.362 |  21.9667
 5709 | 8.053 |  9.867 |   0.273 |  39.2333
 5710 | 8.430 |  8.835 |   0.381 |  30.4000
 5711 | 8.459 |  9.275 |   0.387 |  58.3000
 5712 | 8.125 |  9.802 |   0.289 |  55.4333
 5713 | 8.330 | 10.407 |   0.360 |  75.4000
 5714 | 8.115 |  9.154 |   0.358 |  62.0333
 5715 | 8.181 |  9.307 |   0.443 |  92.1333
 5716 | 8.479 |  9.339 |   0.365 |  60.3667
 5717 | 8.460 |  9.883 |   0.340 |  62.1000
 5718 | 8.449 |  9.253 |   0.352 |  65.5333
 5719 | 8.048 |  9.310 |   0.379 |  68.6667
 5720 | 8.234 |  9.226 |   0.413 |  73.1333
 5721 | 8.089 |  9.204 |   0.379 |  59.4667
 5722 | 7.814 |  9.294 |   0.368 |  61.3333
 5723 | 7.865 |  9.277 |   0.366 |  67.5667
 5724 | 8.302 |  9.659 |   0.375 |  45.4000
 5725 | 8.328 |  8.893 |   0.360 |  62.0000
 5726 | 8.328 |  8.893 |   0.360 |  53.8000
 5727 | 8.363 |  8.915 |   0.421 |  48.7333
 5728 | 8.353 |  8.934 |   0.314 |  57.1667
 5729 | 8.177 |  9.103 |   0.312 |  40.6333
 5730 | 7.992 |  9.085 |   0.378 |  72.1667
 5731 | 8.205 |  9.823 |   0.406 |  57.1000
 5732 | 8.629 |  9.195 |   0.507 |  85.4667
 5733 | 7.997 |  9.750 |   0.382 |  49.9000
 5734 | 8.158 |  9.272 |   0.396 |  37.0333
 5735 | 8.203 |  9.230 |   0.482 |  33.6333
 5736 | 8.481 |  8.864 |   0.429 |  67.5333
 5737 | 8.431 |  9.318 |   0.370 |  52.0667
 5738 | 9.000 |  9.286 |   0.418 |  53.7667
 5739 | 8.103 |  9.355 |   0.426 |  43.7000
 5740 | 8.425 |  9.110 |   0.403 |  56.4667
 5741 | 8.413 |  9.101 |   0.408 |  24.2000
 5742 | 8.600 |  9.164 |   0.410 |  63.6667
 5743 | 8.395 |  9.068 |   0.418 |  73.7333
 5744 | 8.431 |  9.314 |   0.407 |  83.8000
 5745 | 8.197 |  9.019 |   0.413 |  40.2333
 5746 | 8.374 |  9.046 |   0.336 |  68.8333
 5747 | 8.457 |  9.311 |   0.252 |  65.5667
 5748 | 8.309 |  9.353 |   0.323 |  63.8000
 5749 | 8.320 |  9.395 |   0.321 |  45.9333
 5750 | 8.291 |  8.438 |   0.345 |  49.7000
 5751 | 8.978 |  9.034 |   0.377 |  42.3333
 5752 | 8.598 |  9.370 |   0.318 |  50.5333
 5753 | 8.586 |  9.281 |   0.370 |  76.7333
 5754 | 8.638 |  9.531 |   0.354 |  60.9000
 5755 | 8.550 |  9.396 |   0.306 |  45.4333
 5756 | 8.369 |  9.307 |   0.369 |  66.3000
 5757 | 8.622 |  9.510 |   0.311 |  53.0333
 5758 | 8.435 |  9.254 |   0.279 |  40.9333
 5759 | 8.720 |  9.285 |   0.336 |  61.6333
 5760 | 8.280 |  8.891 |   0.338 |  78.8333
 5761 | 7.843 |  9.332 |   0.345 |  92.1333
 5762 | 8.488 |  9.487 |   0.353 |  73.7333
 5763 | 8.169 | 10.458 |   0.348 |  67.1667
 5764 | 8.165 | 10.564 |   0.354 |  40.0000
 5765 | 8.299 |  9.698 |   0.355 |  73.4667
 5766 | 8.277 | 10.348 |   0.355 |  63.6333
 5767 | 7.743 | 10.137 |   0.434 |  60.3667
 5768 | 8.262 |  9.638 |   0.375 |  45.4667
 5769 | 8.253 |  9.680 |   0.369 |  51.0667
 5770 | 8.350 |  9.667 |   0.377 |  56.3000
 5771 | 7.861 | 10.029 |   0.429 |  37.5667
 5772 | 7.839 |  9.680 |   0.369 |  37.1333
 5773 | 8.125 | 10.176 |   0.364 |  47.7667
 5774 | 8.317 |  9.962 |   0.380 |  48.6333
 5775 | 8.150 | 10.163 |   0.367 |  67.5667
 5776 | 8.149 | 10.112 |   0.514 |  33.4667
 5777 | 8.230 | 10.272 |   0.389 |  68.7000
 5778 | 8.062 | 10.117 |   0.376 |  52.7667
 5779 | 8.230 | 10.272 |   0.389 |  33.0333
 5780 | 7.988 | 10.906 |   0.470 |  65.7667
 5781 | 7.306 | 10.631 |   0.457 |  28.7667
 5782 | 7.716 | 11.002 |   0.456 |  32.6333
 5783 | 7.919 | 10.341 |   0.314 |  63.8333
 5784 | 7.817 |  9.247 |   0.453 |  40.1333
 5785 | 7.906 | 10.549 |   0.316 |  66.2000
 5786 | 7.619 | 10.956 |   0.476 |  60.3333
 5787 | 7.783 | 11.361 |   0.382 |  77.2333
 5788 | 7.646 | 10.355 |   0.430 |  47.2333
 5789 | 7.963 | 10.740 |   0.456 |  54.8667
 5790 | 7.582 | 10.803 |   0.453 |  62.1000
 5791 | 7.813 | 10.483 |   0.437 |  62.2000
 5792 | 7.797 |  9.009 |   0.390 |  43.7667
 5793 | 7.643 | 10.737 |   0.449 |  65.3667
 5794 | 7.753 |  9.316 |   0.436 |  47.4667
 5795 | 7.543 | 10.640 |   0.345 |  90.6000
 5796 | 7.580 | 10.772 |   0.285 |  40.7333
 5797 | 7.283 |  9.757 |   0.407 |  78.8333
 5798 | 7.661 | 10.031 |   0.422 |  52.1000
 5799 | 7.656 | 10.317 |   0.504 |  78.7667
 5800 | 7.659 | 10.171 |   0.462 |  84.5667
 5801 | 8.030 | 10.723 |   0.491 |  68.0667
 5802 | 7.621 | 10.136 |   0.303 |  55.3000
 5803 | 7.557 | 10.613 |   0.433 |  47.0333
 5804 | 7.643 | 10.286 |   0.371 |  58.1333
 5805 | 8.097 | 10.211 |   0.354 |  59.2667
 5806 | 7.721 | 10.580 |   0.432 |  68.7000
 5807 | 8.008 | 10.298 |   0.369 |  93.8333
 5808 | 7.474 | 10.631 |   0.373 |  60.4000
 5809 | 7.432 | 10.541 |   0.374 |  54.7333
 5810 | 8.304 | 10.274 |   0.347 |  45.4000
 5811 | 8.356 | 10.601 |   0.352 |  68.8000
 5812 | 7.572 | 10.516 |   0.402 |  58.8000
 5813 | 7.072 | 10.514 |   0.375 |  49.2000
 5814 | 7.587 | 10.201 |   0.347 |  85.4667
 5815 | 7.434 | 10.302 |   0.351 |  42.7000
 5816 | 7.493 | 10.522 |   0.370 |  57.0667
 5817 | 7.629 | 10.465 |   0.369 |  41.3667
 5818 | 7.236 | 11.032 |   0.353 |  37.6000
 5819 | 7.358 | 10.647 |   0.357 |  93.8333
 5820 | 8.163 | 10.511 |   0.367 |  66.7667
 5821 | 6.873 | 10.525 |   0.362 |  63.8000
 5822 | 7.284 | 10.582 |   0.264 |  47.5000
 5823 | 7.105 | 10.511 |   0.438 |  77.2667
 5824 | 7.199 | 10.563 |   0.367 |  70.4000
 5825 | 7.455 | 11.509 |   0.362 |  62.0333
 5826 | 7.387 | 10.794 |   0.368 |  64.4667
 5827 | 7.082 | 10.606 |   0.390 |  95.5333
 5828 | 7.054 | 10.716 |   0.365 |  61.3333
 5829 | 6.896 | 10.466 |   0.371 |  53.7667
 5830 | 7.576 | 10.763 |   0.367 |  93.8333
 5831 | 6.833 | 11.186 |   0.369 |  59.6000
 5832 | 7.509 | 10.654 |   0.393 |  75.4667
 5833 | 6.801 | 10.806 |   0.357 |  60.8333
 5834 | 7.380 | 10.674 |   0.322 |  60.4000
 5835 | 7.500 | 10.703 |   0.492 |  63.7000
 5836 | 7.424 | 11.032 |   0.491 |  70.4000
 5837 | 7.296 | 10.707 |   0.376 |  55.5333
 5838 | 7.102 | 10.854 |   0.373 |  46.9333
 5839 | 7.147 | 11.175 |   0.388 |  77.0667
 5840 | 7.311 | 10.518 |   0.363 |  53.7667
 5841 | 7.135 | 10.542 |   0.394 |  45.4667
 5842 | 7.183 | 11.009 |   0.361 |  88.8000
 5843 | 6.903 | 10.794 |   0.368 |  58.8667
 5844 | 7.164 | 10.801 |   0.365 |  53.6000
 5845 | 7.264 | 11.436 |   0.358 |  55.4667
 5846 | 7.352 | 10.972 |   0.369 |  52.0667
 5847 | 7.215 | 10.697 |   0.464 |  72.0667
 5848 | 7.372 | 10.767 |   0.360 |  63.7333
 5849 | 7.530 | 10.517 |   0.358 |  75.4000
 5850 | 7.398 | 10.773 |   0.442 |  57.0667
 5851 | 7.525 | 10.608 |   0.375 |  66.9667
 5852 | 7.431 | 10.728 |   0.383 |  78.7333
 5853 | 7.431 | 10.728 |   0.383 |  82.0667
 5854 | 8.067 | 10.653 |   0.416 |  58.8000
 5855 | 7.710 | 10.132 |   0.375 |  53.9667
 5856 | 7.581 | 10.713 |   0.346 |  59.2000
 5857 | 7.369 | 10.296 |   0.379 |  67.0333
 5858 | 7.369 | 10.296 |   0.379 |  62.0000
 5859 | 7.352 | 10.805 |   0.436 |  48.6667
 5860 | 7.400 | 10.125 |   0.381 |  92.1333
 5861 | 7.459 | 10.642 |   0.372 |  49.1333
 5862 | 7.454 | 10.720 |   0.367 |  48.7333
 5863 | 7.336 | 11.102 |   0.385 |  65.5333
 5864 | 7.759 | 10.852 |   0.383 |  44.8667
 5865 | 7.292 | 10.395 |   0.433 |  60.3333
 5866 | 7.292 | 10.395 |   0.433 |  47.7000
 5867 | 7.767 | 10.638 |   0.282 |  52.1000
 5868 | 7.541 | 10.583 |   0.386 |  72.0333
 5869 | 7.339 | 10.393 |   0.427 |  71.3000
 5870 | 7.339 | 10.393 |   0.427 |  30.3000
 5871 | 6.881 | 10.405 |   0.411 |  73.7000
 5872 | 7.583 | 10.394 |   0.403 |  67.1000
 5873 | 7.583 | 10.394 |   0.403 |  65.6000
 5874 | 8.054 | 10.264 |   0.409 |  77.0333
 5875 | 7.491 | 10.493 |   0.374 |  26.2000
 5876 | 7.523 | 10.362 |   0.400 |  55.3333
 5877 | 7.546 | 10.208 |   0.392 |  45.2667
 5878 | 7.811 | 10.298 |   0.398 |  65.3667
 5879 | 7.451 | 10.162 |   0.375 |  47.0667
 5880 | 7.496 | 10.197 |   0.370 |  48.8333
 5881 | 7.520 |  9.576 |   0.401 |  68.6667
 5882 | 7.556 | 10.105 |   0.354 |  80.4333
 5883 | 7.831 | 10.227 |   0.351 |  69.5667
 5884 | 7.747 | 10.648 |   0.363 |  82.2333
 5885 | 7.739 | 10.538 |   0.363 |  75.4333
 5886 | 8.052 | 10.402 |   0.359 |  40.8000
 5887 | 7.606 | 10.681 |   0.380 |  48.7000
 5888 | 7.552 | 10.439 |   0.409 |  62.1333
 5889 | 7.234 | 10.432 |   0.572 |  53.7333
 5890 | 7.328 | 10.489 |   0.436 |  77.2000
 5891 | 7.415 | 10.603 |   0.367 |  90.6000
 5892 | 7.415 | 10.603 |   0.367 |  78.0667
 5893 | 7.381 |  9.236 |   0.393 |  32.1000
 5894 | 7.400 |  9.691 |   0.404 |  58.1333
 5895 | 7.472 | 10.002 |   0.418 |  38.6333
 5896 | 7.400 |  9.699 |   0.403 |  54.1667
 5897 | 7.368 | 10.330 |   0.413 |  70.5000
 5898 | 7.371 | 10.051 |   0.368 |  45.8333
 5899 | 7.400 | 10.099 |   0.379 |  77.1333
 5900 | 7.400 | 10.099 |   0.379 |  39.6667
 5901 | 7.348 | 10.070 |   0.407 |  71.1000
 5902 | 7.361 | 10.074 |   0.402 |  78.7333
 5903 | 7.791 | 10.192 |   0.471 |  63.7333
 5904 | 7.450 | 10.072 |   0.418 |  50.4000
 5905 | 7.467 | 10.162 |   0.438 |  60.5667
 5906 | 7.312 | 10.202 |   0.407 |  53.9000
 5907 | 6.886 |  9.216 |   0.300 |  33.9333
 5908 | 6.990 | 10.096 |   0.439 |  46.9667
 5909 | 7.158 |  9.815 |   0.342 |  58.6667
 5910 | 6.967 |  9.835 |   0.397 |  43.7000
 5911 | 7.148 | 10.938 |   0.474 |  78.8333
 5912 | 7.427 | 10.474 |   0.477 |  63.8667
 5913 | 7.054 | 10.722 |   0.474 |  73.7000
 5914 | 7.356 |  9.971 |   0.380 |  40.6667
 5915 | 7.031 | 10.178 |   0.406 |  52.0333
 5916 | 7.008 | 10.540 |   0.435 |  80.3667
 5917 | 7.587 | 10.418 |   0.353 |  45.8667
 5918 | 6.998 | 10.407 |   0.471 |  46.9333
 5919 | 7.196 | 10.415 |   0.363 |  67.1333
 5920 | 7.150 | 10.408 |   0.354 |  57.6000
 5921 | 7.180 | 10.365 |   0.362 |  78.7667
 5922 | 7.252 |  9.957 |   0.383 |  73.7333
 5923 | 7.183 |  9.864 |   0.338 |  73.7000
 5924 | 7.333 | 10.485 |   0.276 |  49.8000
 5925 | 7.313 | 10.014 |   0.404 |  50.2667
 5926 | 7.315 | 10.043 |   0.396 |  48.7333
 5927 | 7.315 | 10.043 |   0.396 |  35.7333
 5928 | 7.409 | 10.684 |   0.314 |  60.1000
 5929 | 7.237 | 10.309 |   0.366 |  68.8333
 5930 | 7.421 | 10.269 |   0.323 |  47.7000
 5931 | 7.271 | 10.165 |   0.364 |  57.1333
 5932 | 7.313 | 10.636 |   0.371 |  46.8667
 5933 | 7.284 |  9.907 |   0.356 |  72.5000
 5934 | 7.330 | 10.423 |   0.336 |  77.1333
 5935 | 7.330 | 10.423 |   0.336 |  83.8667
 5936 | 7.399 | 10.585 |   0.377 |  52.3000
 5937 | 8.012 | 10.139 |   0.370 |  75.5000
 5938 | 6.917 | 11.170 |   0.395 |  49.8000
 5939 | 7.483 | 10.624 |   0.300 |  59.1333
 5940 | 7.159 | 10.407 |   0.385 |  60.4000
 5941 | 7.084 | 10.861 |   0.411 |  52.1000
 5942 | 7.599 | 10.698 |   0.406 |  70.1667
 5943 | 7.532 | 12.000 |   0.383 |  55.3667
 5944 | 7.237 | 10.590 |   0.387 |  67.7333
 5945 | 6.513 | 10.417 |   0.311 |  67.2000
 5946 | 7.150 | 10.360 |   0.376 |  75.0000
 5947 | 7.317 | 10.134 |   0.368 |  68.6667
 5948 | 7.233 | 10.788 |   0.448 |  40.3667
 5949 | 7.211 | 10.636 |   0.437 |  53.1000
 5950 | 7.089 | 10.800 |   0.357 |  77.1333
 5951 | 7.188 | 10.682 |   0.290 |  63.7333
 5952 | 6.973 | 10.402 |   0.352 |  72.0667
 5953 | 6.973 | 10.402 |   0.352 |  78.2000
 5954 | 7.128 | 10.342 |   0.316 |  61.6333
 5955 | 7.185 | 11.001 |   0.348 |  88.8000
 5956 | 6.919 | 10.531 |   0.346 |  57.4333
 5957 | 7.130 | 10.342 |   0.316 |  50.3333
 5958 | 7.181 | 10.908 |   0.322 |  55.5333
 5959 | 7.331 | 10.438 |   0.345 |  48.4667
 5960 | 7.272 | 10.711 |   0.349 |  73.7000
 5961 | 7.233 | 10.010 |   0.309 |  60.9000
 5962 | 7.029 | 10.444 |   0.406 |  61.6000
 5963 | 6.747 |  9.384 |   0.406 |  65.7333
 5964 | 7.201 | 10.213 |   0.388 |  62.1333
 5965 | 7.567 |  9.460 |   0.251 |  79.1000
 5966 | 7.751 | 10.273 |   0.398 |  66.7667
 5967 | 8.031 | 10.030 |   0.441 |  62.6000
 5968 | 8.219 | 10.139 |   0.383 |  40.6333
 5969 | 7.843 |  8.495 |   0.418 |  31.5333
 5970 | 7.854 | 10.363 |   0.351 |  31.5000
 5971 | 7.561 |  9.810 |   0.383 |  78.7667
 5972 | 7.310 |  9.955 |   0.405 |  51.9667
 5973 | 7.827 |  8.764 |   0.433 |  88.8000
 5974 | 7.689 |  9.919 |   0.514 |  71.7667
 5975 | 7.654 |  9.830 |   0.367 |  53.0333
 5976 | 7.799 |  9.904 |   0.390 |  41.9667
 5977 | 8.299 |  9.815 |   0.403 |  80.4333
 5978 | 8.307 |  9.565 |   0.468 |  63.7333
 5979 | 8.198 |  9.753 |   0.444 |  50.1000
 5980 | 8.571 | 10.002 |   0.436 |  61.2333
 5981 | 8.278 |  9.603 |   0.509 |  44.0000
 5982 | 8.488 | 10.296 |   0.402 |  77.3000
 5983 | 8.488 | 10.296 |   0.402 |  54.5667
 5984 | 8.321 | 10.171 |   0.465 |  53.2667
 5985 | 8.220 |  9.843 |   0.455 |  53.5667
 5986 | 8.142 | 10.038 |   0.452 |  52.2000
 5987 | 8.242 |  9.516 |   0.425 |  57.5333
 5988 | 8.222 |  9.980 |   0.434 |  47.1000
 5989 | 8.824 | 10.058 |   0.412 |  44.3000
 5990 | 8.336 |  9.640 |   0.371 |  57.1000
 5991 | 7.714 |  9.087 |   0.435 |  62.6333
 5992 | 8.307 |  9.681 |   0.408 |  46.9000
 5993 | 8.246 | 10.119 |   0.358 |  43.2000
 5994 | 7.927 |  9.711 |   0.386 |  70.4667
 5995 | 7.799 |  9.707 |   0.411 |  54.0333
 5996 | 7.316 |  9.768 |   0.434 |  65.3333
 5997 | 7.769 |  9.720 |   0.386 |  70.5000
 5998 | 7.794 |  9.859 |   0.389 |  60.4000
 5999 | 7.546 |  9.565 |   0.667 |  70.3667
 6000 | 7.731 |  9.716 |   0.438 |  55.3000
 6001 | 7.710 |  9.571 |   0.400 |  62.1667
 6002 | 7.626 |  9.824 |   0.417 |  66.9667
 6003 | 7.769 |  9.799 |   0.545 | 102.2000
 6004 | 7.658 |  9.938 |   0.426 |  92.1333
 6005 | 7.875 |  9.911 |   0.363 |  55.9667
 6006 | 7.697 |  9.493 |   0.375 |  82.0667
 6007 | 7.676 | 10.006 |   0.454 |  53.7333
 6008 | 7.769 |  9.806 |   0.380 |  92.1333
 6009 | 7.198 |  9.567 |   0.403 |  29.9333
 6010 | 7.321 |  9.630 |   0.398 |  44.2667
 6011 | 7.277 |  9.662 |   0.395 |  44.6000
 6012 | 7.289 |  9.500 |   0.416 |  50.3333
 6013 | 7.062 |  9.478 |   0.333 |  50.2667
 6014 | 7.307 | 10.145 |   0.554 |  35.6667
 6015 | 7.307 | 10.145 |   0.554 |  82.1000
 6016 | 7.195 |  9.919 |   0.381 |  50.4333
 6017 | 7.195 |  9.919 |   0.381 |  44.3333
 6018 | 7.258 | 10.266 |   0.380 |  69.4667
 6019 | 7.327 | 10.142 |   0.441 |  77.2000
 6020 | 7.405 | 10.050 |   0.458 |  30.1333
 6021 | 7.334 | 10.110 |   0.420 |  50.4333
 6022 | 7.331 | 10.101 |   0.416 |  48.7333
 6023 | 7.332 | 10.267 |   0.416 |  85.5000
 6024 | 7.277 | 10.190 |   0.383 |  73.7667
 6025 | 7.277 | 10.190 |   0.383 |  56.6667
 6026 | 7.339 | 10.153 |   0.464 |  88.9667
 6027 | 7.431 |  9.982 |   0.354 |  55.5333
 6028 | 7.422 | 10.019 |   0.361 |  73.7667
 6029 | 7.393 | 10.069 |   0.394 |  46.9333
 6030 | 7.338 |  8.761 |   0.407 |  73.7333
 6031 | 7.365 |  9.162 |   0.395 |  40.4333
 6032 | 7.285 |  9.496 |   0.415 |  67.1333
 6033 | 7.405 |  9.730 |   0.407 |  43.2667
 6034 | 6.707 | 10.285 |   0.412 |  50.4000
 6035 | 6.924 |  9.990 |   0.421 |  39.9667
 6036 | 7.298 |  9.477 |   0.357 |  50.4667
 6037 | 7.298 |  9.477 |   0.357 |  73.7333
 6038 | 7.480 |  9.490 |   0.391 |  67.2000
 6039 | 7.255 |  9.268 |   0.343 |  43.7000
 6040 | 6.936 |  9.660 |   0.359 |  70.2000
 6041 | 7.546 |  9.491 |   0.352 |  70.5333
 6042 | 7.159 |  9.653 |   0.298 |  53.7333
 6043 | 7.538 |  8.395 |   0.364 |  51.9667
 6044 | 6.926 |  9.806 |   0.371 |  69.9667
 6045 | 7.284 |  9.385 |   0.338 |  72.1667
 6046 | 7.252 |  8.435 |   0.365 |  41.0333
 6047 | 7.382 |  9.063 |   0.364 |  48.8000
 6048 | 7.051 | 10.084 |   0.426 |  45.4333
 6049 | 7.093 |  9.697 |   0.261 |  43.6000
 6050 | 7.195 |  9.357 |   0.366 |  62.0000
 6051 | 6.869 |  9.610 |   0.374 |  55.4667
 6052 | 6.887 |  9.949 |   0.235 |  73.8000
 6053 | 6.913 |  9.371 |   0.244 |  93.8333
 6054 | 6.936 |  9.532 |   0.253 |  35.4667
 6055 | 7.659 |  9.524 |   0.321 |  51.9333
 6056 | 7.659 |  9.524 |   0.321 |  33.6667
 6057 | 7.022 |  9.427 |   0.281 |  63.8000
 6058 | 7.028 |  9.459 |   0.260 |  67.1333
 6059 | 6.951 |  9.440 |   0.329 |  46.3000
 6060 | 6.946 |  9.444 |   0.239 |  68.5000
 6061 | 6.892 |  9.443 |   0.315 |  49.6667
 6062 | 6.805 |  9.343 |   0.307 |  68.8333
 6063 | 6.655 |  9.448 |   0.284 |  48.5667
 6064 | 6.655 |  9.448 |   0.284 |  64.1333
 6065 | 6.655 |  9.448 |   0.284 |  90.6000
 6066 | 7.609 |  9.597 |   0.301 |  38.7333
 6067 | 6.786 |  9.326 |   0.313 |  65.3667
 6068 | 6.763 |  9.349 |   0.247 |  93.8667
 6069 | 6.783 |  9.330 |   0.303 |  57.1333
 6070 | 6.872 |  9.726 |   0.274 |  73.1000
 6071 | 6.872 |  9.726 |   0.274 |  60.5000
 6072 | 7.176 |  9.557 |   0.193 |  62.6333
 6073 | 7.182 |  9.526 |   0.250 |  61.8667
 6074 | 7.182 |  9.526 |   0.250 |  70.3667
 6075 | 7.177 |  9.508 |   0.238 |  80.4667
 6076 | 7.432 |  9.555 |   0.332 |  80.4333
 6077 | 6.999 | 10.504 |   0.260 |  48.6667
 6078 | 7.218 |  9.698 |   0.271 |  53.2333
 6079 | 7.407 |  8.930 |   0.252 |  63.8333
 6080 | 7.156 |  9.616 |   0.262 |  64.8333
 6081 | 7.931 |  9.411 |   0.263 |  62.1000
 6082 | 6.759 |  9.202 |   0.152 |  73.3667
 6083 | 7.355 |  9.402 |   0.302 |  70.4667
 6084 | 7.596 |  9.140 |   0.356 |  61.9333
 6085 | 7.035 |  9.332 |   0.349 |  70.3667
 6086 | 7.279 |  8.668 |   0.297 |  42.0000
 6087 | 7.671 |  9.272 |   0.319 |  53.7333
 6088 | 7.756 |  9.221 |   0.303 |  78.7333
 6089 | 7.518 |  9.225 |   0.309 |  63.9000
 6090 | 8.195 |  9.176 |   0.348 |  53.2000
 6091 | 7.813 |  9.430 |   0.304 |  50.7333
 6092 | 7.221 |  9.277 |   0.336 |  43.7000
 6093 | 7.459 |  9.339 |   0.323 |  56.1667
 6094 | 7.873 |  9.241 |   0.283 |  67.0667
 6095 | 7.244 | 10.270 |   0.275 |  53.6667
 6096 | 7.302 |  9.477 |   0.338 |  46.9667
 6097 | 7.480 |  9.681 |   0.381 |  68.6333
 6098 | 7.223 |  9.961 |   0.341 |  62.0333
 6099 | 7.250 |  9.507 |   0.332 |  60.4000
 6100 | 6.922 | 10.017 |   0.552 |  46.7000
 6101 | 6.977 |  9.726 |   0.372 |  90.5000
 6102 | 7.186 | 10.288 |   0.332 |  63.7333
 6103 | 7.169 | 10.605 |   0.369 |  75.9000
 6104 | 7.422 |  9.154 |   0.368 |  45.4667
 6105 | 7.422 |  9.154 |   0.368 |  62.1333
 6106 | 6.981 | 10.284 |   0.340 |  53.8333
 6107 | 7.238 | 10.648 |   0.339 |  44.7667
 6108 | 7.254 | 10.338 |   0.295 |  48.6667
 6109 | 7.701 |  9.930 |   0.270 |  61.3000
 6110 | 7.701 |  9.930 |   0.270 |  70.4000
 6111 | 7.470 | 10.354 |   0.336 |  56.2000
 6112 | 7.353 | 10.001 |   0.319 |  44.7333
 6113 | 7.539 | 10.246 |   0.309 |  78.7667
 6114 | 7.535 |  9.537 |   0.305 |  34.6000
 6115 | 7.296 |  9.645 |   0.344 |  65.4000
 6116 | 7.296 |  9.645 |   0.344 |  45.4000
 6117 | 7.240 | 10.125 |   0.351 |  52.2667
 6118 | 6.919 | 10.053 |   0.358 |  73.1000
 6119 | 7.349 |  9.986 |   0.450 |  17.4000
 6120 | 7.356 |  9.434 |   0.459 |  72.0667
 6121 | 7.405 | 10.262 |   0.446 |  73.8667
 6122 | 7.468 |  9.877 |   0.359 |  58.9000
 6123 | 7.431 |  9.780 |   0.450 |  55.2333
 6124 | 7.424 |  9.848 |   0.414 |  48.7333
 6125 | 7.464 |  9.650 |   0.387 |  37.8667
 6126 | 7.428 |  9.758 |   0.452 |  68.0333
 6127 | 7.424 |  9.891 |   0.419 |  48.4000
 6128 | 6.993 |  9.697 |   0.513 |  47.7667
 6129 | 7.321 |  9.842 |   0.450 |  55.8333
 6130 | 7.551 |  9.440 |   0.402 |  68.8333
 6131 | 7.665 |  9.380 |   0.375 |  73.7000
 6132 | 7.327 |  9.859 |   0.435 |  55.3667
 6133 | 7.173 | 10.775 |   0.415 |  88.8000
 6134 | 6.510 | 10.066 |   0.419 |  30.2667
 6135 | 7.341 | 10.902 |   0.428 |  62.1000
 6136 | 6.877 |  9.748 |   0.449 |  45.4667
 6137 | 6.877 |  9.748 |   0.449 |  66.4667
 6138 | 7.054 |  9.895 |   0.474 |  62.0000
 6139 | 7.098 | 10.206 |   0.467 |  44.6667
 6140 | 7.283 |  9.942 |   0.379 |  73.7333
 6141 | 7.392 | 10.037 |   0.458 |  62.3667
 6142 | 7.288 | 10.886 |   0.468 |  43.7333
 6143 | 7.164 | 11.433 |   0.441 |  48.6667
 6144 | 6.760 | 10.628 |   0.416 |  45.9667
 6145 | 7.432 | 11.506 |   0.425 |  38.6000
 6146 | 6.882 | 10.787 |   0.417 |  55.3667
 6147 | 7.370 | 10.603 |   0.451 |  37.7667
 6148 | 7.233 | 10.562 |   0.425 |  57.0667
 6149 | 7.305 | 10.665 |   0.449 |  38.6667
 6150 | 7.255 | 10.579 |   0.405 |  55.3333
 6151 | 7.307 | 10.639 |   0.431 |  75.4000
 6152 | 7.307 | 10.639 |   0.431 |  45.4333
 6153 | 7.232 | 11.353 |   0.433 |  62.3333
 6154 | 7.704 | 10.656 |   0.426 |  36.7000
 6155 | 7.704 | 10.656 |   0.426 |  68.3333
 6156 | 6.729 | 10.639 |   0.490 |  45.4000
 6157 | 7.364 | 10.784 |   0.533 |  50.2667
 6158 | 7.353 | 11.366 |   0.430 |  83.8000
 6159 | 7.324 | 11.184 |   0.421 |  62.0667
 6160 | 7.115 | 10.879 |   0.441 |  60.4333
 6161 | 7.189 | 10.886 |   0.439 |  67.4667
 6162 | 7.189 | 10.886 |   0.439 |  73.7000
 6163 | 7.270 | 11.215 |   0.422 |  67.2333
 6164 | 7.228 | 10.982 |   0.453 |  80.4667
 6165 | 7.228 | 10.982 |   0.453 |  60.6333
 6166 | 7.044 | 10.996 |   0.407 |  72.2333
 6167 | 7.006 | 11.264 |   0.409 |  87.1333
 6168 | 6.955 | 11.637 |   0.476 |  52.0667
 6169 | 7.174 | 10.951 |   0.347 |  77.2333
 6170 | 7.233 | 11.139 |   0.360 |  50.9000
 6171 | 7.141 | 11.495 |   0.440 |  57.1000
 6172 | 7.227 | 10.202 |   0.357 |  77.0333
 6173 | 7.191 | 11.258 |   0.469 |  62.1333
 6174 | 7.268 | 11.037 |   0.352 |  49.5667
 6175 | 7.321 | 10.816 |   0.418 |  55.3667
 6176 | 7.167 | 10.063 |   0.336 |  46.2333
 6177 | 6.879 | 10.938 |   0.442 |  45.6000
 6178 | 7.041 | 10.466 |   0.561 |  60.3667
 6179 | 7.685 | 11.000 |   0.484 |  58.8000
 6180 | 7.007 | 10.750 |   0.515 |  60.4000
 6181 | 6.990 | 10.742 |   0.516 |  62.4000
 6182 | 6.990 | 10.742 |   0.516 |  55.3333
 6183 | 7.062 | 10.870 |   0.472 |  63.1667
 6184 | 7.135 | 10.372 |   0.441 |  52.6667
 6185 | 7.037 | 10.469 |   0.489 |  47.7333
 6186 | 7.063 | 10.798 |   0.457 |  78.1333
 6187 | 7.063 | 10.798 |   0.373 |  53.1333
 6188 | 7.089 | 10.456 |   0.537 |  62.1333
 6189 | 7.083 | 10.310 |   0.449 |  53.7333
 6190 | 7.290 | 10.571 |   0.423 |  41.3000
 6191 | 7.035 | 10.173 |   0.393 |  75.3333
 6192 | 6.841 | 10.440 |   0.446 |  48.3667
 6193 | 7.207 | 10.730 |   0.401 |  58.6333
 6194 | 6.692 | 11.079 |   0.446 |  43.7333
 6195 | 6.976 | 10.580 |   0.494 |  45.4000
 6196 | 6.934 | 10.518 |   0.494 |  43.7000
 6197 | 6.931 | 10.821 |   0.462 |  45.3000
 6198 | 6.875 | 10.263 |   0.532 |  49.2000
 6199 | 7.155 | 10.115 |   0.500 |  25.2667
 6200 | 6.843 | 11.565 |   0.483 |  35.3667
 6201 | 7.039 | 10.555 |   0.533 |  70.3667
 6202 | 6.873 | 10.695 |   0.545 |  74.1333
 6203 | 7.525 | 10.923 |   0.404 |  49.2667
 6204 | 7.423 | 11.093 |   0.479 |  41.9333
 6205 | 7.411 | 10.533 |   0.475 |  33.2667
 6206 | 7.399 | 10.579 |   0.476 |  53.7667
 6207 | 7.261 | 10.481 |   0.385 |  53.7333
 6208 | 7.148 | 10.413 |   0.385 |  47.6333
 6209 | 7.758 | 10.261 |   0.379 |  46.9333
 6210 | 7.731 | 10.509 |   0.400 |  43.4667
 6211 | 6.994 | 10.840 |   0.339 |  56.5333
 6212 | 7.165 | 10.663 |   0.365 |  92.1667
 6213 | 7.165 | 10.663 |   0.365 |  53.6333
 6214 | 7.523 | 10.427 |   0.426 |  71.1667
 6215 | 7.421 | 10.550 |   0.439 |  67.8333
 6216 | 7.417 |  9.527 |   0.440 |  78.9000
 6217 | 7.056 | 10.403 |   0.421 |  47.0000
 6218 | 7.793 |  9.582 |   0.442 |  58.6000
 6219 | 7.330 |  9.877 |   0.465 |  53.2000
 6220 | 7.017 | 10.476 |   0.424 |  98.8000
 6221 | 7.396 |  9.835 |   0.439 |  80.8667
 6222 | 7.445 | 10.045 |   0.420 |  50.4333
 6223 | 7.140 | 10.596 |   0.430 |  53.0333
 6224 | 7.441 |  9.310 |   0.456 |  64.1667
 6225 | 7.310 | 10.037 |   0.422 |  33.2000
 6226 | 7.086 |  9.613 |   0.440 |  43.7000
 6227 | 7.661 | 10.329 |   0.436 |  37.9667
 6228 | 7.299 | 11.456 |   0.395 |  52.4667
 6229 | 7.642 | 10.526 |   0.413 |  50.7000
 6230 | 7.254 | 10.476 |   0.433 |  52.8667
 6231 | 7.152 | 10.913 |   0.413 |  25.3000
 6232 | 6.695 | 10.719 |   0.339 |  64.3667
 6233 | 6.915 | 10.672 |   0.408 |  57.1000
 6234 | 7.572 | 10.039 |   0.419 |  70.4667
 6235 | 6.982 | 10.564 |   0.393 |  48.8000
 6236 | 6.755 | 10.655 |   0.341 |  55.4667
 6237 | 6.962 | 10.934 |   0.391 |  48.8000
 6238 | 6.857 | 10.956 |   0.428 |  60.3333
 6239 | 7.028 | 10.440 |   0.417 |  66.7667
 6240 | 6.731 | 10.551 |   0.427 |  33.2667
 6241 | 6.987 | 10.261 |   0.510 |  78.7333
 6242 | 6.853 | 10.821 |   0.445 |  48.2000
 6243 | 6.773 | 10.275 |   0.538 |  57.2333
 6244 | 7.635 | 10.109 |   0.378 |  42.6667
 6245 | 6.873 | 10.660 |   0.464 |  55.3333
 6246 | 6.781 | 10.462 |   0.520 |  57.0667
 6247 | 6.787 | 10.112 |   0.516 |  57.1000
 6248 | 7.152 | 11.036 |   0.442 |  57.2333
 6249 | 7.040 | 10.805 |   0.457 |  45.3667
 6250 | 7.125 | 10.282 |   0.386 |  50.5333
 6251 | 7.156 | 10.472 |   0.386 |  50.5000
 6252 | 7.185 | 10.535 |   0.391 |  50.4000
 6253 | 7.144 | 10.508 |   0.319 |  54.6000
 6254 | 7.211 | 10.665 |   0.297 |  68.1000
 6255 | 7.133 | 11.743 |   0.229 |  50.9000
 6256 | 7.169 |  9.364 |   0.337 |  80.4333
 6257 | 7.124 | 11.017 |   0.317 |  78.8000
 6258 | 7.175 | 10.446 |   0.284 |  49.4667
 6259 | 7.609 | 10.398 |   0.362 |  60.3333
 6260 | 7.416 | 10.306 |   0.409 |  54.4000
 6261 | 7.298 | 10.113 |   0.378 |  52.0667
 6262 | 7.338 | 10.455 |   0.240 |  52.0000
 6263 | 6.995 | 10.663 |   0.335 |  46.2667
 6264 | 8.330 | 10.564 |   0.337 |  53.7000
 6265 | 7.370 | 10.825 |   0.329 |  62.2667
 6266 | 7.342 | 10.796 |   0.330 |  49.9333
 6267 | 8.248 | 11.014 |   0.267 |  48.5667
 6268 | 7.582 | 10.527 |   0.396 |  70.4000
 6269 | 8.461 | 10.879 |   0.315 |  75.0333
 6270 | 8.129 | 10.666 |   0.342 |  88.8000
 6271 | 8.244 | 10.762 |   0.316 |  62.5000
 6272 | 8.061 | 10.722 |   0.292 |  40.3667
 6273 | 7.937 | 10.948 |   0.383 |  53.6000
 6274 | 8.381 | 10.460 |   0.281 |  62.4667
 6275 | 8.078 | 10.643 |   0.311 |  58.7000
 6276 | 8.175 | 10.595 |   0.325 |  39.0000
 6277 | 7.929 | 10.804 |   0.201 |  45.0333
 6278 | 8.839 | 10.659 |   0.343 |  80.4667
 6279 | 8.056 | 10.700 |   0.355 |  55.8667
 6280 | 8.026 | 10.703 |   0.275 |  92.1333
 6281 | 8.875 | 10.687 |   0.384 |  66.7000
 6282 | 8.611 | 10.723 |   0.411 |  64.1667
 6283 | 8.159 | 10.726 |   0.352 |  70.4000
 6284 | 8.934 | 10.663 |   0.359 |  53.7667
 6285 | 8.734 | 10.909 |   0.413 |  24.5667
 6286 | 8.575 | 10.983 |   0.444 |  11.8667
 6287 | 7.614 | 11.133 |   0.361 |  35.2667
 6288 | 7.827 | 10.915 |   0.364 |  51.5333
 6289 | 8.980 | 10.922 |   0.423 |  82.1000
 6290 | 8.980 | 10.922 |   0.423 |  41.9000
 6291 | 8.113 | 11.020 |   0.318 |  45.8000
 6292 | 8.671 | 11.254 |   0.355 |  54.7333
 6293 | 8.003 | 11.108 |   0.385 |  29.5000
 6294 | 8.495 | 11.097 |   0.421 |  51.9667
 6295 | 8.009 | 10.424 |   0.378 |  53.7000
 6296 | 8.519 | 11.063 |   0.394 |  46.8000
 6297 | 8.255 | 10.409 |   0.369 |  47.0000
 6298 | 8.559 | 11.047 |   0.377 |  60.2000
 6299 | 8.914 | 10.929 |   0.375 |  59.0000
 6300 | 8.391 | 11.317 |   0.380 |  53.7667
 6301 | 8.741 | 10.810 |   0.369 |  60.3000
 6302 | 8.706 | 10.785 |   0.379 |  65.4333
 6303 | 8.510 | 10.467 |   0.320 |  70.3667
 6304 | 8.583 | 11.107 |   0.396 |  56.0667
 6305 | 8.510 | 10.467 |   0.320 |  64.3667
 6306 | 8.988 | 10.759 |   0.395 |  47.8333
 6307 | 9.000 | 10.940 |   0.424 |  78.7333
 6308 | 9.000 | 10.930 |   0.374 |  45.8667
 6309 | 8.774 | 10.128 |   0.396 |  57.1667
 6310 | 8.990 | 10.464 |   0.398 |  55.8000
 6311 | 8.817 | 10.919 |   0.471 |  16.5000
 6312 | 8.876 | 10.459 |   0.398 |  48.6333
 6313 | 8.778 | 11.142 |   0.454 |  76.9667
 6314 | 8.826 |  9.764 |   0.422 |  41.3667
 6315 | 8.589 | 10.250 |   0.476 |  53.1000
 6316 | 8.839 | 11.182 |   0.459 |  43.6667
 6317 | 8.903 | 11.038 |   0.483 |  51.5000
 6318 | 8.669 | 11.113 |   0.452 |  46.1000
 6319 | 8.877 | 11.312 |   0.469 |  87.1000
 6320 | 8.911 | 11.359 |   0.376 |  61.2333
 6321 | 8.395 | 10.912 |   0.628 |  60.3000
 6322 | 8.613 | 10.838 |   0.419 |  73.1333
 6323 | 8.617 | 11.056 |   0.414 |  33.4000
 6324 | 8.717 | 10.857 |   0.378 | 102.2000
 6325 | 8.634 | 11.059 |   0.436 |  48.7333
 6326 | 8.663 | 10.645 |   0.315 |  62.1000
 6327 | 8.410 | 10.931 |   0.415 |  48.9667
 6328 | 8.718 | 10.869 |   0.338 |  44.2667
 6329 | 8.526 | 10.772 |   0.382 |  39.4333
 6330 | 8.358 | 10.941 |   0.405 |  80.4667
 6331 | 8.379 | 10.455 |   0.404 |  85.5000
 6332 | 8.092 | 11.023 |   0.372 |  74.8000
 6333 | 8.450 | 10.761 |   0.375 |  70.6333
 6334 | 7.851 | 11.100 |   0.362 |  40.4000
 6335 | 8.840 | 10.739 |   0.393 |  46.9000
 6336 | 8.258 | 10.861 |   0.380 |  55.3000
 6337 | 8.500 | 10.602 |   0.436 |  65.3333
 6338 | 8.811 | 10.763 |   0.395 |  65.4000
 6339 | 8.804 | 10.759 |   0.395 |  60.4333
 6340 | 8.748 | 10.202 |   0.431 |  80.9333
 6341 | 8.518 | 10.873 |   0.425 |  57.1000
 6342 | 8.478 | 11.043 |   0.294 |  54.9333
 6343 | 8.440 | 10.730 |   0.404 |  44.2667
 6344 | 8.858 | 12.000 |   0.310 |  52.3333
 6345 | 8.857 | 11.948 |   0.316 |  80.5333
 6346 | 8.248 | 11.671 |   0.384 |  40.7667
 6347 | 8.577 | 11.955 |   0.346 |  54.1333
 6348 | 8.246 | 11.977 |   0.360 |  73.8667
 6349 | 8.244 | 10.408 |   0.361 |  55.3333
 6350 | 8.382 | 11.359 |   0.350 |  70.4000
 6351 | 7.959 | 11.379 |   0.352 |  52.0000
 6352 | 7.996 | 11.297 |   0.349 |  58.1333
 6353 | 8.618 | 11.515 |   0.351 |  66.0000
 6354 | 8.419 | 10.765 |   0.355 |  45.0667
 6355 | 8.608 | 11.328 |   0.351 |  57.1000
 6356 | 8.179 | 11.514 |   0.351 |  48.6333
 6357 | 8.250 | 11.094 |   0.353 |  63.0333
 6358 | 8.254 | 11.143 |   0.338 |  62.0333
 6359 | 8.483 | 10.966 |   0.352 |  53.7333
 6360 | 8.367 | 11.657 |   0.352 | 112.2667
 6361 | 8.481 | 10.875 |   0.352 |  80.4667
 6362 | 8.481 | 10.875 |   0.352 |  57.0000
 6363 | 7.676 |  9.987 |   0.293 |  70.4000
 6364 | 8.181 | 10.933 |   0.344 |  52.1333
 6365 | 8.755 | 11.514 |   0.327 |  62.0333
 6366 | 8.679 | 11.028 |   0.346 |  77.0333
 6367 | 8.923 | 10.708 |   0.345 |  46.6333
 6368 | 8.725 | 11.444 |   0.328 |  57.2333
 6369 | 8.420 | 10.982 |   0.336 |  83.8000
 6370 | 8.351 | 10.824 |   0.364 |  78.7333
 6371 | 8.559 | 11.279 |   0.283 |  70.4000
 6372 | 8.466 | 11.025 |   0.311 |  45.5000
 6373 | 8.894 | 10.875 |   0.333 |  60.4000
 6374 | 8.391 | 10.622 |   0.393 |  53.6667
 6375 | 8.903 | 11.360 |   0.333 |  65.3667
 6376 | 8.903 | 11.360 |   0.333 |  52.0667
 6377 | 7.765 | 10.525 |   0.320 |  72.1000
 6378 | 7.445 | 10.331 |   0.325 |  62.1333
 6379 | 8.110 | 11.220 |   0.326 |  60.4667
 6380 | 8.351 | 11.309 |   0.352 |  67.1667
 6381 | 8.449 | 10.827 |   0.341 |  46.7000
 6382 | 8.479 | 10.852 |   0.338 |  43.7333
 6383 | 8.096 | 10.692 |   0.319 |  59.7000
 6384 | 8.096 | 10.692 |   0.319 |  60.4000
 6385 | 7.950 | 10.514 |   0.312 |  65.3667
 6386 | 8.081 | 10.265 |   0.396 |  51.9333
 6387 | 8.064 | 10.864 |   0.358 |  56.9667
 6388 | 8.109 | 10.840 |   0.384 |  57.0000
 6389 | 8.197 | 11.182 |   0.374 |  59.4000
 6390 | 8.453 | 10.808 |   0.341 |  70.5333
 6391 | 8.751 | 10.052 |   0.383 |  62.2333
 6392 | 8.273 | 10.026 |   0.347 |  59.6000
 6393 | 8.105 | 11.297 |   0.333 |  51.9667
 6394 | 8.105 | 11.297 |   0.333 |  63.7333
 6395 | 7.944 | 10.880 |   0.371 |  55.3000
 6396 | 7.963 | 10.853 |   0.386 |  45.2333
 6397 | 8.202 | 10.914 |   0.350 |  40.8333
 6398 | 7.699 | 10.847 |   0.357 |  52.0667
 6399 | 7.138 | 10.850 |   0.315 |  43.8333
 6400 | 7.696 | 10.846 |   0.397 |  90.4333
 6401 | 8.057 | 11.512 |   0.343 |  47.8667
 6402 | 8.152 | 11.399 |   0.378 |  52.0333
 6403 | 8.107 | 11.256 |   0.394 |  47.5333
 6404 | 7.851 | 11.162 |   0.402 |  62.4667
 6405 | 7.954 | 11.635 |   0.362 |  73.7333
 6406 | 8.346 | 11.245 |   0.429 |  58.6000
 6407 | 8.091 | 10.924 |   0.408 |  41.7000
 6408 | 7.958 | 11.567 |   0.447 |  63.8000
 6409 | 8.182 | 11.349 |   0.436 |  63.6667
 6410 | 8.245 | 11.683 |   0.434 |  35.6333
 6411 | 8.118 | 11.375 |   0.423 |  62.1333
 6412 | 8.048 | 11.683 |   0.422 |  50.4667
 6413 | 8.117 | 11.680 |   0.446 |  42.1667
 6414 | 8.065 | 11.683 |   0.428 |  67.1333
 6415 | 8.253 | 11.676 |   0.386 |  52.2000
 6416 | 8.751 | 11.899 |   0.434 |  57.0333
 6417 | 8.580 | 11.690 |   0.474 |  48.8000
 6418 | 8.239 | 11.581 |   0.462 |  37.0333
 6419 | 8.460 | 11.698 |   0.458 |  48.7333
 6420 | 8.489 | 11.696 |   0.515 |  43.6333
 6421 | 8.446 | 11.654 |   0.458 |  48.7000
 6422 | 8.097 | 11.650 |   0.500 |  55.6667
 6423 | 8.358 | 11.593 |   0.408 |  53.7667
 6424 | 8.336 | 11.160 |   0.430 |  45.2333
 6425 | 8.374 | 11.406 |   0.487 |  48.5000
 6426 | 8.068 | 11.177 |   0.444 |  64.4333
 6427 | 8.483 | 11.363 |   0.473 |  36.9667
 6428 | 8.406 | 10.587 |   0.451 |  45.6667
 6429 | 8.244 | 11.211 |   0.420 |  67.0000
 6430 | 8.224 | 11.225 |   0.410 |  48.7333
 6431 | 8.034 | 11.321 |   0.374 |  62.1000
 6432 | 8.392 | 11.188 |   0.349 |  68.6667
 6433 | 8.010 | 11.417 |   0.508 |  42.0000
 6434 | 8.160 | 11.289 |   0.312 |  53.9667
 6435 | 8.452 | 11.226 |   0.357 |  43.7667
 6436 | 7.641 | 11.298 |   0.356 |  45.7333
 6437 | 8.248 | 10.945 |   0.359 |  46.9000
 6438 | 7.944 | 11.311 |   0.376 |  54.8000
 6439 | 8.082 | 11.211 |   0.355 |  53.6667
 6440 | 8.000 | 11.710 |   0.359 |  53.6667
 6441 | 7.875 | 10.346 |   0.366 |  54.8667
 6442 | 7.838 | 10.823 |   0.363 |  52.2667
 6443 | 7.842 | 10.837 |   0.361 |  63.1667
 6444 | 8.170 | 10.772 |   0.377 |  70.4000
 6445 | 7.872 | 11.231 |   0.370 |  70.4667
 6446 | 8.142 | 10.822 |   0.506 |  53.6000
 6447 | 8.167 | 10.886 |   0.430 |  53.7333
 6448 | 7.758 | 10.414 |   0.363 |  82.0667
 6449 | 8.185 | 10.919 |   0.398 |  75.6000
 6450 | 8.082 | 11.179 |   0.403 |  51.9667
 6451 | 8.098 | 10.725 |   0.405 |  53.7667
 6452 | 7.969 | 10.693 |   0.392 |  43.6333
 6453 | 8.210 | 11.352 |   0.397 |  64.1000
 6454 | 7.847 | 11.568 |   0.374 |  55.0333
 6455 | 8.582 | 11.227 |   0.373 |  66.9000
 6456 | 7.828 | 11.067 |   0.377 |  59.8667
 6457 | 8.342 | 10.510 |   0.406 |  76.5667
 6458 | 8.172 | 11.089 |   0.399 |  46.1000
 6459 | 8.560 | 11.530 |   0.372 |  56.6333
 6460 | 7.904 | 11.299 |   0.378 |  71.0000
 6461 | 7.956 | 11.224 |   0.353 |  49.6000
 6462 | 8.176 | 10.807 |   0.381 |  70.3667
 6463 | 8.158 | 10.981 |   0.346 |  79.6333
 6464 | 8.282 | 10.584 |   0.361 |  52.9667
 6465 | 8.235 | 10.702 |   0.313 |  77.6667
 6466 | 8.385 | 10.800 |   0.253 |  38.4667
 6467 | 8.406 | 10.662 |   0.342 |  62.3000
 6468 | 8.248 | 10.697 |   0.387 |  62.0333
 6469 | 7.909 | 10.455 |   0.395 |  38.7333
 6470 | 8.406 | 10.676 |   0.350 |  73.7333
 6471 | 7.831 | 10.478 |   0.374 |  41.9333
 6472 | 8.371 | 10.685 |   0.378 |  40.6333
 6473 | 8.260 | 10.767 |   0.384 |  40.6333
 6474 | 7.993 | 10.054 |   0.398 |  77.2000
 6475 | 7.993 | 10.054 |   0.398 |  42.7000
 6476 | 7.351 | 10.495 |   0.382 |  92.1333
 6477 | 8.238 | 10.339 |   0.332 |  85.5667
 6478 | 8.354 | 10.807 |   0.369 |  39.0000
 6479 | 8.326 | 10.264 |   0.388 |  78.8333
 6480 | 7.033 | 10.470 |   0.373 |  53.7333
 6481 | 8.398 | 10.437 |   0.372 |  67.1333
 6482 | 8.309 |  9.751 |   0.351 |  57.0333
 6483 | 8.309 |  9.751 |   0.351 |  77.0667
 6484 | 8.187 |  9.728 |   0.370 |  79.6333
 6485 | 8.187 |  9.728 |   0.370 |  49.5333
 6486 | 8.120 |  9.753 |   0.378 |  48.7333
 6487 | 7.181 |  9.900 |   0.374 |  73.7000
 6488 | 8.185 |  9.879 |   0.381 |  75.5000
 6489 | 7.999 |  9.989 |   0.332 |  63.8000
 6490 | 8.093 |  9.900 |   0.380 |  62.1000
 6491 | 8.138 |  9.853 |   0.371 |  45.4000
 6492 | 8.204 | 10.012 |   0.302 |  53.7333
 6493 | 7.492 | 10.134 |   0.350 |  47.3667
 6494 | 8.018 | 10.253 |   0.358 |  54.4667
 6495 | 8.078 | 10.291 |   0.432 |  68.6667
 6496 | 8.875 | 10.439 |   0.347 |  65.4000
 6497 | 8.291 | 10.017 |   0.353 |  28.9000
 6498 | 8.238 | 10.394 |   0.361 |  62.0000
 6499 | 8.454 | 10.172 |   0.337 |  45.3667
 6500 | 8.329 | 10.420 |   0.339 |  49.5333
 6501 | 8.484 | 10.168 |   0.339 |  77.2000
 6502 | 8.288 | 10.276 |   0.352 |  58.8000
 6503 | 8.693 | 10.322 |   0.365 |  44.5333
 6504 | 7.985 | 10.203 |   0.354 |  33.6333
 6505 | 8.667 | 10.449 |   0.411 |  47.2000
 6506 | 8.294 |  9.873 |   0.365 |  66.4000
 6507 | 8.670 | 10.257 |   0.363 |  75.4000
 6508 | 8.435 | 10.007 |   0.384 |  55.4333
 6509 | 8.445 |  9.997 |   0.303 |  37.0333
 6510 | 8.465 | 10.205 |   0.383 |  67.8333
 6511 | 8.626 |  9.729 |   0.378 |  53.7333
 6512 | 9.000 | 10.116 |   0.365 |  75.4000
 6513 | 8.721 |  9.983 |   0.292 |  73.3667
 6514 | 8.910 | 10.442 |   0.368 |  51.9667
 6515 | 8.899 | 10.323 |   0.387 |  62.9667
 6516 | 8.902 | 10.174 |   0.411 |  76.2000
 6517 | 9.000 | 10.416 |   0.349 |  48.7333
 6518 | 8.989 | 10.328 |   0.370 |  48.7333
 6519 | 8.951 | 10.373 |   0.372 |  68.6667
 6520 | 8.973 | 10.347 |   0.371 |  62.1000
 6521 | 8.988 | 10.016 |   0.344 |  82.9333
 6522 | 8.820 |  9.410 |   0.405 |  74.7667
 6523 | 8.712 |  9.813 |   0.334 |  63.7000
 6524 | 8.889 | 10.361 |   0.409 |  74.1333
 6525 | 8.231 |  9.802 |   0.414 |  55.2667
 6526 | 8.920 |  9.644 |   0.354 |  67.5333
 6527 | 8.761 |  9.680 |   0.365 |  72.1667
 6528 | 8.386 |  9.993 |   0.386 |  60.2667
 6529 | 8.781 |  9.590 |   0.413 |  43.7000
 6530 | 8.900 |  9.634 |   0.414 |  80.4333
 6531 | 8.838 |  9.425 |   0.351 |  70.2000
 6532 | 8.837 |  9.407 |   0.357 |  53.5000
 6533 | 8.403 |  9.621 |   0.380 |  54.1000
 6534 | 8.836 |  9.851 |   0.367 |  31.4667
 6535 | 8.820 | 10.285 |   0.495 |  46.9333
 6536 | 8.848 |  9.672 |   0.396 |  62.0333
 6537 | 8.311 |  9.779 |   0.327 |  52.0667
 6538 | 8.222 |  9.706 |   0.508 |  62.0000
 6539 | 7.974 | 10.975 |   0.461 |  70.3667
 6540 | 8.495 |  9.813 |   0.516 |  82.0667
 6541 | 8.227 |  9.403 |   0.471 |  65.3667
 6542 | 8.243 |  9.754 |   0.309 |  58.7333
 6543 | 8.227 |  9.403 |   0.471 |  62.0333
 6544 | 8.551 | 10.648 |   0.365 |  53.7667
 6545 | 8.053 |  9.430 |   0.433 |  29.4000
 6546 | 8.563 | 10.358 |   0.474 |  70.3000
 6547 | 8.374 |  9.457 |   0.524 |  51.8667
 6548 | 8.309 | 10.550 |   0.403 |  55.5333
 6549 | 8.296 | 10.459 |   0.418 |  78.7333
 6550 | 8.296 | 10.459 |   0.418 |  68.9000
 6551 | 8.260 | 10.119 |   0.441 |  38.6333
 6552 | 8.303 | 10.003 |   0.459 |  53.7667
 6553 | 8.256 | 10.405 |   0.479 |  53.7333
 6554 | 8.281 | 10.093 |   0.463 |  65.5000
 6555 | 8.578 |  9.882 |   0.479 |  46.1333
 6556 | 8.578 |  9.882 |   0.479 |  55.2667
 6557 | 8.332 | 10.221 |   0.400 |  60.4000
 6558 | 8.439 | 10.183 |   0.419 |  73.7000
 6559 | 8.418 | 10.023 |   0.504 |  68.7667
 6560 | 8.394 |  9.821 |   0.315 |  54.3000
 6561 | 8.443 | 10.143 |   0.386 |  75.4000
 6562 | 8.847 | 10.560 |   0.397 |  53.0667
 6563 | 8.440 | 10.077 |   0.318 |  58.7000
 6564 | 8.579 | 10.330 |   0.370 |  43.8333
 6565 | 8.575 | 10.108 |   0.418 |  53.7333
 6566 | 8.718 | 10.107 |   0.519 |  59.4667
 6567 | 8.580 | 10.258 |   0.310 |  60.6667
 6568 | 8.442 | 10.232 |   0.414 |  22.0333
 6569 | 8.282 | 10.381 |   0.420 |  58.7333
 6570 | 8.466 | 10.238 |   0.408 |  60.3333
 6571 | 8.417 | 10.361 |   0.407 |  88.8333
 6572 | 8.573 | 10.105 |   0.380 |  60.1333
 6573 | 8.691 |  9.964 |   0.418 |  57.0667
 6574 | 8.450 | 10.037 |   0.410 |  78.0667
 6575 | 8.293 | 10.046 |   0.358 |  82.0667
 6576 | 8.424 | 10.036 |   0.327 |  88.8000
 6577 | 8.450 | 10.010 |   0.381 |  75.1000
 6578 | 8.310 | 10.890 |   0.403 |  53.2667
 6579 | 8.296 | 10.020 |   0.262 |  40.8667
 6580 | 8.297 | 10.454 |   0.390 |  46.9667
 6581 | 8.081 |  9.725 |   0.455 |  85.0333
 6582 | 7.982 | 10.523 |   0.278 |  57.0000
 6583 | 7.978 | 10.523 |   0.381 |  60.3667
 6584 | 7.746 | 10.894 |   0.250 |  43.2667
 6585 | 8.235 | 10.215 |   0.249 |  53.7000
 6586 | 7.486 | 10.571 |   0.339 |  59.7333
 6587 | 7.776 | 10.835 |   0.317 |  25.7000
 6588 | 7.970 | 10.446 |   0.307 |  67.1333
 6589 | 7.822 | 10.769 |   0.384 |  82.0667
 6590 | 7.905 | 11.284 |   0.322 |  41.9333
 6591 | 8.058 | 10.926 |   0.341 |  62.0000
 6592 | 7.849 | 10.751 |   0.348 |  46.4000
 6593 | 7.812 | 11.524 |   0.296 |  46.3000
 6594 | 7.873 | 10.762 |   0.287 |  41.9667
 6595 | 7.525 | 11.554 |   0.342 |  36.2000
 6596 | 7.737 | 10.767 |   0.395 |  39.2667
 6597 | 7.621 | 11.130 |   0.393 |  35.2667
 6598 | 7.596 | 12.000 |   0.351 |  67.2667
 6599 | 7.282 | 11.723 |   0.373 |  58.8000
 6600 | 7.282 | 11.723 |   0.316 |  60.4000
 6601 | 7.282 | 11.723 |   0.316 |  56.4667
 6602 | 7.441 | 10.902 |   0.422 |  45.2667
 6603 | 7.466 | 11.282 |   0.440 |  38.8000
 6604 | 7.492 | 10.634 |   0.351 |  72.1000
 6605 | 7.293 | 10.886 |   0.361 |  58.9333
 6606 | 7.682 | 11.862 |   0.408 |  43.6000
 6607 | 7.370 | 10.932 |   0.335 |  44.4333
 6608 | 7.504 | 11.757 |   0.399 |  60.1333
 6609 | 7.380 | 10.940 |   0.336 |  46.0000
 6610 | 7.959 | 11.258 |   0.357 |  48.4000
 6611 | 7.962 | 11.510 |   0.385 |  60.4667
 6612 | 7.835 | 11.362 |   0.376 |  44.2333
 6613 | 7.635 | 11.422 |   0.380 |  55.3000
 6614 | 7.997 | 11.377 |   0.377 |  72.9000
 6615 | 7.594 | 11.660 |   0.373 |  52.1333
 6616 | 7.882 | 11.176 |   0.382 |  75.3333
 6617 | 7.841 | 11.568 |   0.384 |  59.5333
 6618 | 7.886 | 11.174 |   0.427 |  38.6667
 6619 | 8.102 | 11.997 |   0.434 |  35.6667
 6620 | 7.924 | 11.237 |   0.389 |  37.5000
 6621 | 7.920 | 10.736 |   0.354 |  59.4000
 6622 | 7.890 | 11.247 |   0.309 |  57.3000
 6623 | 7.890 | 11.247 |   0.309 |  65.4000
 6624 | 7.902 | 11.112 |   0.327 |  75.4333
 6625 | 7.826 | 10.905 |   0.352 |  73.7000
 6626 | 7.826 | 10.905 |   0.352 |  62.0333
 6627 | 8.032 | 10.912 |   0.354 |  60.4667
 6628 | 8.032 | 10.912 |   0.354 |  43.9333
 6629 | 7.968 | 11.000 |   0.278 |  33.1000
 6630 | 7.995 | 10.926 |   0.443 |  63.6667
 6631 | 8.011 | 10.553 |   0.378 |  68.7000
 6632 | 8.015 | 10.562 |   0.434 |  57.1000
 6633 | 7.985 | 11.442 |   0.471 |  33.5667
 6634 | 6.600 | 10.984 |   0.413 |  53.7333
 6635 | 7.922 | 10.859 |   0.417 |  55.3000
 6636 | 7.781 | 10.881 |   0.400 |  40.2000
 6637 | 7.871 | 10.867 |   0.365 |  38.6333
 6638 | 7.876 | 10.892 |   0.353 |  70.4000
 6639 | 7.876 | 10.892 |   0.353 |  70.3667
 6640 | 8.042 | 11.217 |   0.415 |  53.8000
 6641 | 7.793 | 10.754 |   0.297 |  62.1333
 6642 | 8.296 | 10.907 |   0.288 |  46.6333
 6643 | 8.296 | 10.907 |   0.288 |  35.0333
 6644 | 7.932 | 10.921 |   0.336 |  53.7667
 6645 | 8.238 | 11.256 |   0.465 |  52.0667
 6646 | 8.194 | 11.231 |   0.429 |  60.3667
 6647 | 8.029 | 11.036 |   0.389 |  41.8333
 6648 | 8.201 | 11.093 |   0.275 |  85.4667
 6649 | 7.940 | 10.888 |   0.423 |  52.0000
 6650 | 8.378 | 10.459 |   0.406 |  75.9333
 6651 | 8.348 | 10.864 |   0.407 |  66.3667
 6652 | 8.145 | 11.001 |   0.403 |  63.6333
 6653 | 8.231 | 11.111 |   0.409 |  65.2333
 6654 | 7.860 | 11.314 |   0.425 |  55.3000
 6655 | 7.871 | 11.001 |   0.438 |  67.0333
 6656 | 8.056 | 11.251 |   0.443 |  21.9333
 6657 | 8.082 | 11.239 |   0.415 |  41.9000
 6658 | 8.064 | 11.247 |   0.435 |  42.0667
 6659 | 7.680 | 11.256 |   0.434 |  52.0333
 6660 | 8.003 | 11.255 |   0.352 |  59.8333
 6661 | 8.165 | 11.232 |   0.381 |  60.4667
 6662 | 7.983 | 11.268 |   0.416 |  53.7667
 6663 | 8.001 | 11.256 |   0.346 |  58.6667
 6664 | 8.106 | 11.011 |   0.369 |  69.5333
 6665 | 7.881 | 11.437 |   0.522 |  88.8000
 6666 | 8.033 | 11.202 |   0.372 |  57.0000
 6667 | 8.364 | 11.538 |   0.353 |  60.5667
 6668 | 8.079 | 11.231 |   0.378 |  77.1000
 6669 | 8.051 | 11.439 |   0.402 |  58.7000
 6670 | 8.354 | 11.553 |   0.357 |  32.1000
 6671 | 8.115 | 11.771 |   0.457 |  78.8000
 6672 | 7.794 | 11.399 |   0.292 |  53.9000
 6673 | 7.755 | 11.313 |   0.397 |  53.6667
 6674 | 7.772 | 11.345 |   0.375 |  53.7333
 6675 | 7.891 | 11.565 |   0.343 |  75.4333
 6676 | 7.485 | 11.345 |   0.375 |  50.4333
 6677 | 8.004 | 11.653 |   0.368 |  50.2667
 6678 | 8.562 | 11.599 |   0.335 |  26.0000
 6679 | 7.959 | 11.163 |   0.485 |  63.6333
 6680 | 8.251 | 11.495 |   0.386 |  61.5000
 6681 | 8.092 | 11.331 |   0.443 |  50.4333
 6682 | 8.007 | 11.673 |   0.385 |  47.6000
 6683 | 8.200 | 11.445 |   0.385 |  52.5000
 6684 | 8.636 | 11.719 |   0.393 |  54.0333
 6685 | 8.312 | 11.360 |   0.391 |  38.0667
 6686 | 8.001 | 11.393 |   0.381 |  77.0333
 6687 | 8.779 | 11.563 |   0.387 |  71.5333
 6688 | 8.225 | 11.669 |   0.330 |  57.0000
 6689 | 8.011 | 11.158 |   0.385 |  33.1000
 6690 | 8.667 | 11.854 |   0.385 |  87.1000
 6691 | 8.605 | 11.759 |   0.371 |  63.7000
 6692 | 8.798 | 11.563 |   0.378 |  65.3667
 6693 | 8.639 | 11.505 |   0.359 |  39.0333
 6694 | 8.584 | 11.165 |   0.376 |  51.1000
 6695 | 7.370 | 11.495 |   0.449 |  75.4333
 6696 | 8.613 | 11.122 |   0.400 |  75.5000
 6697 | 8.453 | 11.126 |   0.399 |  67.1667
 6698 | 7.885 | 11.639 |   0.391 |  62.1333
 6699 | 8.324 | 11.264 |   0.377 |  55.3000
 6700 | 7.852 | 12.000 |   0.473 |  55.2667
 6701 | 8.234 | 11.060 |   0.332 |  58.9000
 6702 | 8.406 | 11.929 |   0.353 |  60.4000
 6703 | 9.000 | 11.775 |   0.383 |  85.5667
 6704 | 8.206 | 11.708 |   0.364 |  56.2667
 6705 | 8.362 | 10.865 |   0.549 |  36.9667
 6706 | 8.381 | 11.711 |   0.367 |  75.4333
 6707 | 8.387 | 11.616 |   0.369 |  42.0667
 6708 | 8.439 | 11.418 |   0.387 |  60.5667
 6709 | 8.425 | 11.465 |   0.341 |  58.7667
 6710 | 7.961 | 11.580 |   0.372 |  60.5667
 6711 | 7.969 | 11.622 |   0.385 |  32.4667
 6712 | 8.060 | 11.662 |   0.282 |  60.6000
 6713 | 7.284 | 11.598 |   0.528 |  58.7333
 6714 | 7.753 | 11.547 |   0.482 |  77.1333
 6715 | 7.697 | 11.523 |   0.649 |  58.5667
 6716 | 8.136 | 10.985 |   0.370 |  60.9667
 6717 | 7.604 | 11.265 |   0.403 |  75.4333
 6718 | 8.051 | 11.498 |   0.439 |  65.3333
 6719 | 7.995 | 11.109 |   0.341 |  70.6333
 6720 | 8.143 | 11.505 |   0.362 |  58.8333
 6721 | 8.199 | 11.632 |   0.335 |  55.2667
 6722 | 7.845 | 11.158 |   0.377 |  52.0333
 6723 | 8.092 | 11.113 |   0.405 |  53.7667
 6724 | 7.605 | 11.060 |   0.421 |  57.1000
 6725 | 7.969 | 11.061 |   0.341 |  80.4333
 6726 | 8.403 | 10.695 |   0.339 |  43.6000
 6727 | 7.871 | 11.195 |   0.400 |  53.8667
 6728 | 7.398 | 10.965 |   0.288 |  63.7333
 6729 | 8.026 | 11.238 |   0.422 |  48.7333
 6730 | 7.843 | 11.181 |   0.426 |  57.0000
 6731 | 7.500 | 11.237 |   0.541 |  47.0000
 6732 | 7.835 | 11.097 |   0.393 |  75.0667
 6733 | 7.649 | 11.033 |   0.330 |  72.1667
 6734 | 7.779 | 11.109 |   0.379 |  63.7333
 6735 | 7.789 | 11.078 |   0.379 |  51.9333
 6736 | 7.294 | 10.881 |   0.412 |  58.8667
 6737 | 8.157 | 10.946 |   0.418 |  72.6000
 6738 | 8.258 | 10.879 |   0.487 |  64.6667
 6739 | 7.628 | 11.199 |   0.414 |  52.6333
 6740 | 8.009 | 11.002 |   0.434 |  49.7333
 6741 | 8.150 | 11.110 |   0.439 |  35.3333
 6742 | 8.594 | 10.997 |   0.410 |  58.8000
 6743 | 7.892 | 11.120 |   0.427 |  40.4667
 6744 | 7.272 | 11.214 |   0.403 |  55.3000
 6745 | 7.154 | 10.701 |   0.405 |  80.4333
 6746 | 7.154 | 10.701 |   0.405 |  49.4667
 6747 | 7.634 | 10.714 |   0.387 |  60.4667
 6748 | 7.157 | 10.309 |   0.336 |  40.8333
 6749 | 7.937 | 10.206 |   0.388 |  62.1333
 6750 | 8.054 | 10.631 |   0.393 |  46.1333
 6751 | 7.798 | 10.019 |   0.291 |  48.0667
 6752 | 7.798 | 10.019 |   0.291 |  65.4333
 6753 | 7.731 | 10.478 |   0.374 |  70.6333
 6754 | 7.723 | 10.732 |   0.271 |  44.2000
 6755 | 7.760 | 10.460 |   0.376 |  88.8000
 6756 | 7.760 | 10.460 |   0.376 |  48.7000
 6757 | 8.086 | 10.380 |   0.438 |  57.1333
 6758 | 7.779 |  9.925 |   0.292 |  63.7333
 6759 | 8.037 | 10.856 |   0.366 |  85.5000
 6760 | 7.791 |  9.814 |   0.377 |  82.2333
 6761 | 7.737 | 10.175 |   0.308 |  70.4333
 6762 | 7.558 | 10.965 |   0.346 |  62.0333
 6763 | 8.414 | 10.215 |   0.307 |  60.3667
 6764 | 7.498 | 10.224 |   0.368 |  71.8667
 6765 | 7.526 | 10.224 |   0.343 |  72.2000
 6766 | 7.822 | 10.138 |   0.330 |  45.4000
 6767 | 7.616 | 10.295 |   0.314 |  70.5000
 6768 | 7.608 | 10.325 |   0.319 |  65.6000
 6769 | 7.997 | 10.422 |   0.385 |  65.3333
 6770 | 7.836 | 10.438 |   0.378 |  73.7000
 6771 | 7.836 | 10.438 |   0.378 |  61.9667
 6772 | 7.963 | 10.844 |   0.382 |  56.8667
 6773 | 7.874 | 10.096 |   0.379 |  62.0000
 6774 | 7.762 | 10.339 |   0.300 |  47.0333
 6775 | 7.728 | 10.976 |   0.425 |  42.3333
 6776 | 8.034 | 10.859 |   0.361 |  63.6667
 6777 | 7.605 | 10.611 |   0.334 |  70.4000
 6778 | 7.893 | 10.465 |   0.319 |  43.5000
 6779 | 8.407 | 10.893 |   0.511 |  33.6333
 6780 | 7.813 | 10.536 |   0.294 |  33.0667
 6781 | 7.690 | 10.587 |   0.318 |  63.6333
 6782 | 8.130 |  9.976 |   0.373 |  50.3667
 6783 | 7.809 | 10.842 |   0.562 |  47.0000
 6784 | 7.833 | 10.904 |   0.494 |  36.4000
 6785 | 8.024 | 10.164 |   0.391 |  32.1000
 6786 | 7.835 | 10.765 |   0.416 |  73.6667
 6787 | 8.074 | 10.272 |   0.351 |  46.9333
 6788 | 7.354 |  9.567 |   0.386 |  88.9000
 6789 | 8.002 | 10.087 |   0.371 |  60.5667
 6790 | 8.351 | 10.316 |   0.386 |  52.0333
 6791 | 7.986 | 10.807 |   0.317 |  72.0667
 6792 | 7.854 | 10.587 |   0.412 |  85.9333
 6793 | 7.927 | 10.008 |   0.422 |  45.7667
 6794 | 7.822 | 10.256 |   0.576 |  62.0333
 6795 | 8.085 | 10.405 |   0.463 |  51.9333
 6796 | 7.959 | 10.359 |   0.399 |  38.6667
 6797 | 7.851 | 10.243 |   0.244 |  45.4000
 6798 | 7.597 | 10.406 |   0.346 |  48.7000
 6799 | 7.657 | 10.714 |   0.349 |  70.3667
 6800 | 7.426 | 10.502 |   0.262 |  55.5667
 6801 | 7.590 | 10.208 |   0.393 |  58.7333
 6802 | 7.958 | 10.025 |   0.416 |  77.2000
 6803 | 7.494 | 10.580 |   0.392 |  83.7667
 6804 | 8.356 | 10.803 |   0.409 |  73.7333
 6805 | 7.671 | 10.418 |   0.309 |  85.5667
 6806 | 7.916 | 10.717 |   0.416 |  52.2000
 6807 | 7.645 | 10.471 |   0.427 |  39.4333
 6808 | 7.694 | 10.076 |   0.328 |  43.9333
 6809 | 7.581 | 10.624 |   0.411 |  65.3667
 6810 | 7.080 | 10.186 |   0.419 |  29.4000
 6811 | 7.655 | 10.677 |   0.424 |  58.6667
 6812 | 7.549 | 10.683 |   0.421 |  75.4000
 6813 | 7.617 | 10.622 |   0.271 |  64.7000
 6814 | 7.720 | 10.696 |   0.306 |  70.3667
 6815 | 7.598 | 10.623 |   0.282 |  52.9667
 6816 | 8.152 | 10.228 |   0.356 |  63.4000
 6817 | 7.970 | 10.602 |   0.346 |  62.1000
 6818 | 7.860 | 11.025 |   0.359 |  80.5667
 6819 | 7.723 | 10.354 |   0.527 |  30.3667
 6820 | 8.347 | 11.237 |   0.408 |  46.8333
 6821 | 7.990 | 10.511 |   0.496 |  55.3667
 6822 | 8.230 | 10.986 |   0.374 |  53.7000
 6823 | 8.087 | 10.431 |   0.373 |  92.1333
 6824 | 8.157 |  9.086 |   0.374 |  65.3667
 6825 | 8.136 |  9.603 |   0.344 |  60.0667
 6826 | 8.184 | 10.547 |   0.356 |  61.4333
 6827 | 8.084 | 10.027 |   0.330 |  64.5333
 6828 | 8.227 | 10.500 |   0.363 |  66.8667
 6829 | 8.101 | 10.071 |   0.331 |  80.4667
 6830 | 8.018 | 10.427 |   0.351 |  75.4000
 6831 | 8.276 | 10.539 |   0.362 |  73.8667
 6832 | 8.275 |  9.588 |   0.330 |  37.1667
 6833 | 8.227 | 10.389 |   0.340 |  50.5667
 6834 | 8.263 | 10.753 |   0.364 |  53.5667
 6835 | 8.424 | 10.904 |   0.383 |  92.1333
 6836 | 8.360 | 10.272 |   0.357 |  65.3667
 6837 | 7.852 | 10.289 |   0.481 |  60.6000
 6838 | 8.388 | 10.311 |   0.456 |  46.9667
 6839 | 7.980 | 10.466 |   0.384 |  75.5000
 6840 | 8.098 | 10.679 |   0.416 |  62.1000
 6841 | 8.461 | 10.205 |   0.440 |  70.3667
 6842 | 8.098 | 10.679 |   0.416 |  63.6667
 6843 | 8.253 |  9.457 |   0.454 |  51.9333
 6844 | 8.144 |  9.939 |   0.573 |  63.6667
 6845 | 8.122 |  9.723 |   0.422 |  80.3000
 6846 | 8.145 | 10.403 |   0.461 |  58.1000
 6847 | 9.000 | 10.303 |   0.405 |  65.3333
 6848 | 8.252 | 10.458 |   0.421 |  62.0333
 6849 | 8.241 | 10.644 |   0.401 |  53.3000
 6850 | 8.325 | 10.413 |   0.417 |  65.3667
 6851 | 7.913 | 10.227 |   0.377 |  43.4333
 6852 | 8.114 | 10.314 |   0.390 |  48.7333
 6853 | 8.323 | 10.495 |   0.409 |  42.0667
 6854 | 8.154 | 10.779 |   0.333 |  88.8333
 6855 | 8.326 | 10.157 |   0.385 |  83.7667
 6856 | 8.249 | 10.193 |   0.360 |  53.3333
 6857 | 8.186 | 10.044 |   0.235 |  57.1000
 6858 | 8.186 | 10.044 |   0.235 |  70.4000
 6859 | 8.294 | 10.260 |   0.355 |  62.1000
 6860 | 8.321 | 10.298 |   0.390 | 107.2333
 6861 | 8.589 | 10.425 |   0.362 |  59.9667
 6862 | 8.413 | 10.331 |   0.345 |  57.1000
 6863 | 8.567 | 10.341 |   0.366 |  63.9333
 6864 | 8.651 | 10.345 |   0.339 |  80.3333
 6865 | 8.331 | 10.013 |   0.350 |  55.0667
 6866 | 8.989 | 10.191 |   0.375 |  58.8000
 6867 | 8.697 | 10.317 |   0.346 |  58.6333
 6868 | 9.000 | 10.068 |   0.349 |  75.4333
 6869 | 8.635 |  9.865 |   0.262 |  42.5333
 6870 | 8.418 | 10.167 |   0.385 |  48.7000
 6871 | 8.883 | 10.139 |   0.320 |  90.4333
 6872 | 8.520 | 10.101 |   0.341 |  57.0000
 6873 | 8.393 | 10.147 |   0.400 |  36.8000
 6874 | 8.424 |  9.910 |   0.346 |  60.4667
 6875 | 8.221 | 10.017 |   0.350 |  67.1333
 6876 | 8.221 | 10.017 |   0.350 |  57.0000
 6877 | 8.387 | 10.701 |   0.312 |  43.1333
 6878 | 8.567 | 10.325 |   0.361 |  55.2667
 6879 | 8.678 |  9.962 |   0.361 |  61.7000
 6880 | 8.620 |  9.477 |   0.390 |  45.2333
 6881 | 8.666 |  9.635 |   0.321 |  45.8333
 6882 | 8.545 |  9.911 |   0.337 |  60.6667
 6883 | 8.451 | 10.019 |   0.330 |  58.6667
 6884 | 8.676 |  9.914 |   0.332 |  62.1333
 6885 | 8.321 |  9.851 |   0.334 |  63.8333
 6886 | 8.441 |  9.950 |   0.332 |  57.5000
 6887 | 8.296 |  9.669 |   0.345 |  64.6333
 6888 | 8.312 |  9.820 |   0.349 |  48.7333
 6889 | 8.840 |  9.895 |   0.322 |  77.2000
 6890 | 8.675 | 10.255 |   0.294 |  75.4000
 6891 | 8.114 | 10.003 |   0.316 |  75.4000
 6892 | 8.573 |  9.831 |   0.298 |  43.6000
 6893 | 8.673 | 10.055 |   0.303 |  60.3000
 6894 | 8.560 |  9.686 |   0.364 |  85.4667
 6895 | 8.518 |  9.742 |   0.364 |  80.5667
 6896 | 8.189 |  9.482 |   0.423 |  70.3667
 6897 | 8.591 | 10.074 |   0.556 |  60.3333
 6898 | 8.275 |  9.867 |   0.341 |  62.0333
 6899 | 8.247 | 10.072 |   0.401 |  30.3000
 6900 | 8.440 |  9.344 |   0.423 |  67.1333
 6901 | 8.624 |  9.990 |   0.391 |  75.4000
 6902 | 8.181 |  9.535 |   0.445 |  78.8333
 6903 | 8.732 |  9.580 |   0.506 |  51.3000
 6904 | 7.938 |  9.642 |   0.426 |  50.2667
 6905 | 8.150 | 10.058 |   0.386 |  44.8000
 6906 | 7.384 |  9.041 |   0.407 |  57.0000
 6907 | 8.113 |  9.881 |   0.367 |  90.5000
 6908 | 7.824 |  9.105 |   0.286 |  53.7667
 6909 | 7.705 |  9.423 |   0.326 |  60.3333
 6910 | 7.825 |  9.643 |   0.335 |  46.9333
 6911 | 7.745 |  9.187 |   0.336 |  45.2333
 6912 | 7.755 |  9.202 |   0.341 |  46.4000
 6913 | 7.719 | 10.327 |   0.360 |  69.5333
 6914 | 7.739 |  9.576 |   0.359 |  64.6000
 6915 | 7.858 |  9.649 |   0.346 |  47.9000
 6916 | 7.639 |  9.831 |   0.377 |  48.7000
 6917 | 7.718 | 10.060 |   0.378 |  92.1333
 6918 | 7.432 |  9.316 |   0.407 |  65.4000
 6919 | 7.432 |  9.316 |   0.407 |  48.7000
 6920 | 7.481 | 10.247 |   0.406 |  60.3333
 6921 | 7.923 | 10.197 |   0.406 |  57.1000
 6922 | 7.923 | 10.197 |   0.406 |  51.9667
 6923 | 8.430 | 10.020 |   0.402 |  83.7667
 6924 | 7.734 |  9.664 |   0.390 |  73.8000
 6925 | 7.937 |  9.814 |   0.397 |  57.0667
 6926 | 8.333 |  9.841 |   0.347 |  52.0333
 6927 | 8.604 |  9.869 |   0.357 |  55.3667
 6928 | 7.946 |  9.827 |   0.356 |  56.9667
 6929 | 7.747 |  9.596 |   0.372 |  60.2667
 6930 | 8.248 |  9.532 |   0.255 |  49.1667
 6931 | 7.609 | 10.371 |   0.366 |  29.8333
 6932 | 7.562 |  9.198 |   0.356 |  65.4333
 6933 | 7.785 | 10.213 |   0.336 |  45.4667
 6934 | 7.886 |  9.570 |   0.290 |  42.7333
 6935 | 7.880 |  9.604 |   0.325 |  67.5667
 6936 | 7.854 |  9.884 |   0.441 |  98.9667
 6937 | 7.880 |  9.604 |   0.325 |  63.7333
 6938 | 8.002 |  9.656 |   0.392 |  72.0667
 6939 | 8.255 |  9.804 |   0.391 |  38.6000
 6940 | 7.980 | 10.026 |   0.355 |  58.6333
 6941 | 7.912 |  9.664 |   0.444 |  67.1333
 6942 | 7.993 |  9.996 |   0.370 |  32.0000
 6943 | 8.136 |  9.753 |   0.344 |  62.0333
 6944 | 8.447 |  9.994 |   0.419 |  41.1000
 6945 | 8.226 |  9.729 |   0.282 |  48.7333
 6946 | 7.910 |  9.804 |   0.318 |  45.3333
 6947 | 7.998 |  9.950 |   0.411 |  63.6667
 6948 | 8.504 | 10.607 |   0.346 |  75.5000
 6949 | 8.504 | 10.607 |   0.346 |  83.7667
 6950 | 7.680 | 12.000 |   0.306 |  95.5333
 6951 | 8.085 |  9.775 |   0.386 |  80.5333
 6952 | 8.258 |  9.679 |   0.427 |  78.7667
 6953 | 7.828 |  9.802 |   0.301 |  56.3000
 6954 | 8.647 |  9.879 |   0.310 |  60.4667
 6955 | 8.467 | 11.186 |   0.310 |  48.7333
 6956 | 8.587 |  9.775 |   0.328 |  25.7333
 6957 | 8.328 |  9.919 |   0.344 |  59.0333
 6958 | 8.346 | 10.806 |   0.340 |  35.4333
 6959 | 7.996 | 10.147 |   0.344 |  78.7667
 6960 | 8.274 | 10.131 |   0.382 |  53.7333
 6961 | 8.112 | 10.262 |   0.359 |  46.1667
 6962 | 8.317 | 10.408 |   0.350 |  67.1333
 6963 | 8.658 |  9.775 |   0.329 |  57.0000
 6964 | 8.391 | 10.271 |   0.345 |  88.8000
 6965 | 8.783 | 10.345 |   0.330 |  44.2667
 6966 | 8.793 | 10.313 |   0.298 |  94.8000
 6967 | 8.442 | 10.252 |   0.357 |  83.8000
 6968 | 8.438 | 10.253 |   0.357 |  52.7000
 6969 | 8.195 | 10.319 |   0.415 |  50.3333
 6970 | 8.560 | 10.228 |   0.349 |  90.4333
 6971 | 8.426 | 10.345 |   0.286 |  62.9333
 6972 | 8.550 | 10.107 |   0.408 |  75.4333
 6973 | 8.323 |  9.979 |   0.336 |  72.0667
 6974 | 7.581 | 10.497 |   0.368 |  75.4333
 6975 | 7.913 |  9.589 |   0.345 |  70.3667
 6976 | 8.460 | 10.052 |   0.285 |  75.5000
 6977 | 8.406 | 10.214 |   0.334 |  73.7000
 6978 | 8.363 | 10.503 |   0.253 |  40.1667
 6979 | 8.311 | 10.350 |   0.341 |  38.5667
 6980 | 8.355 | 10.466 |   0.260 |  59.8667
 6981 | 8.223 | 10.181 |   0.382 |  55.3667
 6982 | 8.600 | 10.108 |   0.302 |  50.3667
 6983 | 7.665 |  9.651 |   0.332 |  55.3333
 6984 | 8.093 | 10.458 |   0.356 |  48.7667
 6985 | 8.380 | 10.422 |   0.332 |  90.4333
 6986 | 8.094 | 10.459 |   0.355 |  75.4000
 6987 | 8.224 | 10.388 |   0.308 |  93.8667
 6988 | 7.483 | 10.406 |   0.344 |  65.4667
 6989 | 8.014 | 10.384 |   0.322 |  50.4667
 6990 | 8.233 | 10.163 |   0.375 |  48.6000
 6991 | 7.803 | 10.059 |   0.464 |  68.8667
 6992 | 7.904 | 10.223 |   0.363 |  67.1667
 6993 | 8.022 |  9.798 |   0.371 |  53.7667
 6994 | 7.778 | 10.221 |   0.386 |  43.1333
 6995 | 7.853 | 10.182 |   0.409 |  56.9667
 6996 | 7.761 |  9.686 |   0.365 |  70.4667
 6997 | 8.080 | 10.199 |   0.384 |  47.0333
 6998 | 7.262 | 10.372 |   0.394 |  55.9000
 6999 | 7.690 |  9.400 |   0.394 |  65.4000
 7000 | 7.748 | 10.232 |   0.402 |  50.4333
 7001 | 7.250 |  9.970 |   0.394 |  55.3333
 7002 | 7.175 | 10.182 |   0.416 |  68.7000
 7003 | 7.239 | 10.075 |   0.402 |  73.7000
 7004 | 7.271 | 10.077 |   0.419 |  62.4000
 7005 | 7.944 | 10.239 |   0.361 |  44.9000
 7006 | 7.564 | 10.254 |   0.387 |  32.6000
 7007 | 7.886 | 10.273 |   0.385 |  31.4000
 7008 | 7.832 | 10.312 |   0.412 |  93.8333
 7009 | 7.791 | 10.406 |   0.358 |  70.4333
 7010 | 8.273 | 10.167 |   0.344 |  49.3667
 7011 | 6.716 |  9.937 |   0.348 |  62.1000
 7012 | 7.792 | 10.239 |   0.370 |  77.1000
 7013 | 6.885 |  9.117 |   0.349 |  53.1667
 7014 | 7.357 | 10.269 |   0.422 |  63.6333
 7015 | 7.734 | 10.213 |   0.363 |  48.7000
 7016 | 7.603 | 10.222 |   0.454 |  53.6333
 7017 | 7.241 | 10.279 |   0.377 |  37.5000
 7018 | 7.674 | 10.360 |   0.303 |  70.3667
 7019 | 7.208 |  9.511 |   0.440 |  51.6667
 7020 | 7.693 | 10.182 |   0.433 |  60.3333
 7021 | 7.877 |  9.023 |   0.353 |  43.6667
 7022 | 7.538 | 10.254 |   0.396 |  53.8667
 7023 | 7.538 | 10.254 |   0.396 |  65.4333
 7024 | 8.645 | 10.417 |   0.383 |  65.3333
 7025 | 8.619 | 10.378 |   0.382 |  59.7333
 7026 | 7.836 | 10.203 |   0.339 |  43.7000
 7027 | 8.619 | 10.576 |   0.382 |  38.6000
 7028 | 8.542 | 10.281 |   0.409 |  63.8000
 7029 | 8.616 | 10.190 |   0.383 |  42.4667
 7030 | 8.502 | 11.309 |   0.367 |  48.7000
 7031 | 8.538 | 10.078 |   0.397 |  65.6000
 7032 | 8.312 | 10.080 |   0.387 |  77.0667
 7033 | 8.235 | 10.591 |   0.393 |  50.4333
 7034 | 8.432 | 10.236 |   0.392 |  54.7667
 7035 | 8.975 | 11.122 |   0.393 |  68.7000
 7036 | 8.045 | 11.076 |   0.386 |  60.3000
 7037 | 8.045 | 11.076 |   0.386 |  59.4000
 7038 | 8.631 | 10.715 |   0.359 |  53.9667
 7039 | 8.589 | 10.797 |   0.380 |  80.6333
 7040 | 8.767 | 11.535 |   0.388 |  65.3333
 7041 | 7.512 | 10.513 |   0.382 |  55.8667
 7042 | 8.573 | 10.658 |   0.366 |  40.4000
 7043 | 8.584 | 10.734 |   0.365 |  41.5333
 7044 | 8.511 | 11.718 |   0.365 |  30.6667
 7045 | 8.583 | 10.647 |   0.367 |  52.9000
 7046 | 8.579 | 11.364 |   0.368 |  75.5000
 7047 | 8.638 | 11.331 |   0.371 |  52.4000
 7048 | 8.576 | 11.304 |   0.434 |  37.0000
 7049 | 8.591 | 10.959 |   0.397 |  78.8000
 7050 | 8.585 | 11.045 |   0.406 |  62.5667
 7051 | 8.601 | 11.082 |   0.404 |  73.7333
 7052 | 8.636 | 11.104 |   0.407 |  83.7667
 7053 | 8.349 | 11.096 |   0.398 |  32.0667
 7054 | 8.951 | 10.544 |   0.342 |  44.4000
 7055 | 8.952 | 11.090 |   0.335 |  50.2000
 7056 | 8.930 | 11.014 |   0.343 |  65.4333
 7057 | 8.878 | 10.949 |   0.392 |  57.1000
 7058 | 8.936 | 11.041 |   0.342 |  62.0667
 7059 | 8.984 | 11.202 |   0.366 |  73.1333
 7060 | 8.545 | 10.962 |   0.378 |  53.7667
 7061 | 8.296 | 11.133 |   0.392 |  70.3667
 7062 | 9.000 | 11.133 |   0.392 |  54.4667
 7063 | 8.948 | 10.870 |   0.228 |  49.9667
 7064 | 8.980 | 10.992 |   0.391 |  43.6667
 7065 | 8.391 | 11.436 |   0.416 |  63.1333
 7066 | 8.620 | 11.557 |   0.362 |  67.1333
 7067 | 8.958 | 11.187 |   0.481 |  62.1000
 7068 | 8.856 | 10.467 |   0.375 |  55.3333
 7069 | 8.896 | 11.283 |   0.196 |  48.9667
 7070 | 8.815 | 11.330 |   0.344 |  41.0000
 7071 | 8.657 | 11.459 |   0.367 |  62.0333
 7072 | 8.922 | 10.761 |   0.363 |  61.2000
 7073 | 8.281 | 11.157 |   0.378 |  40.2000
 7074 | 8.539 | 11.854 |   0.365 |  80.4333
 7075 | 8.685 | 11.398 |   0.365 |  60.7000
 7076 | 8.521 | 11.155 |   0.343 |  59.5333
 7077 | 8.857 | 10.853 |   0.364 |  70.4000
 7078 | 8.542 | 12.000 |   0.321 |  45.6667
 7079 | 8.373 | 11.212 |   0.316 |  55.5333
 7080 | 8.563 | 11.471 |   0.322 |  47.9667
 7081 | 9.000 | 11.383 |   0.318 |  67.1000
 7082 | 8.514 | 11.402 |   0.362 |  55.9667
 7083 | 9.000 | 11.399 |   0.349 |  78.7333
 7084 | 8.948 | 11.375 |   0.335 |  45.4333
 7085 | 8.413 | 11.258 |   0.516 |  39.8000
 7086 | 8.910 | 11.319 |   0.348 |  47.2667
 7087 | 8.767 | 11.644 |   0.387 |  62.1000
 7088 | 8.576 | 11.581 |   0.387 |  38.2667
 7089 | 8.734 | 11.534 |   0.448 |  26.0667
 7090 | 8.734 | 11.534 |   0.448 |  26.9000
 7091 | 8.580 | 11.462 |   0.381 |  67.1333
 7092 | 8.642 | 11.446 |   0.420 |  33.2667
 7093 | 8.392 | 11.387 |   0.372 |  43.6000
 7094 | 7.932 | 11.387 |   0.344 |  72.0000
 7095 | 7.525 | 11.911 |   0.374 |  50.3000
 7096 | 8.390 | 11.303 |   0.394 |  83.7667
 7097 | 7.792 | 11.216 |   0.354 |  63.6667
 7098 | 8.004 | 11.495 |   0.457 |  38.8000
 7099 | 8.346 | 11.498 |   0.422 |  41.8667
 7100 | 8.173 | 11.468 |   0.436 |  68.7000
 7101 | 8.391 | 11.041 |   0.398 |  60.3333
 7102 | 7.948 | 11.015 |   0.393 |  95.4667
 7103 | 8.101 | 11.931 |   0.382 |  49.6667
 7104 | 7.682 | 11.054 |   0.344 |  62.0333
 7105 | 8.285 | 11.590 |   0.392 |  70.3667
 7106 | 8.208 | 10.899 |   0.428 |  50.1333
 7107 | 7.766 | 11.497 |   0.351 |  47.7667
 7108 | 7.848 | 11.415 |   0.357 |  75.4000
 7109 | 7.848 | 11.415 |   0.357 |  70.4333
 7110 | 7.874 | 11.804 |   0.370 |  56.9667
 7111 | 7.718 | 10.844 |   0.379 |  62.0333
 7112 | 7.657 | 10.724 |   0.287 |  73.9333
 7113 | 7.840 | 11.507 |   0.386 |  77.0667
 7114 | 7.612 | 10.729 |   0.340 |  60.2333
 7115 | 7.865 | 11.086 |   0.416 |  55.6667
 7116 | 7.723 | 10.503 |   0.414 |  34.0667
 7117 | 8.514 | 11.459 |   0.448 |  62.0667
 7118 | 7.725 | 10.716 |   0.394 |  45.9000
 7119 | 7.654 | 11.378 |   0.346 |  45.1000
 7120 | 7.994 | 10.676 |   0.325 |  46.6333
 7121 | 7.994 | 10.676 |   0.325 |  35.2667
 7122 | 8.866 | 10.783 |   0.414 |  51.2333
 7123 | 8.132 | 11.298 |   0.388 |  53.7333
 7124 | 7.941 | 10.722 |   0.352 |  46.9667
 7125 | 7.953 | 10.980 |   0.410 |  38.6000
 7126 | 7.953 | 10.980 |   0.410 |  52.4333
 7127 | 8.049 | 10.802 |   0.363 |  52.0000
 7128 | 7.893 | 10.980 |   0.350 |  41.9000
 7129 | 7.753 | 11.083 |   0.216 |  44.0667
 7130 | 7.898 | 10.941 |   0.350 |  73.7000
 7131 | 7.608 | 10.941 |   0.397 |  62.0333
 7132 | 7.835 | 11.102 |   0.312 |  48.7333
 7133 | 7.908 | 11.084 |   0.483 |  68.3000
 7134 | 7.786 | 11.477 |   0.375 |  51.9667
 7135 | 8.205 | 11.059 |   0.378 |  51.9667
 7136 | 7.428 | 11.824 |   0.341 |  78.7667
 7137 | 7.902 | 11.478 |   0.371 |  68.7000
 7138 | 7.755 | 11.628 |   0.356 |  40.5667
 7139 | 8.381 | 11.615 |   0.400 |  58.6333
 7140 | 7.774 | 11.872 |   0.371 |  50.3667
 7141 | 7.755 | 11.636 |   0.397 |  51.4000
 7142 | 7.924 | 11.200 |   0.333 |  41.7333
 7143 | 7.845 | 12.000 |   0.343 |  40.8000
 7144 | 7.698 | 11.279 |   0.400 |  58.7000
 7145 | 8.012 | 11.569 |   0.400 |  55.3333
 7146 | 8.160 | 11.488 |   0.389 |  65.3333
 7147 | 7.956 | 11.581 |   0.340 |  92.1333
 7148 | 8.059 | 12.000 |   0.383 |  73.8000
 7149 | 7.969 | 11.706 |   0.373 |  67.1333
 7150 | 7.986 | 11.480 |   0.421 |  50.5667
 7151 | 8.043 | 11.668 |   0.370 |  53.7667
 7152 | 7.851 | 11.698 |   0.367 |  70.4333
 7153 | 8.016 | 11.648 |   0.400 |  60.3000
 7154 | 8.503 | 11.701 |   0.400 |  45.4000
 7155 | 7.148 | 11.666 |   0.383 |  79.4000
 7156 | 8.994 | 11.571 |   0.458 |  77.0333
 7157 | 7.148 | 11.666 |   0.383 |  35.3333
 7158 | 7.890 | 11.639 |   0.374 |  30.5667
 7159 | 8.220 | 11.312 |   0.385 |  48.6667
 7160 | 8.207 | 11.389 |   0.396 |  45.5333
 7161 | 8.235 | 11.897 |   0.388 |  60.3333
 7162 | 8.314 | 11.059 |   0.342 |  42.2000
 7163 | 8.618 | 11.292 |   0.395 |  52.0333
 7164 | 8.443 | 11.136 |   0.354 |  83.7667
 7165 | 8.657 | 11.058 |   0.375 |  62.1333
 7166 | 8.288 | 11.572 |   0.367 |  73.8667
 7167 | 8.610 | 10.595 |   0.385 |  65.3667
 7168 | 8.367 | 11.384 |   0.369 |  93.8667
 7169 | 7.953 | 10.118 |   0.379 |  49.3000
 7170 | 8.383 | 11.344 |   0.392 |  57.0000
 7171 | 8.267 | 11.040 |   0.386 |  70.4333
 7172 | 8.281 | 11.161 |   0.442 |  80.4333
 7173 | 8.091 | 10.480 |   0.389 |  67.2667
 7174 | 8.211 | 10.981 |   0.366 |  45.4000
 7175 | 8.004 | 10.835 |   0.374 |  51.8000
 7176 | 8.041 |  9.839 |   0.396 |  68.6667
 7177 | 8.288 | 10.582 |   0.384 |  43.7000
 7178 | 8.191 | 10.519 |   0.361 |  38.3000
 7179 | 8.166 | 10.205 |   0.404 |  56.6000
 7180 | 7.765 | 10.844 |   0.443 |  36.0333
 7181 | 7.930 | 10.708 |   0.421 |  46.9667
 7182 | 7.698 | 10.789 |   0.444 |  63.6667
 7183 | 7.767 | 11.845 |   0.336 |  54.1667
 7184 | 7.859 | 10.781 |   0.398 |  65.3667
 7185 | 7.831 | 10.780 |   0.798 |  46.9333
 7186 | 8.229 | 10.166 |   0.724 |  37.0000
 7187 | 8.059 | 10.675 |   0.363 |  46.5667
 7188 | 8.578 | 10.643 |   0.397 |  60.3000
 7189 | 8.281 | 10.719 |   0.392 |  50.1667
 7190 | 8.513 | 10.660 |   0.396 |  80.4333
 7191 | 7.872 | 10.590 |   0.415 |  45.2333
 7192 | 7.873 | 10.570 |   0.420 |  57.0667
 7193 | 7.902 | 10.645 |   0.416 |  40.3667
 7194 | 8.244 | 10.510 |   0.423 |  83.8000
 7195 | 7.927 | 10.743 |   0.419 |  75.4000
 7196 | 8.171 | 11.001 |   0.419 |  95.4667
 7197 | 8.168 | 10.697 |   0.379 |  77.2000
 7198 | 7.434 | 10.690 |   0.408 |  78.7333
 7199 | 7.879 | 10.723 |   0.413 |  72.1667
 7200 | 7.575 | 11.389 |   0.384 |  58.7667
 7201 | 7.690 | 10.731 |   0.410 |  82.1000
 7202 | 8.576 | 11.015 |   0.357 |  78.8333
 7203 | 7.100 | 10.972 |   0.439 |  88.8000
 7204 | 7.787 | 11.379 |   0.353 | 105.5333
 7205 | 7.144 | 11.065 |   0.393 |  48.6000
 7206 | 7.317 | 11.030 |   0.431 |  57.0667
 7207 | 7.601 | 10.869 |   0.402 | 107.2333
 7208 | 7.366 | 11.048 |   0.412 |  63.9667
 7209 | 7.412 | 11.063 |   0.413 |  64.3333
 7210 | 7.348 | 10.813 |   0.407 |  51.7333
 7211 | 7.906 | 10.720 |   0.338 |  67.2333
 7212 | 7.537 | 10.704 |   0.407 |  90.5000
 7213 | 7.574 | 10.202 |   0.407 |  59.0333
 7214 | 7.784 | 11.706 |   0.380 |  57.0000
 7215 | 7.587 | 10.400 |   0.468 |  67.1667
 7216 | 7.809 | 11.291 |   0.359 |  55.4333
 7217 | 7.712 | 11.398 |   0.398 |  97.2000
 7218 | 7.622 | 11.911 |   0.333 |  65.3333
 7219 | 7.741 | 11.162 |   0.395 |  57.0667
 7220 | 7.248 | 10.948 |   0.394 |  82.1000
 7221 | 7.931 | 10.588 |   0.389 |  57.0000
 7222 | 7.641 | 11.858 |   0.394 |  44.3667
 7223 | 7.782 | 11.301 |   0.372 |  43.7000
 7224 | 7.483 | 11.214 |   0.329 |  70.5000
 7225 | 7.428 | 11.028 |   0.390 |  41.9000
 7226 | 7.366 | 11.346 |   0.473 |  54.9333
 7227 | 7.596 | 10.889 |   0.395 |  68.8667
 7228 | 7.423 | 11.110 |   0.332 |  73.8000
 7229 | 8.358 | 11.276 |   0.431 |  50.7333
 7230 | 7.149 | 11.584 |   0.330 |  68.4333
 7231 | 7.149 | 11.584 |   0.296 |  75.4333
 7232 | 7.524 | 11.357 |   0.381 |  52.0000
 7233 | 7.576 | 10.841 |   0.290 |  38.6000
 7234 | 8.609 | 10.995 |   0.317 |  67.5667
 7235 | 8.218 | 11.114 |   0.346 |  56.5000
 7236 | 7.687 | 11.232 |   0.364 |  47.6333
 7237 | 7.498 | 11.115 |   0.344 |  60.3333
 7238 | 8.084 | 11.005 |   0.346 |  43.8333
 7239 | 7.922 | 11.016 |   0.211 |  45.3333
 7240 | 7.877 | 11.032 |   0.283 |  67.0667
 7241 | 7.413 | 11.007 |   0.376 |  83.1000
 7242 | 7.622 | 10.883 |   0.317 |  70.3667
 7243 | 8.069 | 10.876 |   0.320 |  73.7667
 7244 | 7.989 | 11.467 |   0.342 |  43.7333
 7245 | 7.361 | 11.114 |   0.314 |  70.4000
 7246 | 8.175 | 10.778 |   0.339 |  75.6000
 7247 | 8.016 | 10.780 |   0.343 |  82.1333
 7248 | 8.016 | 10.780 |   0.343 |  50.3333
 7249 | 7.766 | 10.687 |   0.394 |  73.8000
 7250 | 8.103 | 10.901 |   0.403 |  43.0333
 7251 | 8.324 | 10.644 |   0.333 |  63.6667
 7252 | 7.825 | 10.787 |   0.365 |  65.2333
 7253 | 8.077 | 10.335 |   0.460 |  46.9333
 7254 | 8.001 | 10.833 |   0.363 |  62.1333
 7255 | 7.656 | 10.290 |   0.506 |  52.0000
 7256 | 7.358 | 10.770 |   0.384 |  47.2000
 7257 | 7.971 | 10.592 |   0.351 |  75.0333
 7258 | 7.512 | 10.602 |   0.421 |  53.5667
 7259 | 8.074 | 10.846 |   0.384 |  70.4000
 7260 | 7.625 |  9.620 |   0.489 |  26.9333
 7261 | 7.651 |  9.704 |   0.478 |  51.9667
 7262 | 7.800 | 10.148 |   0.452 |  67.0333
 7263 | 7.517 | 10.593 |   0.321 |  67.0333
 7264 | 7.743 | 10.321 |   0.447 |  75.5000
 7265 | 7.723 | 10.379 |   0.422 |  58.6667
 7266 | 7.741 | 10.021 |   0.445 |  45.8667
 7267 | 7.743 |  9.916 |   0.510 |  48.7333
 7268 | 7.519 | 10.192 |   0.413 |  57.3333
 7269 | 7.632 | 10.481 |   0.396 |  53.7000
 7270 | 7.402 | 10.483 |   0.423 |  68.6667
 7271 | 7.965 | 10.365 |   0.436 |  55.0667
 7272 | 8.059 | 10.004 |   0.470 |  57.0667
 7273 | 7.707 |  9.885 |   0.436 |  50.3333
 7274 | 7.790 |  9.913 |   0.444 |  56.9667
 7275 | 7.967 | 10.107 |   0.390 |  63.6333
 7276 | 7.720 | 10.158 |   0.451 |  63.6667
 7277 | 7.599 | 10.521 |   0.534 |  35.3333
 7278 | 7.328 | 10.357 |   0.459 |  51.9333
 7279 | 8.046 | 10.101 |   0.387 |  67.1333
 7280 | 8.126 | 10.393 |   0.436 |  36.9000
 7281 | 8.555 | 10.280 |   0.336 |  46.7667
 7282 | 8.195 | 10.387 |   0.351 |  58.9667
 7283 | 8.370 | 10.388 |   0.307 |  62.0667
 7284 | 7.819 | 10.032 |   0.396 |  57.4667
 7285 | 8.072 | 10.158 |   0.350 |  80.3667
 7286 | 7.944 | 10.231 |   0.364 |  65.3667
 7287 | 7.496 | 10.245 |   0.423 |  65.4333
 7288 | 7.496 | 10.245 |   0.423 |  97.1667
 7289 | 7.764 | 10.255 |   0.221 |  78.7333
 7290 | 8.085 | 10.297 |   0.377 |  68.7000
 7291 | 8.236 | 10.386 |   0.375 |  57.0667
 7292 | 8.457 | 11.027 |   0.334 |  85.4000
 7293 | 8.217 | 10.427 |   0.359 |  87.1000
 7294 | 8.418 | 10.829 |   0.321 |  73.7333
 7295 | 8.524 | 10.368 |   0.335 |  60.3333
 7296 | 8.432 | 10.769 |   0.323 |  60.3333
 7297 | 8.165 | 10.429 |   0.362 |  38.8000
 7298 | 8.102 | 10.159 |   0.350 |  45.5333
 7299 | 8.233 | 10.146 |   0.418 |  70.5333
 7300 | 8.078 | 10.096 |   0.325 |  77.1333
 7301 | 8.543 |  9.807 |   0.382 |  63.2667
 7302 | 8.232 | 10.615 |   0.401 | 105.5333
 7303 | 8.425 |  9.798 |   0.367 |  50.2667
 7304 | 8.279 | 10.461 |   0.363 |  42.0667
 7305 | 8.333 | 10.183 |   0.371 |  58.7667
 7306 | 8.378 | 10.142 |   0.369 |  75.4667
 7307 | 8.986 |  9.818 |   0.293 |  70.3667
 7308 | 8.391 |  9.667 |   0.364 |  65.4333
 7309 | 8.534 |  9.701 |   0.289 |  53.8333
 7310 | 8.809 | 10.053 |   0.311 |  60.8333
 7311 | 8.476 |  9.532 |   0.406 |  51.6333
 7312 | 8.845 | 10.128 |   0.307 |  73.9667
 7313 | 8.845 | 10.128 |   0.307 |  72.7000
 7314 | 8.799 |  9.174 |   0.341 |  57.7667
 7315 | 8.799 | 10.113 |   0.315 |  83.8667
 7316 | 8.770 |  9.942 |   0.206 |  70.4000
 7317 | 8.023 |  9.949 |   0.336 |  62.0333
 7318 | 8.746 |  9.972 |   0.257 |  65.3333
 7319 | 8.551 |  9.902 |   0.327 |  53.7000
 7320 | 8.615 |  9.878 |   0.333 |  56.9000
 7321 | 8.299 |  9.592 |   0.427 |  80.4667
 7322 | 8.436 |  9.717 |   0.292 |  46.8000
 7323 | 8.763 |  9.855 |   0.336 |  47.1000
 7324 | 8.587 |  9.809 |   0.344 |  75.5000
 7325 | 8.449 |  9.598 |   0.309 |  46.9333
 7326 | 8.066 |  9.433 |   0.336 |  68.7000
 7327 | 8.575 |  9.404 |   0.272 |  55.3000
 7328 | 7.940 | 10.524 |   0.396 |  75.5000
 7329 | 8.022 |  9.678 |   0.390 |  83.8000
 7330 | 7.285 | 10.456 |   0.385 |  58.9667
 7331 | 7.682 |  9.774 |   0.343 |  38.4667
 7332 | 8.447 |  9.938 |   0.355 |  50.5667
 7333 | 8.052 |  9.815 |   0.358 |  33.5667
 7334 | 8.118 | 10.091 |   0.364 |  58.7333
 7335 | 8.018 | 10.445 |   0.433 |  53.7667
 7336 | 8.530 | 10.138 |   0.431 |  78.7667
 7337 | 8.530 | 10.138 |   0.431 |  67.1333
 7338 | 7.463 | 10.032 |   0.516 |  54.4333
 7339 | 8.018 | 10.429 |   0.421 |  32.5333
 7340 | 7.829 |  9.120 |   0.360 |  68.6667
 7341 | 7.602 | 10.134 |   0.360 |  52.3000
 7342 | 7.990 | 10.258 |   0.347 |  60.5000
 7343 | 8.011 | 10.284 |   0.344 |  57.0000
 7344 | 7.851 | 10.087 |   0.323 |  73.7000
 7345 | 7.851 | 10.087 |   0.323 |  43.4667
 7346 | 7.960 | 10.042 |   0.369 |  59.6333
 7347 | 9.000 |  9.983 |   0.359 |  78.7333
 7348 | 9.000 |  9.983 |   0.359 |  76.6333
 7349 | 8.011 |  9.706 |   0.325 |  37.1000
 7350 | 8.037 |  9.680 |   0.335 |  65.5333
 7351 | 7.608 |  9.413 |   0.388 | 102.2000
 7352 | 7.676 |  9.767 |   0.351 |  62.0333
 7353 | 8.258 |  9.762 |   0.386 |  58.8667
 7354 | 8.230 |  9.743 |   0.324 |  92.1667
 7355 | 8.230 |  9.743 |   0.324 |  60.3333
 7356 | 7.893 |  9.693 |   0.466 |  50.3000
 7357 | 8.056 | 10.662 |   0.367 |  57.2333
 7358 | 8.607 |  9.914 |   0.409 |  52.9667
 7359 | 7.387 | 10.305 |   0.364 |  47.0333
 7360 | 8.601 | 10.211 |   0.381 |  38.5667
 7361 | 7.984 | 10.306 |   0.388 |  75.4000
 7362 | 8.308 | 10.401 |   0.362 |  52.8000
 7363 | 8.108 | 10.412 |   0.363 |  49.7000
 7364 | 8.108 | 10.412 |   0.363 |  45.7667
 7365 | 8.201 | 10.103 |   0.357 |  78.7667
 7366 | 8.177 | 10.184 |   0.339 |  51.7667
 7367 | 8.597 | 10.501 |   0.350 |  72.1000
 7368 | 8.559 |  7.777 |   0.366 |  92.1333
 7369 | 8.097 | 11.017 |   0.377 |  51.9667
 7370 | 8.065 | 10.050 |   0.358 |  63.9667
 7371 | 8.237 |  9.971 |   0.390 |  53.7667
 7372 | 8.456 | 10.214 |   0.360 |  57.0333
 7373 | 8.176 | 10.470 |   0.321 |  59.2000
 7374 | 8.125 |  9.661 |   0.359 |  75.0667
 7375 | 8.175 |  9.955 |   0.387 |  55.3000
 7376 | 8.630 | 10.417 |   0.364 |  72.0333
 7377 | 8.296 | 10.438 |   0.343 |  42.0000
 7378 | 8.286 | 10.678 |   0.368 |  62.0000
 7379 | 7.895 | 10.334 |   0.369 |  35.3333
 7380 | 8.361 | 10.913 |   0.332 |  70.4000
 7381 | 8.026 |  9.156 |   0.273 |  68.7000
 7382 | 8.082 |  9.864 |   0.288 |  61.0667
 7383 | 8.082 |  9.864 |   0.288 |  43.4667
 7384 | 8.295 |  9.300 |   0.339 |  64.0000
 7385 | 8.314 | 10.487 |   0.383 |  67.1667
 7386 | 8.210 | 10.219 |   0.350 |  67.8000
 7387 | 8.235 | 10.090 |   0.321 |  38.6000
 7388 | 8.502 |  9.869 |   0.328 |  46.4333
 7389 | 8.137 |  9.840 |   0.290 |  75.4000
 7390 | 8.131 |  9.718 |   0.331 |  68.7000
 7391 | 8.326 | 10.006 |   0.378 |  62.0333
 7392 | 8.220 |  9.597 |   0.330 |  73.7667
 7393 | 8.269 |  9.911 |   0.350 |  78.7333
 7394 | 8.107 | 10.154 |   0.292 |  62.1333
 7395 | 8.588 | 10.050 |   0.482 |  62.3000
 7396 | 8.401 |  9.811 |   0.336 |  60.3000
 7397 | 8.477 |  9.940 |   0.428 |  50.8000
 7398 | 8.373 |  9.491 |   0.333 |  45.1667
 7399 | 7.990 |  9.553 |   0.407 |  63.6333
 7400 | 7.976 | 10.071 |   0.378 |  70.4667
 7401 | 8.117 |  9.609 |   0.344 |  60.6333
 7402 | 8.130 |  8.974 |   0.392 |  68.7667
 7403 | 8.205 |  9.368 |   0.406 |  38.6333
 7404 | 8.152 |  9.455 |   0.396 |  49.7667
 7405 | 8.044 |  9.501 |   0.398 |  69.9333
 7406 | 8.068 |  9.700 |   0.454 |  63.7000
 7407 | 7.311 |  9.420 |   0.364 |  70.4000
 7408 | 7.430 |  9.420 |   0.364 |  47.0667
 7409 | 8.058 | 10.538 |   0.429 |  69.2333
 7410 | 7.921 |  9.986 |   0.378 |  92.1333
 7411 | 7.719 | 10.309 |   0.419 |  63.6333
 7412 | 6.651 |  9.715 |   0.449 |  60.4000
 7413 | 6.651 |  9.715 |   0.449 |  72.0667
 7414 | 7.288 | 10.224 |   0.415 |  55.3000
 7415 | 7.607 |  9.498 |   0.385 |  77.1000
 7416 | 7.421 | 10.144 |   0.426 |  75.4667
 7417 | 7.402 | 10.354 |   0.439 |  45.1667
 7418 | 7.628 | 10.201 |   0.414 |  40.6000
 7419 | 7.005 | 10.352 |   0.492 |  59.3333
 7420 | 7.257 | 10.212 |   0.476 |  52.9667
 7421 | 7.250 | 10.242 |   0.425 |  78.7333
 7422 | 6.847 |  8.832 |   0.403 |  70.3667
 7423 | 6.997 | 10.009 |   0.322 |  63.6667
 7424 | 6.933 | 10.116 |   0.400 |  52.6000
 7425 | 7.178 | 10.536 |   0.357 |  65.3333
 7426 | 6.802 | 10.147 |   0.392 |  45.2333
 7427 | 6.836 | 10.410 |   0.406 |  68.6667
 7428 | 6.832 | 10.207 |   0.349 |  63.9000
 7429 | 6.717 | 10.116 |   0.349 |  50.0000
 7430 | 7.031 |  9.929 |   0.315 |  78.7667
 7431 | 6.725 | 10.111 |   0.348 |  75.4333
 7432 | 6.959 | 10.073 |   0.438 |  43.6667
 7433 | 6.810 | 10.404 |   0.408 |  55.3000
 7434 | 6.896 | 10.244 |   0.396 |  43.6000
 7435 | 6.774 | 10.291 |   0.406 |  48.6333
 7436 | 6.774 | 10.291 |   0.406 |  35.4333
 7437 | 6.907 | 10.294 |   0.317 |  67.0333
 7438 | 6.538 | 10.105 |   0.388 |  36.8667
 7439 | 6.539 | 10.066 |   0.383 |  47.1667
 7440 | 7.208 | 10.273 |   0.356 |  70.4000
 7441 | 6.680 | 10.109 |   0.377 |  45.3667
 7442 | 7.131 | 10.313 |   0.380 |  56.3667
 7443 | 7.018 | 10.150 |   0.367 |  95.4667
 7444 | 7.458 |  9.787 |   0.368 |  65.3667
 7445 | 6.979 | 10.455 |   0.370 |  90.4333
 7446 | 6.981 | 10.389 |   0.369 |  70.4000
 7447 | 6.980 | 10.664 |   0.279 |  48.6333
 7448 | 7.076 | 10.400 |   0.368 |  78.7667
 7449 | 7.241 | 10.619 |   0.334 |  57.0000
 7450 | 7.099 | 10.505 |   0.362 |  63.8000
 7451 | 6.704 | 11.245 |   0.486 |  80.4333
 7452 | 6.851 | 10.823 |   0.461 |  55.2667
 7453 | 7.049 | 10.493 |   0.373 |  30.4000
 7454 | 7.306 | 10.574 |   0.392 |  48.8000
 7455 | 7.306 | 10.574 |   0.392 |  65.3333
 7456 | 7.175 | 10.547 |   0.406 |  44.3667
 7457 | 7.414 | 10.596 |   0.376 |  41.9000
 7458 | 7.140 | 10.527 |   0.362 |  57.0333
 7459 | 7.171 | 10.452 |   0.389 |  65.3667
 7460 | 6.951 | 10.416 |   0.484 |  78.7333
 7461 | 6.714 | 10.558 |   0.347 |  58.7667
 7462 | 7.537 | 11.403 |   0.365 |  60.3333
 7463 | 6.849 | 11.538 |   0.368 |  65.3000
 7464 | 7.207 | 10.637 |   0.366 |  58.7333
 7465 | 7.351 | 11.121 |   0.341 |  68.7000
 7466 | 7.451 | 10.990 |   0.344 |  41.9000
 7467 | 7.280 | 10.989 |   0.378 |  46.9333
 7468 | 7.466 | 10.354 |   0.376 |  92.1667
 7469 | 7.353 | 10.612 |   0.415 |  50.3000
 7470 | 7.262 | 10.735 |   0.414 |  30.3000
 7471 | 7.728 | 10.658 |   0.359 |  65.3667
 7472 | 7.260 | 10.932 |   0.413 |  52.7000
 7473 | 7.707 | 10.618 |   0.367 |  50.3000
 7474 | 7.823 | 10.788 |   0.467 |  72.0667
 7475 | 6.725 | 10.630 |   0.301 |  43.5667
 7476 | 6.662 | 10.602 |   0.319 |  35.4333
 7477 | 7.829 | 10.733 |   0.364 |  53.6333
 7478 | 7.764 | 10.700 |   0.380 |  46.9333
 7479 | 7.613 | 10.705 |   0.276 |  57.0333
 7480 | 7.621 | 10.704 |   0.281 |  35.5333
 7481 | 7.781 | 10.718 |   0.325 |  63.7667
 7482 | 7.645 | 10.703 |   0.357 |  52.0000
 7483 | 7.648 | 10.717 |   0.304 |  74.7333
 7484 | 7.662 | 10.714 |   0.365 |  82.8333
 7485 | 7.713 | 10.123 |   0.341 |  52.0333
 7486 | 6.667 |  9.833 |   0.315 |  70.4000
 7487 | 6.953 | 10.350 |   0.256 |  53.6667
 7488 | 7.107 |  9.510 |   0.397 |  48.7000
 7489 | 7.102 |  9.966 |   0.337 |  45.5000
 7490 | 6.711 |  9.809 |   0.345 |  70.4000
 7491 | 6.755 |  9.800 |   0.335 |  77.0667
 7492 | 7.390 | 10.383 |   0.346 |  45.3000
 7493 | 6.823 |  9.256 |   0.371 |  40.3667
 7494 | 6.933 | 11.079 |   0.424 |  68.1333
 7495 | 6.917 |  9.572 |   0.368 |  70.4000
 7496 | 7.137 | 10.128 |   0.369 |  55.4667
 7497 | 6.934 |  9.895 |   0.376 |  48.7333
 7498 | 6.956 |  9.675 |   0.362 |  54.2333
 7499 | 7.206 | 10.664 |   0.426 |  80.4333
 7500 | 7.088 | 10.530 |   0.429 |  57.0000
 7501 | 7.102 | 10.546 |   0.428 |  68.6667
 7502 | 7.121 |  9.515 |   0.317 |  45.4333
 7503 | 7.049 | 10.626 |   0.370 |  72.2000
 7504 | 7.311 |  9.899 |   0.346 |  55.3333
 7505 | 7.430 | 10.102 |   0.295 |  62.0333
 7506 | 7.314 |  9.949 |   0.396 |  21.9333
 7507 | 6.762 |  9.979 |   0.297 |  72.3667
 7508 | 6.821 |  9.540 |   0.371 |  68.6667
 7509 | 6.886 | 10.450 |   0.309 |  82.0667
 7510 | 6.821 |  9.540 |   0.371 |  63.7000
 7511 | 6.821 |  9.540 |   0.371 |  41.8667
 7512 | 6.845 |  9.603 |   0.384 |  67.0333
 7513 | 7.173 |  9.779 |   0.288 |  75.5000
 7514 | 7.511 | 10.096 |   0.343 |  71.2667
 7515 | 7.133 | 10.418 |   0.350 |  45.4000
 7516 | 7.346 |  9.961 |   0.308 |  77.1000
 7517 | 7.298 |  9.843 |   0.329 |  58.7000
 7518 | 7.233 |  9.903 |   0.379 |  44.0000
 7519 | 7.136 | 10.242 |   0.360 |  72.1667
 7520 | 7.168 | 10.118 |   0.370 |  57.3000
 7521 | 7.310 |  9.288 |   0.448 |  36.8667
 7522 | 6.853 | 10.339 |   0.369 |  62.9667
 7523 | 7.196 |  9.784 |   0.383 |  47.9000
 7524 | 7.176 | 10.479 |   0.374 |  38.9333
 7525 | 7.176 | 10.479 |   0.374 |  48.3667
 7526 | 7.990 | 10.745 |   0.407 |  58.6000
 7527 | 7.153 | 10.202 |   0.403 |  93.8333
 7528 | 7.274 | 10.220 |   0.403 |  61.9333
 7529 | 7.258 | 10.076 |   0.394 |  48.6333
 7530 | 7.338 | 10.472 |   0.262 |  58.8000
 7531 | 7.204 | 10.462 |   0.236 |  52.0333
 7532 | 7.204 | 10.462 |   0.236 |  70.4000
 7533 | 7.415 | 10.462 |   0.236 |  47.3000
 7534 | 7.126 | 10.743 |   0.296 |  48.7000
 7535 | 7.213 | 10.810 |   0.309 |  43.6333
 7536 | 7.150 | 10.162 |   0.172 |  57.4667
 7537 | 7.144 | 10.726 |   0.225 |  58.7000
 7538 | 7.165 | 10.170 |   0.319 |  50.4000
 7539 | 7.426 | 10.592 |   0.307 |  43.6000
 7540 | 7.683 | 10.592 |   0.305 |  71.5667
 7541 | 7.608 | 11.046 |   0.227 |  51.6333
 7542 | 7.442 |  9.721 |   0.266 |  77.0667
 7543 | 7.052 | 11.546 |   0.237 |  72.4000
 7544 | 7.453 | 10.326 |   0.300 |  53.7333
 7545 | 6.851 | 11.591 |   0.190 |  70.4000
 7546 | 6.698 | 11.546 |   0.242 |  50.3333
 7547 | 6.698 | 11.546 |   0.242 |  53.4333
 7548 | 7.583 | 10.386 |   0.395 |  67.1333
 7549 | 7.383 | 10.835 |   0.265 |  57.1000
 7550 | 7.472 | 10.637 |   0.322 |  62.0667
 7551 | 7.292 | 10.669 |   0.376 |  70.3667
 7552 | 7.243 | 11.067 |   0.247 |  45.2000
 7553 | 7.172 | 11.149 |   0.324 |  88.8000
 7554 | 7.172 | 11.149 |   0.324 |  50.7333
 7555 | 7.176 | 11.147 |   0.335 |  80.5333
 7556 | 6.552 | 10.477 |   0.324 |  63.8000
 7557 | 7.200 | 10.846 |   0.323 |  47.0667
 7558 | 6.986 | 10.665 |   0.327 |  44.8000
 7559 | 6.891 | 10.616 |   0.330 |  51.9667
 7560 | 6.815 | 11.012 |   0.392 |  40.3333
 7561 | 7.408 | 10.663 |   0.300 |  39.5667
 7562 | 7.091 | 10.667 |   0.332 |  50.9000
 7563 | 7.045 | 10.839 |   0.351 |  45.7667
 7564 | 6.818 | 10.716 |   0.340 |  60.3333
 7565 | 7.359 | 11.062 |   0.403 |  82.1000
 7566 | 6.506 | 10.746 |   0.373 |  53.6333
 7567 | 6.631 | 10.879 |   0.361 |  53.7333
 7568 | 6.642 | 10.771 |   0.426 |  48.7000
 7569 | 6.716 | 10.937 |   0.355 |  42.2667
 7570 | 7.371 | 11.348 |   0.235 |  34.6333
 7571 | 7.158 | 11.195 |   0.401 |  38.5667
 7572 | 6.837 | 10.906 |   0.367 |  50.2667
 7573 | 7.156 | 11.725 |   0.454 |  60.3000
 7574 | 6.929 | 11.005 |   0.385 |  48.6333
 7575 | 6.928 | 10.812 |   0.384 |  45.3000
 7576 | 6.973 | 11.542 |   0.458 |  90.4333
 7577 | 6.973 | 11.542 |   0.458 |  70.3667
 7578 | 6.973 | 11.542 |   0.458 |  50.0000
 7579 | 6.879 | 11.040 |   0.398 |  45.4000
 7580 | 6.673 | 11.102 |   0.448 |  32.2667
 7581 | 7.335 | 11.173 |   0.406 |  48.6333
 7582 | 7.289 | 10.982 |   0.415 |  50.4333
 7583 | 6.530 | 10.178 |   0.341 |  65.3667
 7584 | 7.107 | 10.747 |   0.377 |  63.8333
 7585 | 6.824 | 11.014 |   0.405 |  50.4000
 7586 | 6.828 | 10.795 |   0.391 |  55.3667
 7587 | 6.806 | 11.229 |   0.382 |  75.4333
 7588 | 6.909 | 10.775 |   0.389 |  71.2667
 7589 | 7.073 | 10.987 |   0.389 |  30.2333
 7590 | 6.936 | 10.804 |   0.391 |  58.6333
 7591 | 6.847 | 10.716 |   0.435 |  45.2333
 7592 | 7.071 | 10.813 |   0.468 |  92.1333
 7593 | 7.379 | 10.632 |   0.407 |  39.9667
 7594 | 7.655 | 10.754 |   0.383 |  52.0667
 7595 | 7.544 | 10.695 |   0.386 |  35.4333
 7596 | 7.054 | 10.803 |   0.311 |  57.0333
 7597 | 7.540 | 10.741 |   0.347 |  60.3667
 7598 | 6.786 | 11.065 |   0.310 |  55.4333
 7599 | 7.236 | 10.830 |   0.332 |  65.3333
 7600 | 7.236 | 10.830 |   0.332 |  37.3333
 7601 | 6.540 | 10.710 |   0.285 |  68.8667
 7602 | 7.185 | 10.677 |   0.343 |  57.0000
 7603 | 7.329 | 10.471 |   0.264 |  57.0000
 7604 | 7.282 | 10.732 |   0.300 |  64.5000
 7605 | 7.283 | 10.680 |   0.247 |  60.6000
 7606 | 7.634 | 10.816 |   0.284 |  70.4333
 7607 | 6.863 | 11.045 |   0.334 |  60.3000
 7608 | 7.214 | 10.992 |   0.328 |  75.4333
 7609 | 7.222 | 10.745 |   0.276 |  65.4000
 7610 | 7.076 | 10.971 |   0.341 |  75.4333
 7611 | 7.871 | 11.120 |   0.286 |  58.7333
 7612 | 7.219 | 11.751 |   0.223 |  54.9000
 7613 | 6.891 | 10.504 |   0.297 |  52.8000
 7614 | 6.702 | 10.368 |   0.293 |  77.1333
 7615 | 6.853 | 11.098 |   0.228 |  85.5000
 7616 | 7.077 | 10.614 |   0.243 |  70.3667
 7617 | 7.368 | 10.886 |   0.282 |  72.1667
 7618 | 7.284 | 11.187 |   0.272 |  72.1667
 7619 | 7.209 | 10.342 |   0.371 |  72.1000
 7620 | 7.539 | 10.529 |   0.296 |  53.3333
 7621 | 7.539 | 10.529 |   0.296 |  60.3333
 7622 | 7.474 | 10.548 |   0.294 | 105.6667
 7623 | 7.320 | 10.895 |   0.315 | 100.5000
 7624 | 7.372 | 10.455 |   0.317 |  45.5333
 7625 | 7.474 | 10.577 |   0.296 |  55.6000
 7626 | 7.980 | 10.455 |   0.317 |  82.5000
 7627 | 7.306 | 10.478 |   0.305 |  63.7333
 7628 | 7.423 | 10.928 |   0.291 |  53.7000
 7629 | 7.700 | 11.174 |   0.335 |  63.9000
 7630 | 7.402 | 10.851 |   0.300 |  72.0667
 7631 | 7.116 | 10.896 |   0.300 |  51.9667
 7632 | 6.864 | 10.781 |   0.325 |  65.3667
 7633 | 7.243 | 11.550 |   0.317 |  50.4333
 7634 | 7.502 | 11.392 |   0.320 |  60.5333
 7635 | 7.312 | 11.216 |   0.329 |  48.7000
 7636 | 7.496 | 11.000 |   0.328 |  60.6333
 7637 | 7.634 | 10.930 |   0.328 |  42.6000
 7638 | 7.525 | 11.094 |   0.320 |  52.1333
 7639 | 7.684 | 10.880 |   0.343 |  83.7667
 7640 | 7.383 | 11.009 |   0.319 |  43.6000
 7641 | 7.422 | 11.466 |   0.356 |  55.9667
 7642 | 7.431 | 11.460 |   0.351 |  54.4667
 7643 | 7.431 | 11.460 |   0.351 |  63.6333
 7644 | 7.647 | 11.357 |   0.371 |  32.4333
 7645 | 7.454 | 11.505 |   0.355 |  47.5667
 7646 | 7.509 | 11.184 |   0.376 |  72.1667
 7647 | 7.750 | 11.549 |   0.346 |  50.4333
 7648 | 7.326 | 11.770 |   0.335 |  70.4000
 7649 | 8.131 | 11.827 |   0.357 |  64.3333
 7650 | 7.872 | 11.649 |   0.371 |  65.3333
 7651 | 7.942 | 11.150 |   0.357 |  43.5667
 7652 | 7.948 | 11.142 |   0.356 |  31.9333
 7653 | 7.906 | 11.173 |   0.399 |  67.8333
 7654 | 7.585 | 11.736 |   0.351 |  57.0333
 7655 | 7.632 | 11.428 |   0.342 |  45.4667
 7656 | 7.998 | 11.684 |   0.366 |  65.3667
 7657 | 7.805 | 11.231 |   0.348 |  41.9000
 7658 | 7.728 | 11.563 |   0.310 |  50.5000
 7659 | 7.467 | 11.575 |   0.479 |  85.5667
 7660 | 7.798 | 11.185 |   0.283 |  92.1333
 7661 | 7.841 | 11.313 |   0.434 |  55.3667
 7662 | 7.786 | 11.392 |   0.413 |  74.1667
 7663 | 7.807 | 11.345 |   0.409 |  85.5667
 7664 | 7.734 | 12.000 |   0.363 |  57.6000
 7665 | 7.734 | 12.000 |   0.368 |  55.6667
 7666 | 7.830 | 11.251 |   0.364 |  40.3000
 7667 | 8.374 | 11.613 |   0.331 |  71.9667
 7668 | 7.744 | 11.116 |   0.389 |  82.0667
 7669 | 7.587 | 11.264 |   0.386 |  53.7667
 7670 | 7.648 | 11.683 |   0.371 |  43.6000
 7671 | 7.917 | 11.390 |   0.396 |  41.9667
 7672 | 7.838 | 11.459 |   0.391 |  70.4667
 7673 | 7.917 | 11.378 |   0.262 |  61.3000
 7674 | 8.066 | 11.365 |   0.347 |  90.5000
 7675 | 8.066 | 11.365 |   0.347 |  75.4333
 7676 | 8.148 | 10.975 |   0.416 | 112.2667
 7677 | 8.672 | 11.587 |   0.311 |  50.6000
 7678 | 8.120 | 11.079 |   0.439 |  73.7000
 7679 | 8.396 | 11.078 |   0.400 |  50.1000
 7680 | 7.390 | 11.417 |   0.419 |  30.3333
 7681 | 8.523 | 11.240 |   0.437 |  52.0333
 7682 | 7.840 | 10.102 |   0.420 |  68.6667
 7683 | 7.991 | 10.478 |   0.423 |  35.2667
 7684 | 8.086 | 11.157 |   0.419 |  92.1333
 7685 | 8.073 | 10.607 |   0.400 |  48.6000
 7686 | 8.060 | 10.947 |   0.418 |  28.5333
 7687 | 7.867 |  9.956 |   0.396 |  58.6000
 7688 | 7.902 | 10.743 |   0.344 |  46.1333
 7689 | 7.765 | 10.647 |   0.357 |  41.7000
 7690 | 7.890 | 10.990 |   0.353 |  63.5667
 7691 | 7.883 | 11.254 |   0.365 |  45.7667
 7692 | 7.696 | 10.647 |   0.366 |  43.6667
 7693 | 7.725 | 11.020 |   0.361 |  48.0000
 7694 | 7.690 | 10.997 |   0.355 |  87.1000
 7695 | 7.156 | 10.989 |   0.330 |  54.3667
 7696 | 7.575 | 10.931 |   0.387 |  63.6333
 7697 | 7.732 | 11.031 |   0.363 |  57.0000
 7698 | 7.640 | 11.550 |   0.353 |  48.7000
 7699 | 7.636 | 11.376 |   0.362 |  63.7000
 7700 | 7.823 | 11.355 |   0.360 |  48.7333
 7701 | 7.753 | 11.469 |   0.423 |  58.6333
 7702 | 7.753 | 11.469 |   0.423 |  41.4667
 7703 | 7.648 | 11.163 |   0.333 |  55.4333
 7704 | 7.559 | 11.409 |   0.199 |  56.8000
 7705 | 7.050 | 10.761 |   0.370 |  51.9667
 7706 | 7.155 | 10.369 |   0.299 |  57.0000
 7707 | 7.309 | 10.726 |   0.425 |  72.0667
 7708 | 7.265 | 10.749 |   0.339 |  56.9667
 7709 | 7.711 | 10.191 |   0.410 |  73.7333
 7710 | 7.365 | 10.626 |   0.401 |  78.8333
 7711 | 7.639 | 10.844 |   0.358 |  51.9667
 7712 | 7.686 | 10.752 |   0.362 |  79.8667
 7713 | 7.121 | 10.802 |   0.336 |  45.3667
 7714 | 7.525 | 10.138 |   0.303 |  56.1667
 7715 | 7.659 |  9.932 |   0.280 |  60.4000
 7716 | 7.409 | 10.492 |   0.315 |  64.7667
 7717 | 7.681 | 10.455 |   0.311 |  55.3000
 7718 | 7.518 | 10.257 |   0.308 |  48.6000
 7719 | 7.926 | 10.218 |   0.341 |  59.0333
 7720 | 7.940 | 10.237 |   0.339 |  46.9333
 7721 | 8.050 |  9.703 |   0.320 |  41.9333
 7722 | 7.147 | 10.231 |   0.328 |  49.8000
 7723 | 7.913 |  9.531 |   0.321 |  49.1000
 7724 | 7.712 | 10.239 |   0.346 |  38.6000
 7725 | 7.710 | 10.181 |   0.329 |  72.1000
 7726 | 7.660 | 10.075 |   0.327 |  51.9667
 7727 | 7.901 |  9.836 |   0.353 |  64.2667
 7728 | 7.760 |  9.438 |   0.208 |  65.2000
 7729 | 7.335 |  9.878 |   0.337 |  60.3333
 7730 | 7.335 |  9.878 |   0.337 |  34.4000
 7731 | 7.746 |  9.844 |   0.277 |  53.6667
 7732 | 7.819 |  9.789 |   0.438 |  57.0000
 7733 | 7.763 |  9.747 |   0.320 |  41.8667
 7734 | 7.507 | 10.018 |   0.345 |  62.1000
 7735 | 7.507 | 10.018 |   0.345 |  46.9333
 7736 | 8.013 | 10.066 |   0.372 |  63.0667
 7737 | 7.783 | 10.168 |   0.343 |  60.8333
 7738 | 7.962 | 10.169 |   0.343 |  43.6333
 7739 | 7.990 |  9.458 |   0.367 |  57.0000
 7740 | 7.882 | 10.071 |   0.341 |  72.1667
 7741 | 7.639 |  9.988 |   0.404 |  65.3667
 7742 | 7.801 |  9.850 |   0.341 |  50.5333
 7743 | 7.569 |  9.945 |   0.398 |  55.4333
 7744 | 7.728 |  8.718 |   0.362 |  53.7333
 7745 | 8.587 |  8.826 |   0.364 |  67.6667
 7746 | 8.422 | 10.032 |   0.364 |  67.0667
 7747 | 7.665 |  9.824 |   0.374 |  55.3000
 7748 | 7.971 |  9.790 |   0.334 |  58.7000
 7749 | 8.038 |  9.676 |   0.386 |  63.6333
 7750 | 8.038 |  9.676 |   0.386 |  58.7000
 7751 | 8.025 |  9.934 |   0.359 |  60.3333
 7752 | 8.036 |  9.524 |   0.315 |  57.0000
 7753 | 7.999 |  9.613 |   0.403 |  82.1000
 7754 | 7.981 |  9.643 |   0.437 |  54.6000
 7755 | 7.980 |  9.806 |   0.384 |  52.6667
 7756 | 7.805 |  9.968 |   0.454 |  65.3667
 7757 | 8.018 |  9.874 |   0.332 |  41.9000
 7758 | 7.977 |  9.974 |   0.396 |  87.1000
 7759 | 7.977 |  9.974 |   0.238 |  58.7000
 7760 | 7.940 |  9.551 |   0.413 |  26.9333
 7761 | 8.603 | 10.016 |   0.390 |  53.7667
 7762 | 7.778 | 10.102 |   0.311 |  53.7333
 7763 | 8.555 |  9.498 |   0.310 |  80.4333
 7764 | 7.868 | 10.078 |   0.375 |  85.4667
 7765 | 8.003 |  9.972 |   0.411 |  73.8667
 7766 | 8.121 | 10.077 |   0.355 |  73.7333
 7767 | 8.043 | 10.157 |   0.432 |  55.5333
 7768 | 7.859 | 10.046 |   0.420 |  52.7000
 7769 | 7.446 | 10.730 |   0.400 |  66.5333
 7770 | 7.446 | 10.730 |   0.400 |  48.7000
 7771 | 8.006 | 10.276 |   0.390 |  66.9667
 7772 | 7.859 |  9.889 |   0.342 |  60.4333
 7773 | 7.672 | 10.304 |   0.381 |  77.2000
 7774 | 8.561 |  9.882 |   0.356 |  45.5333
 7775 | 8.014 | 10.099 |   0.392 |  57.0333
 7776 | 8.014 | 10.099 |   0.392 |  48.6667
 7777 | 7.597 |  9.967 |   0.345 |  52.0333
 7778 | 7.955 | 10.120 |   0.382 |  63.7000
 7779 | 7.764 | 11.256 |   0.399 |  38.5333
 7780 | 7.817 |  9.604 |   0.313 |  65.3333
 7781 | 7.942 |  9.768 |   0.327 |  54.2000
 7782 | 7.779 |  9.664 |   0.309 |  41.9333
 7783 | 8.356 | 10.508 |   0.294 |  60.3000
 7784 | 8.237 | 10.452 |   0.298 |  51.9333
 7785 | 8.271 | 10.464 |   0.290 |  39.4333
 7786 | 8.306 | 10.464 |   0.291 |  42.2000
 7787 | 8.314 | 10.168 |   0.291 |  85.5667
 7788 | 8.300 |  9.855 |   0.291 |  65.3333
 7789 | 8.306 |  9.181 |   0.315 |  50.4333
 7790 | 7.500 | 10.202 |   0.344 |  78.7667
 7791 | 8.016 | 10.092 |   0.322 |  58.8000
 7792 | 7.900 | 10.117 |   0.237 |  74.4333
 7793 | 8.485 | 10.031 |   0.348 |  78.8333
 7794 | 7.597 | 10.181 |   0.300 |  87.1333
 7795 | 7.937 |  9.930 |   0.328 |  57.1000
 7796 | 7.900 | 10.088 |   0.303 |  55.3000
 7797 | 7.711 | 10.084 |   0.264 |  37.1000
 7798 | 7.604 | 10.582 |   0.351 |  52.1000
 7799 | 7.797 | 10.275 |   0.318 |  52.5000
 7800 | 7.247 | 11.002 |   0.352 |  65.3333
 7801 | 7.746 | 10.274 |   0.396 |  54.4333
 7802 | 7.269 | 11.092 |   0.283 |  63.4333
 7803 | 8.197 | 10.067 |   0.315 |  63.6667
 7804 | 7.806 | 10.622 |   0.317 |  51.9333
 7805 | 7.619 | 11.595 |   0.307 |  55.3000
 7806 | 7.478 | 11.033 |   0.319 |  45.4000
 7807 | 6.864 | 11.033 |   0.319 |  45.3333
 7808 | 8.145 | 11.420 |   0.312 |  58.7000
 7809 | 7.624 | 11.149 |   0.323 |  69.0667
 7810 | 7.498 | 11.012 |   0.319 |  72.0667
 7811 | 7.174 | 11.215 |   0.316 |  60.3333
 7812 | 7.243 | 10.922 |   0.327 |  83.8000
 7813 | 6.940 | 11.144 |   0.318 |  48.6667
 7814 | 7.097 | 11.103 |   0.318 |  60.3333
 7815 | 7.645 | 11.153 |   0.317 |  78.7333
 7816 | 7.645 | 11.153 |   0.317 |  72.1667
 7817 | 7.312 | 10.922 |   0.393 |  58.0333
 7818 | 6.974 | 10.954 |   0.365 |  65.3667
 7819 | 7.246 | 10.962 |   0.259 |  57.0000
 7820 | 7.083 | 10.988 |   0.355 |  73.7333
 7821 | 7.428 | 11.926 |   0.308 |  45.4000
 7822 | 7.428 | 11.926 |   0.308 |  78.7667
 7823 | 8.535 | 10.210 |   0.352 |  58.7667
 7824 | 7.321 | 10.715 |   0.340 |  75.4333
 7825 | 8.285 | 10.642 |   0.342 |  34.0000
 7826 | 7.197 | 11.024 |   0.314 |  44.8000
 7827 | 6.921 | 11.248 |   0.262 |  55.3000
 7828 | 7.645 | 11.092 |   0.515 |  60.3333
 7829 | 7.038 | 11.299 |   0.270 |  60.3333
 7830 | 7.458 | 10.823 |   0.351 |  56.0333
 7831 | 7.133 | 11.432 |   0.262 |  46.4667
 7832 | 7.377 | 11.430 |   0.281 |  67.1333
 7833 | 7.291 | 11.546 |   0.413 |  52.5667
 7834 | 7.129 | 11.552 |   0.267 |  50.4333
 7835 | 7.045 | 11.424 |   0.282 |  56.9667
 7836 | 7.129 | 11.552 |   0.267 |  47.2667
 7837 | 7.129 | 11.557 |   0.268 |  53.7667
 7838 | 7.412 | 11.984 |   0.268 |  67.1333
 7839 | 7.304 | 11.654 |   0.308 |  46.9333
 7840 | 7.201 | 11.646 |   0.364 |  76.3667
 7841 | 7.081 | 11.718 |   0.331 |  43.7000
 7842 | 6.671 | 11.009 |   0.313 |  67.5333
 7843 | 6.671 | 11.009 |   0.313 |  83.8000
 7844 | 7.098 | 11.305 |   0.358 |  55.3667
 7845 | 7.105 | 11.648 |   0.328 |  38.6667
 7846 | 7.105 | 11.648 |   0.328 |  89.4667
 7847 | 6.963 | 10.510 |   0.348 |  60.3000
 7848 | 7.032 | 11.061 |   0.339 |  65.4333
 7849 | 6.653 | 11.222 |   0.341 |  57.1000
 7850 | 6.770 | 11.652 |   0.375 |  67.1333
 7851 | 6.770 | 11.652 |   0.375 |  59.3333
 7852 | 6.858 | 11.002 |   0.451 |  65.3667
 7853 | 6.866 | 12.000 |   0.471 |  40.2667
 7854 | 6.898 | 11.724 |   0.401 |  39.9000
 7855 | 6.851 | 11.673 |   0.441 |  44.4667
 7856 | 6.881 | 12.000 |   0.488 |  65.3333
 7857 | 7.862 | 11.773 |   0.520 |  36.8667
 7858 | 7.379 | 11.660 |   0.419 |  47.0000
 7859 | 7.074 | 11.693 |   0.390 |  71.7333
 7860 | 6.878 | 11.434 |   0.425 |  64.6000
 7861 | 7.173 | 11.724 |   0.446 |  60.3000
 7862 | 8.126 | 11.351 |   0.490 |  53.6667
 7863 | 7.708 | 11.425 |   0.469 |  50.2667
 7864 | 7.255 | 11.388 |   0.474 |  33.5000
 7865 | 7.033 | 11.492 |   0.441 |  39.2333
 7866 | 7.103 | 11.529 |   0.457 |  50.3000
 7867 | 7.129 | 11.387 |   0.452 |  65.4000
 7868 | 7.208 | 11.664 |   0.429 |  53.7667
 7869 | 7.116 | 11.501 |   0.428 |  46.9667
 7870 | 7.191 | 11.380 |   0.465 |  65.4333
 7871 | 7.163 | 11.558 |   0.453 |  52.0667
 7872 | 7.163 | 11.558 |   0.453 |  38.5667
 7873 | 7.360 | 10.882 |   0.328 |  38.7667
 7874 | 7.271 | 12.000 |   0.427 |  62.1000
 7875 | 7.270 | 11.546 |   0.515 |  54.3000
 7876 | 7.233 | 11.464 |   0.424 |  61.8333
 7877 | 7.819 | 11.866 |   0.428 |  70.4667
 7878 | 7.671 | 11.187 |   0.457 |  51.9667
 7879 | 7.203 | 11.193 |   0.448 |  51.9333
 7880 | 7.328 | 11.489 |   0.335 |  62.1333
 7881 | 7.990 | 11.029 |   0.276 |  50.3333
 7882 | 7.313 | 11.265 |   0.456 |  47.0000
 7883 | 7.578 | 11.475 |   0.436 |  60.3333
 7884 | 7.745 | 11.402 |   0.377 |  57.1000
 7885 | 7.761 | 11.559 |   0.396 |  48.6000
 7886 | 7.407 | 11.059 |   0.403 |  75.5667
 7887 | 7.686 | 11.573 |   0.310 |  70.3667
 7888 | 7.686 | 11.573 |   0.310 |  45.4000
 7889 | 7.647 | 11.440 |   0.362 |  77.7333
 7890 | 7.439 | 11.367 |   0.376 |  64.2000
 7891 | 7.464 | 11.379 |   0.374 |  38.6667
 7892 | 7.165 | 11.444 |   0.341 |  63.3000
 7893 | 7.527 | 11.418 |   0.374 |  73.7000
 7894 | 7.010 | 11.437 |   0.357 |  50.8000
 7895 | 7.010 | 11.437 |   0.357 |  68.7000
 7896 | 7.185 | 11.477 |   0.275 |  55.4333
 7897 | 7.827 | 11.341 |   0.301 |  57.9667
 7898 | 7.162 | 12.000 |   0.373 |  48.1667
 7899 | 7.201 | 11.450 |   0.332 |  73.7667
 7900 | 7.155 | 11.452 |   0.354 |  93.8333
 7901 | 7.375 | 12.000 |   0.369 |  60.3000
 7902 | 7.486 | 11.411 |   0.364 |  58.7667
 7903 | 7.115 | 11.522 |   0.388 |  65.7000
 7904 | 7.152 | 11.834 |   0.335 |  67.2000
 7905 | 7.002 | 11.882 |   0.332 |  63.7333
 7906 | 7.046 | 11.174 |   0.360 |  88.8333
 7907 | 7.243 | 11.556 |   0.359 |  73.7000
 7908 | 7.128 | 11.042 |   0.357 |  56.1333
 7909 | 7.147 | 11.843 |   0.382 |  60.3333
 7910 | 7.258 | 11.127 |   0.371 |  56.0000
 7911 | 7.358 | 11.697 |   0.318 |  46.0667
 7912 | 6.965 | 11.325 |   0.560 |  36.8333
 7913 | 7.338 | 11.407 |   0.362 |  70.4000
 7914 | 7.390 | 11.350 |   0.369 |  57.1000
 7915 | 7.529 | 11.390 |   0.366 |  68.7000
 7916 | 7.665 | 11.410 |   0.314 |  58.9000
 7917 | 7.665 | 11.410 |   0.314 |  51.9667
 7918 | 7.583 | 11.457 |   0.293 |  51.5333
 7919 | 7.073 | 11.666 |   0.358 |  40.3333
 7920 | 7.549 | 11.521 |   0.237 |  82.2333
 7921 | 7.470 | 11.547 |   0.347 |  48.8333
 7922 | 7.178 | 11.644 |   0.370 |  58.6667
 7923 | 7.240 | 11.550 |   0.335 |  54.0333
 7924 | 7.217 | 11.320 |   0.354 |  60.3667
 7925 | 7.471 | 10.794 |   0.356 |  58.9667
 7926 | 7.326 | 11.783 |   0.351 |  71.9000
 7927 | 7.399 | 11.352 |   0.330 |  75.4333
 7928 | 7.768 | 11.628 |   0.342 |  58.7000
 7929 | 7.679 | 11.423 |   0.336 |  58.7000
 7930 | 7.294 | 10.827 |   0.341 |  58.6333
 7931 | 7.434 | 11.195 |   0.350 |  70.4000
 7932 | 7.514 | 11.168 |   0.338 |  53.6000
 7933 | 7.959 | 10.917 |   0.342 |  38.6667
 7934 | 7.486 | 11.265 |   0.285 |  88.8000
 7935 | 7.425 | 11.150 |   0.308 |  67.6667
 7936 | 7.443 | 11.407 |   0.312 |  45.2333
 7937 | 8.232 | 11.416 |   0.312 |  52.0000
 7938 | 8.188 | 11.412 |   0.316 |  41.9667
 7939 | 8.192 | 11.414 |   0.314 |  62.0000
 7940 | 7.692 | 11.435 |   0.317 |  61.5667
 7941 | 7.800 | 11.446 |   0.375 |  77.3000
 7942 | 7.092 | 11.501 |   0.341 |  87.1333
 7943 | 8.939 | 11.548 |   0.346 |  58.7667
 7944 | 7.729 | 11.415 |   0.333 |  55.3000
 7945 | 7.477 | 11.441 |   0.368 |  64.3667
 7946 | 7.672 | 11.429 |   0.326 |  59.5667
 7947 | 7.707 | 11.409 |   0.356 |  50.6333
 7948 | 7.573 | 11.541 |   0.332 |  74.4667
 7949 | 7.634 | 11.458 |   0.322 |  52.0667
 7950 | 7.585 | 11.532 |   0.331 |  51.6667
 7951 | 7.582 | 11.560 |   0.331 |  52.0333
 7952 | 7.153 | 11.529 |   0.470 |  51.9667
 7953 | 7.592 | 12.000 |   0.333 |  55.4000
 7954 | 7.399 | 11.578 |   0.369 |  35.8667
 7955 | 7.451 | 12.000 |   0.360 |  63.6667
 7956 | 7.451 | 12.000 |   0.360 |  50.6667
 7957 | 7.257 | 11.838 |   0.444 |  63.6667
 7958 | 7.412 | 11.574 |   0.384 |  83.7667
 7959 | 7.895 | 11.759 |   0.396 |  42.2667
 7960 | 7.621 | 11.566 |   0.365 |  43.6000
 7961 | 7.696 | 11.831 |   0.371 |  51.9667
 7962 | 7.740 | 11.913 |   0.374 |  53.1667
 7963 | 7.735 | 11.694 |   0.345 |  68.0333
 7964 | 7.653 | 11.696 |   0.360 |  55.4667
 7965 | 7.559 | 11.718 |   0.354 |  43.6000
 7966 | 7.783 | 11.698 |   0.355 |  62.0000
 7967 | 7.783 | 11.698 |   0.355 |  60.5667
 7968 | 7.783 | 11.698 |   0.355 |  48.7000
 7969 | 7.020 | 12.000 |   0.363 |  72.6667
 7970 | 7.802 | 11.827 |   0.372 |  43.4333
 7971 | 7.423 | 11.857 |   0.350 |  28.6667
 7972 | 7.296 | 11.543 |   0.354 |  48.7333
 7973 | 7.016 | 11.721 |   0.379 |  57.0333
 7974 | 7.398 | 11.254 |   0.376 |  62.1333
 7975 | 7.157 | 11.596 |   0.349 |  40.3667
 7976 | 7.381 | 11.322 |   0.297 |  67.0333
 7977 | 7.226 | 11.610 |   0.377 |  67.2000
 7978 | 7.222 | 11.062 |   0.341 |  73.7333
 7979 | 7.354 | 11.308 |   0.344 |  38.6000
 7980 | 7.168 | 11.687 |   0.382 | 100.5000
 7981 | 7.209 | 11.414 |   0.359 |  55.3000
 7982 | 7.282 | 11.211 |   0.357 |  68.7000
 7983 | 7.718 | 11.236 |   0.352 |  78.8000
 7984 | 7.234 | 11.499 |   0.389 |  65.8667
 7985 | 7.056 | 11.237 |   0.359 |  53.7333
 7986 | 7.416 | 11.284 |   0.363 |  78.7667
 7987 | 7.313 | 11.116 |   0.375 |  88.8000
 7988 | 7.133 | 11.384 |   0.462 |  55.4333
 7989 | 7.094 | 10.820 |   0.414 |  70.5000
 7990 | 7.211 | 11.248 |   0.395 |  67.0333
 7991 | 7.195 | 11.122 |   0.377 |  29.5333
 7992 | 7.156 | 11.584 |   0.436 |  58.7667
 7993 | 7.183 | 10.666 |   0.371 |  58.8000
 7994 | 7.314 | 11.096 |   0.359 |  50.1000
 7995 | 7.271 | 11.055 |   0.333 |  70.3667
 7996 | 7.357 | 11.137 |   0.325 |  65.3333
 7997 | 7.322 | 10.999 |   0.352 |  66.2333
 7998 | 7.070 | 11.209 |   0.343 |  51.7333
 7999 | 7.587 | 11.443 |   0.352 |  61.9667
 8000 | 7.296 | 11.237 |   0.375 |  72.1667
 8001 | 7.338 | 11.381 |   0.385 |  62.8333
 8002 | 7.234 | 10.904 |   0.350 |  65.3667
 8003 | 7.365 | 10.356 |   0.500 |  51.9333
 8004 | 7.502 | 11.072 |   0.282 |  67.0333
 8005 | 7.234 | 10.904 |   0.350 |  70.8667
 8006 | 7.234 | 10.904 |   0.350 |  45.8333
 8007 | 7.634 | 11.125 |   0.244 |  47.2000
 8008 | 7.883 | 11.141 |   0.335 |  78.7333
 8009 | 7.286 | 11.045 |   0.359 |  64.6000
 8010 | 7.296 |  9.978 |   0.279 |  75.5333
 8011 | 7.573 | 10.939 |   0.384 |  80.4667
 8012 | 7.489 |  9.644 |   0.340 |  60.3000
 8013 | 7.272 | 10.701 |   0.361 |  75.4333
 8014 | 7.502 | 10.903 |   0.358 |  92.1667
 8015 | 7.483 | 10.888 |   0.359 |  70.3667
 8016 | 7.429 | 10.730 |   0.302 |  70.4333
 8017 | 7.379 | 10.976 |   0.371 |  52.0333
 8018 | 7.515 | 11.047 |   0.368 |  51.9667
 8019 | 7.461 | 10.440 |   0.375 |  42.9667
 8020 | 7.132 | 10.811 |   0.349 |  57.0667
 8021 | 6.881 | 10.500 |   0.306 |  70.4000
 8022 | 7.040 | 10.689 |   0.320 |  57.0667
 8023 | 7.602 | 11.276 |   0.301 |  47.7000
 8024 | 7.000 | 10.846 |   0.443 |  72.0000
 8025 | 7.241 | 10.447 |   0.324 |  78.7333
 8026 | 7.603 | 11.041 |   0.321 |  45.2333
 8027 | 7.388 | 10.983 |   0.336 |  60.2000
 8028 | 7.460 | 10.767 |   0.412 |  45.3333
 8029 | 7.260 | 10.869 |   0.359 |  57.0000
 8030 | 7.823 | 10.973 |   0.384 |  71.3333
 8031 | 7.452 | 11.013 |   0.354 |  88.8333
 8032 | 7.398 | 10.974 |   0.355 |  70.4667
 8033 | 7.400 | 11.147 |   0.388 |  68.6667
 8034 | 7.461 | 11.682 |   0.369 |  58.7667
 8035 | 7.370 | 11.886 |   0.356 |  57.1000
 8036 | 7.127 | 12.000 |   0.355 |  68.6667
 8037 | 7.467 | 11.438 |   0.359 |  55.3333
 8038 | 7.390 | 11.558 |   0.433 |  52.0667
 8039 | 7.544 | 11.368 |   0.401 |  57.0000
 8040 | 7.392 | 11.788 |   0.352 |  57.1333
 8041 | 6.899 | 11.366 |   0.342 |  78.7333
 8042 | 7.462 | 11.543 |   0.357 |  77.0667
 8043 | 7.405 | 11.692 |   0.363 |  43.8333
 8044 | 7.417 | 11.642 |   0.360 |  51.9667
 8045 | 7.869 | 11.396 |   0.368 |  42.0333
 8046 | 7.769 | 11.436 |   0.362 |  40.4667
 8047 | 7.459 | 11.460 |   0.359 |  67.1667
 8048 | 7.571 | 11.370 |   0.379 |  40.4333
 8049 | 7.555 | 10.761 |   0.371 |  55.3000
 8050 | 8.136 | 11.611 |   0.417 |  46.9333
 8051 | 7.441 | 11.600 |   0.381 |  38.5667
 8052 | 7.753 | 11.451 |   0.389 |  35.3000
 8053 | 7.467 | 10.926 |   0.314 |  46.2667
 8054 | 7.467 | 10.926 |   0.314 |  52.1333
 8055 | 7.107 | 11.211 |   0.385 |  55.3000
 8056 | 7.144 | 11.128 |   0.386 |  30.3000
 8057 | 7.536 | 12.000 |   0.362 |  48.2333
 8058 | 7.707 | 11.346 |   0.373 |  40.2667
 8059 | 7.374 | 10.973 |   0.405 |  46.4000
 8060 | 8.072 | 11.206 |   0.330 |  62.0333
 8061 | 7.398 | 11.457 |   0.365 |  80.4333
 8062 | 7.447 | 11.452 |   0.355 |  42.0000
 8063 | 8.181 | 11.434 |   0.340 |  69.7333
 8064 | 7.499 | 12.000 |   0.363 |  51.9667
 8065 | 7.323 | 11.359 |   0.335 |  50.5000
 8066 | 7.593 | 11.259 |   0.361 |  51.4333
 8067 | 7.304 | 11.309 |   0.335 |  40.3667
 8068 | 7.328 | 11.603 |   0.266 |  62.0000
 8069 | 7.466 | 10.927 |   0.431 |  73.7333
 8070 | 7.329 | 11.985 |   0.481 |  65.3667
 8071 | 7.037 | 11.533 |   0.343 |  52.1000
 8072 | 7.324 | 11.391 |   0.364 |  57.0667
 8073 | 7.195 | 11.839 |   0.338 |  57.1000
 8074 | 7.117 | 11.592 |   0.358 |  58.8000
 8075 | 7.290 | 11.704 |   0.362 |  56.2667
 8076 | 7.267 | 11.679 |   0.370 |  55.3000
 8077 | 7.361 | 11.815 |   0.479 |  64.1000
 8078 | 7.708 | 11.677 |   0.385 |  48.7000
 8079 | 7.037 | 11.664 |   0.385 |  50.2667
 8080 | 7.518 | 11.745 |   0.478 |  65.3333
 8081 | 7.223 | 11.677 |   0.380 |  43.6333
 8082 | 7.048 | 11.682 |   0.396 |  38.7000
 8083 | 7.351 | 11.924 |   0.349 |  64.2000
 8084 | 7.211 | 11.733 |   0.429 |  63.6667
 8085 | 7.234 | 11.540 |   0.401 |  44.8000
 8086 | 7.181 | 11.950 |   0.399 |  80.4667
 8087 | 7.561 | 11.999 |   0.382 |  64.3667
 8088 | 7.259 | 11.101 |   0.426 |  57.1000
 8089 | 7.983 | 11.554 |   0.404 |  72.9667
 8090 | 7.175 | 11.777 |   0.269 |  75.5000
 8091 | 7.398 | 11.556 |   0.304 |  85.4667
 8092 | 7.966 | 11.537 |   0.389 |  68.6667
 8093 | 7.800 | 11.339 |   0.274 |  72.2000
 8094 | 7.588 | 11.856 |   0.354 |  57.0000
 8095 | 7.719 | 11.949 |   0.418 |  63.6667
 8096 | 7.477 | 11.837 |   0.364 |  60.4333
 8097 | 7.608 | 11.822 |   0.379 |  56.8667
 8098 | 7.542 | 11.687 |   0.302 |  55.4000
 8099 | 8.289 | 11.469 |   0.337 |  72.1667
 8100 | 8.020 | 11.592 |   0.317 |  45.4000
 8101 | 7.664 | 11.936 |   0.358 |  45.3000
 8102 | 7.987 | 11.345 |   0.309 |  43.7000
 8103 | 7.682 | 11.915 |   0.355 |  65.3333
 8104 | 7.987 | 11.345 |   0.309 |  51.5667
 8105 | 8.244 | 12.000 |   0.350 |  78.7667
 8106 | 7.775 | 11.416 |   0.302 |  51.9667
 8107 | 7.930 | 12.000 |   0.260 |  47.1667
 8108 | 7.804 | 11.511 |   0.300 |  78.7667
 8109 | 8.088 | 11.943 |   0.265 |  58.1000
 8110 | 7.875 | 11.637 |   0.274 |  72.4000
 8111 | 8.123 | 11.674 |   0.311 | 102.2000
 8112 | 8.123 | 11.674 |   0.311 |  77.2000
 8113 | 7.994 | 11.182 |   0.226 |  55.5333
 8114 | 8.032 | 10.278 |   0.467 |  57.0667
 8115 | 7.471 | 10.758 |   0.281 |  63.2000
 8116 | 7.668 | 11.679 |   0.298 |  58.6333
 8117 | 7.596 | 11.589 |   0.285 |  57.0000
 8118 | 7.641 | 11.541 |   0.274 |  42.2333
 8119 | 7.632 | 12.000 |   0.284 |  82.1000
 8120 | 7.613 | 11.614 |   0.301 |  81.6667
 8121 | 7.613 | 11.612 |   0.306 |  83.7667
 8122 | 7.385 | 11.395 |   0.343 |  59.0000
 8123 | 7.355 | 11.529 |   0.234 |  57.0000
 8124 | 7.821 | 11.325 |   0.222 |  56.0333
 8125 | 7.737 | 10.741 |   0.288 |  60.3333
 8126 | 7.852 | 11.075 |   0.231 |  48.6667
 8127 | 7.637 | 11.271 |   0.270 |  45.9333
 8128 | 7.828 | 11.254 |   0.235 |  67.0667
 8129 | 7.561 | 10.903 |   0.380 |  48.7333
 8130 | 7.561 | 10.903 |   0.380 |  87.1333
 8131 | 7.544 | 11.777 |   0.270 |  45.3333
 8132 | 7.569 | 10.932 |   0.374 |  38.7000
 8133 | 7.532 | 11.163 |   0.194 |  62.8667
 8134 | 7.226 | 11.312 |   0.327 |  50.4333
 8135 | 7.470 | 11.323 |   0.407 |  57.0000
 8136 | 7.290 | 11.148 |   0.250 |  44.2333
 8137 | 7.728 | 10.863 |   0.364 |  75.5000
 8138 | 7.019 | 11.080 |   0.323 |  48.7000
 8139 | 7.019 | 11.080 |   0.323 |  57.2000
 8140 | 7.214 | 11.139 |   0.339 |  62.0000
 8141 | 7.378 | 11.327 |   0.393 |  62.0333
 8142 | 8.008 | 11.556 |   0.382 |  57.0333
 8143 | 7.648 | 11.326 |   0.345 |  67.0667
 8144 | 7.132 | 11.376 |   0.367 |  62.1000
 8145 | 7.636 | 11.253 |   0.348 |  49.7333
 8146 | 7.297 | 11.530 |   0.371 |  72.8333
 8147 | 7.287 | 11.689 |   0.342 |  58.1667
 8148 | 7.328 | 11.380 |   0.357 |  41.8667
 8149 | 6.791 | 11.266 |   0.405 |  60.3333
 8150 | 6.791 | 11.266 |   0.405 |  77.2000
 8151 | 7.191 | 11.525 |   0.301 |  60.3333
 8152 | 7.192 | 11.498 |   0.324 |  70.4000
 8153 | 7.246 | 11.437 |   0.361 |  51.9667
 8154 | 6.953 | 11.634 |   0.387 |  58.8000
 8155 | 7.208 | 11.409 |   0.345 |  44.5000
 8156 | 7.052 | 12.000 |   0.330 |  57.0000
 8157 | 7.154 | 11.281 |   0.342 |  62.0333
 8158 | 7.062 | 11.238 |   0.367 |  53.7667
 8159 | 7.181 | 11.309 |   0.368 |  57.0000
 8160 | 7.083 | 11.396 |   0.336 |  46.9333
 8161 | 7.060 | 11.298 |   0.295 |  63.2333
 8162 | 7.063 | 11.457 |   0.337 |  35.3333
 8163 | 6.937 | 11.397 |   0.366 |  95.5333
 8164 | 6.962 | 11.452 |   0.357 |  70.7333
 8165 | 7.006 | 11.339 |   0.359 |  57.1000
 8166 | 6.991 | 11.641 |   0.330 |  45.2667
 8167 | 7.044 | 11.966 |   0.368 |  51.9333
 8168 | 7.058 | 11.101 |   0.377 |  37.2667
 8169 | 7.007 | 11.330 |   0.365 |  35.2333
 8170 | 7.032 | 11.526 |   0.371 |  40.4667
 8171 | 6.939 | 12.000 |   0.366 |  70.4667
 8172 | 6.970 | 11.865 |   0.362 |  68.8333
 8173 | 7.035 | 10.956 |   0.339 |  33.5667
 8174 | 7.064 | 11.529 |   0.200 |  29.3333
 8175 | 7.080 | 11.147 |   0.350 |  53.7667
 8176 | 7.087 | 11.296 |   0.344 |  43.7000
 8177 | 7.058 | 11.978 |   0.256 |  70.3667
 8178 | 7.234 | 11.255 |   0.363 |  46.9333
 8179 | 6.974 | 11.738 |   0.348 |  57.5667
 8180 | 7.032 | 11.663 |   0.347 |  65.4000
 8181 | 7.080 | 11.303 |   0.374 |  62.0333
 8182 | 6.982 | 11.326 |   0.412 |  52.0000
 8183 | 6.780 | 10.837 |   0.325 |  67.9000
 8184 | 7.011 | 11.257 |   0.348 |  55.4333
 8185 | 7.305 | 11.268 |   0.307 |  55.2667
 8186 | 6.707 | 11.311 |   0.363 |  30.2000
 8187 | 6.982 | 11.150 |   0.388 |  32.4333
 8188 | 7.354 | 11.095 |   0.384 |  27.3667
 8189 | 7.046 | 11.630 |   0.368 |  31.5333
 8190 | 7.057 | 11.447 |   0.382 |  62.1333
 8191 | 7.251 | 10.997 |   0.386 |  39.0667
 8192 | 7.055 | 11.450 |   0.384 |  63.6333
 8193 | 7.077 | 11.402 |   0.458 |  45.4667
 8194 | 6.982 | 11.425 |   0.715 |  72.0000
 8195 | 6.908 | 11.718 |   0.415 |  52.2000
 8196 | 6.824 | 11.481 |   0.439 |  57.0000
 8197 | 6.931 | 11.526 |   0.285 |  67.0667
 8198 | 6.878 | 11.782 |   0.418 |  75.4333
 8199 | 7.695 | 11.720 |   0.447 |  33.5667
 8200 | 6.903 | 12.000 |   0.419 |  65.4667
 8201 | 7.411 | 11.656 |   0.402 |  53.6333
 8202 | 7.406 | 11.559 |   0.279 |  62.8000
 8203 | 7.156 | 11.576 |   0.411 |  51.9667
 8204 | 7.183 | 11.872 |   0.367 |  67.0667
 8205 | 7.376 | 11.857 |   0.282 |  46.6000
 8206 | 7.414 | 11.655 |   0.339 |  48.6667
 8207 | 7.392 | 11.795 |   0.347 |  65.3333
 8208 | 7.616 | 11.595 |   0.347 |  43.6667
 8209 | 7.387 | 11.632 |   0.352 |  57.0000
 8210 | 7.320 | 11.676 |   0.230 |  83.1667
 8211 | 7.415 | 11.858 |   0.442 |  41.8667
 8212 | 7.292 | 11.595 |   0.327 |  53.7000
 8213 | 7.333 | 11.636 |   0.317 |  55.3000
 8214 | 7.689 | 10.412 |   0.388 |  43.5000
 8215 | 7.206 | 12.000 |   0.355 |  41.9333
 8216 | 7.697 | 11.561 |   0.372 |  57.0000
 8217 | 7.646 | 11.304 |   0.372 |  65.3667
 8218 | 7.601 | 11.792 |   0.377 |  60.3333
 8219 | 7.654 | 11.576 |   0.333 |  45.2000
 8220 | 7.576 | 11.576 |   0.373 |  51.9667
 8221 | 7.341 | 11.426 |   0.373 |  38.6000
 8222 | 7.485 | 10.953 |   0.369 |  51.9667
 8223 | 8.112 | 10.890 |   0.368 |  98.8667
 8224 | 8.027 | 10.239 |   0.371 |  50.3000
 8225 | 7.773 | 10.290 |   0.371 |  75.5000
 8226 | 7.402 | 10.086 |   0.337 |  67.1333
 8227 | 7.996 | 10.667 |   0.371 |  59.1667
 8228 | 7.216 | 10.956 |   0.421 |  41.9000
 8229 | 7.039 | 10.352 |   0.431 |  53.7667
 8230 | 6.846 | 10.729 |   0.388 |  53.6667
 8231 | 7.322 | 10.515 |   0.378 |  67.1333
 8232 | 7.190 | 10.336 |   0.365 |  32.7000
 8233 | 7.315 | 10.587 |   0.383 |  43.6667
 8234 | 6.922 | 10.565 |   0.353 |  49.3000
 8235 | 7.079 | 10.103 |   0.384 |  38.0667
 8236 | 7.257 | 11.181 |   0.545 |  57.0000
 8237 | 7.093 | 10.525 |   0.379 |  45.2333
 8238 | 7.209 | 11.158 |   0.495 |  46.9000
 8239 | 7.128 | 11.294 |   0.447 |  41.8667
 8240 | 7.283 | 11.078 |   0.480 |  57.0667
 8241 | 7.117 | 11.221 |   0.450 |  47.0000
 8242 | 7.235 | 11.212 |   0.451 |  35.6667
 8243 | 6.554 | 10.772 |   0.374 |  63.8000
 8244 | 7.331 | 10.886 |   0.442 |  67.1667
 8245 | 7.361 | 11.372 |   0.432 |  43.6000
 8246 | 7.132 | 10.891 |   0.319 |  45.3667
 8247 | 6.937 | 10.984 |   0.473 |  33.7333
 8248 | 6.676 | 10.769 |   0.363 |  50.2667
 8249 | 6.650 | 10.753 |   0.448 |  53.5667
 8250 | 6.920 | 11.354 |   0.413 |  43.6000
 8251 | 6.680 | 10.806 |   0.361 |  51.9667
 8252 | 7.764 | 10.862 |   0.450 |  55.3000
 8253 | 6.868 |  9.941 |   0.350 |  51.6667
 8254 | 7.174 | 11.008 |   0.357 |  50.2667
 8255 | 6.562 | 10.795 |   0.434 |  45.2667
 8256 | 6.853 | 10.899 |   0.340 |  58.7000
 8257 | 6.659 | 11.226 |   0.350 |  63.9000
 8258 | 7.399 | 10.554 |   0.406 |  65.4333
 8259 | 7.385 | 10.567 |   0.407 |  53.4333
 8260 | 6.810 | 10.713 |   0.343 |  58.7000
 8261 | 7.099 | 10.589 |   0.389 |  78.7667
 8262 | 6.946 | 10.856 |   0.436 |  52.0000
 8263 | 6.942 | 10.701 |   0.388 |  80.4667
 8264 | 6.937 | 10.282 |   0.367 |  52.0000
 8265 | 6.938 | 11.569 |   0.515 |  42.3667
 8266 | 6.938 | 10.497 |   0.337 |  65.3333
 8267 | 6.513 | 10.736 |   0.333 |  53.6667
 8268 | 6.972 | 10.889 |   0.337 |  77.0667
 8269 | 7.134 | 10.784 |   0.305 |  72.0667
 8270 | 7.040 | 10.665 |   0.365 |  77.1000
 8271 | 6.984 | 10.639 |   0.327 |  30.3000
 8272 | 7.009 | 11.077 |   0.388 |  50.4333
 8273 | 6.997 | 10.914 |   0.362 |  42.8333
 8274 | 6.986 | 10.530 |   0.317 |  38.8000
 8275 | 7.165 | 10.474 |   0.360 |  58.8000
 8276 | 6.957 | 10.684 |   0.344 |  46.8333
 8277 | 7.007 | 10.635 |   0.368 |  38.7667
 8278 | 7.007 | 10.635 |   0.368 |  67.1000
 8279 | 7.457 | 10.792 |   0.318 |  68.7000
 8280 | 7.723 | 11.033 |   0.327 |  63.8333
 8281 | 7.524 | 10.768 |   0.336 |  45.4667
 8282 | 7.265 |  9.138 |   0.343 |  51.9667
 8283 | 7.265 |  9.155 |   0.344 |  30.4000
 8284 | 7.365 | 10.634 |   0.469 |  41.9333
 8285 | 7.834 |  9.823 |   0.421 |  33.6333
 8286 | 7.271 |  9.627 |   0.409 |  33.5667
 8287 | 7.482 | 10.546 |   0.440 |  58.6333
 8288 | 7.482 | 10.546 |   0.440 |  48.6333
 8289 | 7.018 | 10.877 |   0.346 |  46.5333
 8290 | 7.470 | 10.555 |   0.438 |  48.9333
 8291 | 6.992 | 10.433 |   0.354 |  35.2333
 8292 | 7.093 | 10.755 |   0.369 |  41.9000
 8293 | 6.906 | 10.626 |   0.469 |  58.7667
 8294 | 7.080 | 10.771 |   0.510 |  49.2000
 8295 | 7.293 | 10.481 |   0.344 |  40.2667
 8296 | 7.151 | 10.953 |   0.341 |  25.2333
 8297 | 6.816 | 10.739 |   0.331 |  25.1667
 8298 | 6.874 | 10.716 |   0.345 |  47.0000
 8299 | 7.208 | 10.787 |   0.476 |  47.7667
 8300 | 7.415 | 10.279 |   0.354 |  21.9333
 8301 | 6.883 | 10.816 |   0.351 |  28.1667
 8302 | 6.922 | 11.079 |   0.360 |  45.2333
 8303 | 6.933 | 11.049 |   0.359 |  50.3000
 8304 | 7.233 | 10.498 |   0.350 |  65.4333
 8305 | 7.022 | 10.850 |   0.355 |  33.8333
 8306 | 6.943 | 10.705 |   0.352 |  78.7333
 8307 | 7.133 | 10.241 |   0.345 |  35.2667
 8308 | 7.058 | 10.550 |   0.352 |  55.3000
 8309 | 7.053 | 10.452 |   0.355 |  46.9000
 8310 | 7.233 | 10.605 |   0.336 |  55.3000
 8311 | 6.963 | 10.776 |   0.443 |  50.2333
 8312 | 7.408 | 10.609 |   0.305 |  18.5000
 8313 | 7.065 | 10.770 |   0.355 |  43.6000
 8314 | 7.061 | 10.273 |   0.460 |  57.0000
 8315 | 7.077 | 10.260 |   0.463 |  60.3333
 8316 | 6.884 | 11.379 |   0.373 |  57.0667
 8317 | 6.674 | 10.447 |   0.200 |  47.6333
 8318 | 7.074 | 10.345 |   0.389 |  55.4667
 8319 | 7.195 | 10.010 |   0.433 |  80.3667
 8320 | 6.612 | 10.192 |   0.321 |  56.1333
 8321 | 6.815 | 10.707 |   0.328 |  65.8000
 8322 | 6.868 | 10.779 |   0.346 |  23.5667
 8323 | 6.608 |  9.593 |   0.327 |  46.9333
 8324 | 6.948 | 10.946 |   0.362 |  57.0667
 8325 | 7.406 | 11.818 |   0.371 |  53.7333
 8326 | 6.856 | 10.822 |   0.358 |  45.3667
 8327 | 6.671 | 11.178 |   0.344 |  54.5333
 8328 | 6.828 | 10.921 |   0.341 |  68.7667
 8329 | 6.784 | 10.975 |   0.342 |  44.4000
 8330 | 6.784 | 10.975 |   0.342 |  45.3000
 8331 | 6.673 | 10.786 |   0.487 |  56.1000
 8332 | 6.941 | 10.802 |   0.353 |  30.2333
 8333 | 7.079 | 10.486 |   0.381 |  43.6000
 8334 | 7.070 | 10.710 |   0.380 |  47.5667
 8335 | 6.941 | 11.429 |   0.352 |  48.6333
 8336 | 6.824 | 10.856 |   0.380 |  43.7000
 8337 | 7.091 | 10.746 |   0.382 |  38.3000
 8338 | 6.623 | 10.760 |   0.375 |  60.4000
 8339 | 6.838 | 10.589 |   0.387 |  41.8667
 8340 | 6.869 | 11.016 |   0.362 |  38.9667
 8341 | 6.741 | 10.100 |   0.360 |  65.3667
 8342 | 7.363 | 10.268 |   0.373 |  55.3667
 8343 | 6.819 | 10.846 |   0.523 |  62.0000
 8344 | 7.159 | 10.707 |   0.365 |  48.6667
 8345 | 7.914 | 10.905 |   0.365 |  48.7667
 8346 | 7.046 | 10.968 |   0.396 |  54.2667
 8347 | 7.440 | 10.709 |   0.407 |  72.0333
 8348 | 7.593 | 10.733 |   0.293 |  48.7333
 8349 | 7.156 | 11.092 |   0.379 |  70.4667
 8350 | 6.776 | 10.841 |   0.389 |  80.4333
 8351 | 7.323 | 10.921 |   0.383 |  60.3333
 8352 | 6.708 | 10.948 |   0.442 |  55.4000
 8353 | 7.212 | 11.415 |   0.378 |  68.6667
 8354 | 7.143 | 11.845 |   0.379 |  43.7000
 8355 | 7.096 | 11.872 |   0.352 |  48.6333
 8356 | 7.029 | 11.027 |   0.334 |  76.0667
 8357 | 7.076 | 11.102 |   0.390 |  58.6000
 8358 | 7.323 | 11.700 |   0.373 |  52.0000
 8359 | 7.319 | 11.699 |   0.374 |  68.8333
 8360 | 7.114 | 11.662 |   0.350 |  40.5333
 8361 | 7.066 | 11.394 |   0.430 |  50.2333
 8362 | 7.245 | 11.686 |   0.377 |  75.4333
 8363 | 7.335 | 11.443 |   0.394 |  70.3667
 8364 | 7.014 | 11.517 |   0.377 |  60.3333
 8365 | 7.287 | 11.551 |   0.345 |  49.0000
 8366 | 7.825 | 11.620 |   0.335 |  67.0667
 8367 | 7.437 | 11.521 |   0.370 |  45.4667
 8368 | 7.437 | 11.521 |   0.370 |  67.0333
 8369 | 7.454 | 11.565 |   0.357 |  72.0333
 8370 | 7.288 | 11.393 |   0.550 |  46.9000
 8371 | 7.379 | 11.434 |   0.359 |  57.0000
 8372 | 7.440 | 11.918 |   0.373 |  90.2333
 8373 | 7.536 | 11.490 |   0.389 |  61.0667
 8374 | 6.991 | 11.635 |   0.365 |  68.7000
 8375 | 7.611 | 11.629 |   0.382 |  75.1667
 8376 | 6.971 | 11.891 |   0.363 |  55.5667
 8377 | 7.126 | 11.821 |   0.334 |  58.7333
 8378 | 7.127 | 11.809 |   0.337 |  46.9667
 8379 | 7.205 | 11.626 |   0.316 |  45.9333
 8380 | 6.633 | 11.768 |   0.335 |  62.1000
 8381 | 7.228 | 11.811 |   0.370 |  36.9000
 8382 | 7.283 | 11.538 |   0.305 |  48.6000
 8383 | 7.179 | 11.883 |   0.369 |  47.7000
 8384 | 7.125 | 11.706 |   0.316 |  65.3333
 8385 | 7.133 | 11.982 |   0.322 |  53.7667
 8386 | 7.098 | 11.798 |   0.358 |  46.9333
 8387 | 7.371 | 12.000 |   0.323 |  60.3333
 8388 | 7.158 | 11.738 |   0.355 |  57.0667
 8389 | 7.105 | 11.281 |   0.360 |  70.3667
 8390 | 7.021 | 11.608 |   0.398 |  60.3000
 8391 | 6.987 | 11.562 |   0.347 |  55.3000
 8392 | 7.062 | 11.473 |   0.382 |  83.7667
 8393 | 7.057 | 11.743 |   0.365 |  85.5667
 8394 | 7.082 | 11.641 |   0.380 |  58.8000
 8395 | 6.926 | 11.317 |   0.412 |  68.0667
 8396 | 7.170 | 11.611 |   0.389 |  35.3000
 8397 | 6.743 | 11.453 |   0.389 |  66.3667
 8398 | 7.073 | 11.796 |   0.365 |  69.5667
 8399 | 7.013 | 11.655 |   0.391 |  63.9000
 8400 | 6.934 | 11.339 |   0.377 |  75.5000
 8401 | 6.910 | 11.286 |   0.370 |  36.9000
 8402 | 6.965 | 11.495 |   0.424 |  31.8333
 8403 | 6.893 | 11.267 |   0.374 |  60.3333
 8404 | 7.242 | 11.575 |   0.350 |  72.0000
 8405 | 6.740 | 11.290 |   0.341 |  46.9000
 8406 | 6.916 | 11.031 |   0.387 |  31.8333
 8407 | 6.914 | 11.208 |   0.335 |  36.9000
 8408 | 7.332 | 11.231 |   0.332 |  45.3000
 8409 | 7.073 | 11.836 |   0.359 |  55.3000
 8410 | 7.141 | 11.382 |   0.402 |  58.8667
 8411 | 6.780 | 11.161 |   0.358 |  65.4000
 8412 | 6.929 | 11.302 |   0.359 |  41.9000
 8413 | 7.001 | 11.567 |   0.378 |  26.9667
 8414 | 7.038 | 11.298 |   0.346 |  43.3667
 8415 | 6.893 | 10.918 |   0.401 |  45.2333
 8416 | 7.427 | 10.762 |   0.367 |  62.6667
 8417 | 6.802 | 11.763 |   0.373 |  52.0333
 8418 | 7.116 | 11.780 |   0.403 |  68.7000
 8419 | 7.116 | 11.780 |   0.403 |  78.7333
 8420 | 7.055 | 11.211 |   0.380 |  72.1000
 8421 | 7.045 | 11.736 |   0.420 |  53.7333
 8422 | 7.037 | 10.959 |   0.408 |  33.6333
 8423 | 7.036 | 11.669 |   0.395 |  70.3667
 8424 | 7.062 | 11.774 |   0.408 |  60.8667
 8425 | 7.045 | 11.595 |   0.410 |  58.7000
 8426 | 7.193 | 11.236 |   0.395 |  68.7000
 8427 | 7.110 | 11.554 |   0.404 |  57.0000
 8428 | 7.402 | 11.161 |   0.434 |  43.5667
 8429 | 7.270 | 11.457 |   0.480 |  27.0000
 8430 | 7.345 | 11.021 |   0.336 |  46.6000
 8431 | 7.403 | 11.218 |   0.585 |  38.5667
 8432 | 6.970 | 11.256 |   0.372 |  45.4000
 8433 | 7.011 | 11.206 |   0.384 |  36.9333
 8434 | 7.093 | 10.117 |   0.322 |  41.9000
 8435 | 7.384 | 10.546 |   0.365 |  60.3667
 8436 | 6.996 | 10.940 |   0.332 |  67.4667
 8437 | 7.063 | 11.010 |   0.338 |  75.5000
 8438 | 7.545 | 11.458 |   0.399 |  60.0000
 8439 | 8.024 | 10.871 |   0.319 |  55.3000
 8440 | 7.937 | 10.818 |   0.333 |  51.9667
 8441 | 7.191 | 11.231 |   0.305 |  57.1000
 8442 | 7.636 | 10.787 |   0.327 |  57.0667
 8443 | 7.356 | 11.226 |   0.335 |  55.4333
 8444 | 7.659 | 11.087 |   0.408 |  68.6667
 8445 | 7.073 | 11.127 |   0.355 |  51.1000
 8446 | 7.523 | 11.050 |   0.344 |  60.3333
 8447 | 7.460 | 11.052 |   0.333 |  48.7333
 8448 | 7.125 | 11.043 |   0.364 |  88.8333
 8449 | 7.646 | 11.066 |   0.359 |  63.6667
 8450 | 7.646 | 10.534 |   0.360 |  41.9667
 8451 | 7.490 | 11.028 |   0.391 |  82.2667
 8452 | 7.463 | 11.147 |   0.390 |  67.0667
 8453 | 7.330 | 10.909 |   0.288 |  60.3000
 8454 | 7.525 | 10.713 |   0.387 |  37.0000
 8455 | 7.419 | 11.194 |   0.363 |  50.2667
 8456 | 7.396 | 11.146 |   0.359 |  68.6667
 8457 | 7.396 | 11.146 |   0.359 |  48.6667
 8458 | 7.296 | 10.148 |   0.322 |  45.0667
 8459 | 7.100 | 10.344 |   0.355 |  48.7333
 8460 | 7.207 | 10.602 |   0.343 |  43.6667
 8461 | 7.176 | 10.416 |   0.342 |  33.5667
 8462 | 7.279 | 10.183 |   0.394 |  60.4000
 8463 | 7.097 | 10.600 |   0.349 |  52.3333
 8464 | 7.209 | 10.577 |   0.374 |  35.3000
 8465 | 6.965 | 10.366 |   0.347 |  56.9667
 8466 | 7.697 | 10.825 |   0.370 |  38.6667
 8467 | 7.175 |  9.936 |   0.355 |  55.3333
 8468 | 7.124 | 10.404 |   0.420 |  50.3000
 8469 | 7.196 | 10.586 |   0.361 |  43.5667
 8470 | 7.197 | 10.529 |   0.360 |  63.7333
 8471 | 7.963 | 10.797 |   0.378 |  68.7667
 8472 | 7.432 | 10.614 |   0.341 |  45.4000
 8473 | 7.115 | 10.618 |   0.388 |  55.3000
 8474 | 6.516 | 11.004 |   0.369 |  56.8000
 8475 | 6.663 | 10.921 |   0.363 |  43.7000
 8476 | 6.623 | 10.935 |   0.319 |  53.7333
 8477 | 6.660 | 11.057 |   0.363 |  67.1000
 8478 | 7.153 | 10.669 |   0.379 |  46.9333
 8479 | 7.195 | 10.715 |   0.360 |  57.0000
 8480 | 7.195 | 10.715 |   0.360 |  63.9000
 8481 | 6.900 | 10.831 |   0.410 |  65.3667
 8482 | 6.590 | 10.831 |   0.410 |  47.1000
 8483 | 6.500 | 10.954 |   0.351 |  39.8333
 8484 | 6.500 | 10.954 |   0.351 |  40.4000
 8485 | 7.103 | 11.112 |   0.242 |  51.9667
 8486 | 6.596 | 11.359 |   0.352 |  62.1333
 8487 | 6.708 | 10.913 |   0.247 |  36.1333
 8488 | 6.709 | 10.946 |   0.356 |  58.7667
 8489 | 6.843 | 11.095 |   0.323 |  60.3000
 8490 | 6.681 | 10.966 |   0.347 |  58.7000
 8491 | 6.589 | 11.027 |   0.319 |  70.4000
 8492 | 6.656 | 10.412 |   0.312 |  35.4333
 8493 | 6.660 | 10.644 |   0.339 |  68.7000
 8494 | 6.656 | 11.236 |   0.372 |  60.3333
 8495 | 6.875 | 10.871 |   0.320 |  67.0333
 8496 | 6.730 | 11.257 |   0.270 |  55.2667
 8497 | 6.880 | 11.458 |   0.273 |  23.6000
 8498 | 6.989 | 10.867 |   0.354 |  50.7333
 8499 | 6.555 | 11.229 |   0.335 |  57.9667
 8500 | 6.954 | 10.822 |   0.370 |  75.4000
 8501 | 6.879 | 11.286 |   0.295 |  53.6667
 8502 | 7.056 | 10.970 |   0.357 |  65.3667
 8503 | 6.843 | 11.095 |   0.330 |  48.6333
 8504 | 7.311 | 11.379 |   0.311 |  57.0667
 8505 | 7.080 | 11.265 |   0.320 |  75.4000
 8506 | 6.981 | 11.785 |   0.318 |  56.9667
 8507 | 6.876 | 11.785 |   0.318 |  56.9667
 8508 | 6.933 |  9.982 |   0.343 |  90.5000
 8509 | 7.685 | 11.039 |   0.325 |  58.7000
 8510 | 7.053 |  9.877 |   0.319 |  45.3667
 8511 | 7.051 | 10.728 |   0.322 |  60.3000
 8512 | 7.697 | 11.533 |   0.312 |  57.0333
 8513 | 7.325 | 10.173 |   0.247 |  60.5333
 8514 | 6.822 | 10.475 |   0.371 |  83.7667
 8515 | 6.582 | 11.647 |   0.367 |  82.0667
 8516 | 6.805 | 10.511 |   0.397 |  58.7000
 8517 | 7.377 | 10.693 |   0.366 |  66.0333
 8518 | 6.735 | 12.000 |   0.386 |  21.9667
 8519 | 6.639 | 11.185 |   0.354 |  62.0333
 8520 | 6.813 | 10.923 |   0.369 |  53.7667
 8521 | 6.710 | 11.484 |   0.345 |  51.9667
 8522 | 7.214 | 11.072 |   0.435 |  48.6000
 8523 | 7.116 | 10.415 |   0.368 |  34.1000
 8524 | 6.972 | 10.608 |   0.413 |  28.1333
 8525 | 6.879 | 10.960 |   0.422 |  62.1000
 8526 | 7.257 | 10.711 |   0.367 |  38.6000
 8527 | 6.902 | 11.508 |   0.460 |  50.9667
 8528 | 6.991 | 11.627 |   0.405 |  62.1000
 8529 | 7.148 | 10.951 |   0.317 |  62.0333
 8530 | 7.187 |  9.953 |   0.297 |  47.0000
 8531 | 7.214 | 10.083 |   0.309 |  57.0000
 8532 | 7.214 | 10.083 |   0.309 |  57.0000
 8533 | 7.139 | 10.863 |   0.390 |  63.6667
 8534 | 7.214 | 10.197 |   0.240 |  50.6333
 8535 | 7.306 | 10.117 |   0.346 |  38.6667
 8536 | 7.285 | 10.317 |   0.357 |  54.2333
 8537 | 7.117 | 10.440 |   0.365 |  55.4000
 8538 | 7.117 | 10.440 |   0.365 |  93.8333
 8539 | 7.698 | 10.644 |   0.451 |  47.0000
 8540 | 7.311 | 10.598 |   0.360 |  58.7667
 8541 | 7.410 | 11.089 |   0.354 |  65.4000
 8542 | 7.357 | 10.533 |   0.394 |  57.0000
 8543 | 7.470 | 10.696 |   0.383 |  53.8333
 8544 | 7.460 | 10.762 |   0.382 |  52.0000
 8545 | 7.432 | 10.695 |   0.375 |  65.3333
 8546 | 7.410 | 11.233 |   0.346 |  57.0333
 8547 | 7.213 | 10.937 |   0.315 |  80.5333
 8548 | 7.432 |  9.572 |   0.380 |  70.4000
 8549 | 7.994 | 10.887 |   0.380 |  57.0667
 8550 | 7.152 | 10.012 |   0.348 |  44.7667
 8551 | 7.505 | 10.775 |   0.357 |  72.1000
 8552 | 7.829 | 10.647 |   0.368 |  63.7333
 8553 | 7.219 | 11.119 |   0.373 |  53.7667
 8554 | 7.261 | 10.797 |   0.364 |  51.9667
 8555 | 7.310 | 11.267 |   0.375 |  44.8667
 8556 | 8.447 | 10.939 |   0.367 |  60.4667
 8557 | 7.786 | 10.761 |   0.337 |  47.3000
 8558 | 7.727 | 10.777 |   0.345 |  50.4000
 8559 | 8.216 | 10.995 |   0.333 |  83.8000
 8560 | 8.000 |  9.713 |   0.410 |  55.2667
 8561 | 8.351 | 11.004 |   0.335 |  73.7333
 8562 | 7.993 |  9.727 |   0.344 |  52.1000
 8563 | 7.994 |  9.783 |   0.343 |  63.7333
 8564 | 7.996 | 10.026 |   0.338 |  60.3333
 8565 | 8.024 | 10.620 |   0.429 |  48.6333
 8566 | 8.099 | 10.804 |   0.371 |  68.7667
 8567 | 7.990 | 10.487 |   0.395 |  46.9333
 8568 | 7.991 | 10.707 |   0.364 |  53.6667
 8569 | 7.600 |  9.871 |   0.237 |  80.2333
 8570 | 7.600 |  9.871 |   0.237 |  48.8333
 8571 | 7.861 | 10.477 |   0.349 |  60.9333
 8572 | 7.124 | 10.582 |   0.311 |  60.3000
 8573 | 7.921 | 11.094 |   0.326 |  46.9333
 8574 | 8.103 | 10.165 |   0.257 |  72.1000
 8575 | 7.630 | 10.296 |   0.302 |  65.3667
 8576 | 8.073 | 10.258 |   0.245 |  59.7333
 8577 | 7.872 | 10.065 |   0.286 |  57.0000
 8578 | 7.397 | 10.845 |   0.291 |  88.8000
 8579 | 7.670 | 10.869 |   0.259 |  62.0333
 8580 | 7.733 | 10.427 |   0.285 |  48.7333
 8581 | 7.509 | 10.601 |   0.270 |  82.0667
 8582 | 7.779 | 10.318 |   0.273 |  55.3000
 8583 | 7.499 | 10.468 |   0.273 |  83.7667
 8584 | 7.369 | 10.750 |   0.260 |  63.8333
 8585 | 7.461 |  9.789 |   0.273 |  48.8000
 8586 | 7.245 | 10.577 |   0.262 |  56.1000
 8587 | 7.420 | 10.782 |   0.342 |  78.7667
 8588 | 7.507 | 10.611 |   0.364 |  62.1000
 8589 | 7.304 | 10.645 |   0.264 |  62.0333
 8590 | 7.783 | 10.819 |   0.256 |  68.7000
 8591 | 7.657 | 10.802 |   0.292 |  78.7333
 8592 | 7.875 | 10.837 |   0.238 |  60.3667
 8593 | 7.792 | 11.106 |   0.247 |  62.0333
 8594 | 7.748 | 10.716 |   0.247 |  67.0667
 8595 | 7.756 | 10.873 |   0.252 |  72.1000
 8596 | 7.815 | 10.753 |   0.280 |  60.3000
 8597 | 7.811 | 10.762 |   0.379 |  52.4667
 8598 | 7.189 | 11.032 |   0.341 |  83.8000
 8599 | 7.615 | 10.820 |   0.230 |  68.6667
 8600 | 7.528 | 11.224 |   0.268 |  65.4000
 8601 | 7.528 | 11.224 |   0.268 |  51.9667
 8602 | 8.105 | 10.332 |   0.263 |  41.9000
 8603 | 7.437 | 10.649 |   0.537 |  58.7667
 8604 | 8.360 | 10.670 |   0.273 |  57.0000
 8605 | 7.713 |  9.828 |   0.355 |  62.0333
 8606 | 8.561 | 10.778 |   0.297 |  78.7667
 8607 | 8.019 | 10.150 |   0.221 |  64.3333
 8608 | 7.944 | 10.188 |   0.300 |  65.3667
 8609 | 8.208 | 10.713 |   0.307 |  53.6667
 8610 | 7.605 | 10.130 |   0.340 |  78.7667
 8611 | 7.953 |  9.993 |   0.310 |  54.8333
 8612 | 7.776 | 10.203 |   0.319 |  77.2000
 8613 | 7.776 | 10.203 |   0.319 |  70.4000
 8614 | 8.166 | 11.156 |   0.254 |  72.7667
 8615 | 7.809 | 10.130 |   0.294 |  43.6667
 8616 | 7.454 | 11.663 |   0.267 |  52.0667
 8617 | 7.810 | 10.101 |   0.307 |  45.4000
 8618 | 7.872 | 10.282 |   0.384 |  63.1667
 8619 | 7.869 | 10.070 |   0.296 |  72.0333
 8620 | 7.869 | 10.070 |   0.296 |  60.4667
 8621 | 7.892 | 10.467 |   0.332 |  62.6333
 8622 | 7.288 | 10.202 |   0.375 |  67.3667
 8623 | 7.841 | 10.777 |   0.344 |  56.9000
 8624 | 7.849 | 10.849 |   0.348 |  83.2000
 8625 | 7.901 | 10.320 |   0.340 |  70.4000
 8626 | 7.616 |  9.952 |   0.271 |  55.2667
 8627 | 7.254 |  9.977 |   0.325 |  67.1333
 8628 | 7.550 |  9.975 |   0.319 |  38.2333
 8629 | 7.952 | 10.334 |   0.324 |  75.4333
 8630 | 7.663 | 10.187 |   0.357 |  57.1000
 8631 | 7.521 | 10.104 |   0.385 |  50.2000
 8632 | 7.506 |  9.994 |   0.357 |  75.4000
 8633 | 7.768 | 10.406 |   0.263 |  45.9000
 8634 | 7.804 | 10.907 |   0.380 |  42.1667
 8635 | 7.816 | 10.365 |   0.341 |  63.7333
 8636 | 7.383 | 10.075 |   0.425 |  60.3000
 8637 | 7.438 | 10.423 |   0.364 |  57.0667
 8638 | 7.265 | 10.027 |   0.258 |  45.4000
 8639 | 7.284 | 10.199 |   0.373 |  60.3667
 8640 | 7.284 | 10.199 |   0.373 |  48.2667
 8641 | 6.807 | 10.142 |   0.368 |  45.2333
 8642 | 7.228 | 10.255 |   0.345 |  43.7000
 8643 | 7.077 | 10.065 |   0.297 |  43.6333
 8644 | 7.426 |  9.827 |   0.347 |  45.2667
 8645 | 6.884 |  9.978 |   0.310 |  53.2667
 8646 | 7.426 |  9.851 |   0.347 |  44.1333
 8647 | 7.412 |  9.988 |   0.357 |  73.7000
 8648 | 7.344 | 10.130 |   0.367 |  75.4333
 8649 | 7.193 | 10.001 |   0.313 |  65.3333
 8650 | 7.354 |  9.988 |   0.358 |  33.8667
 8651 | 7.295 |  9.304 |   0.237 |  67.0667
 8652 | 6.908 | 10.009 |   0.271 |  67.1333
 8653 | 6.961 |  9.995 |   0.285 |  68.7667
 8654 | 6.961 |  9.995 |   0.285 |  51.6000
 8655 | 7.139 |  8.872 |   0.273 |  75.4000
 8656 | 7.067 |  9.796 |   0.232 |  65.3667
 8657 | 7.038 |  9.590 |   0.285 |  97.1667
 8658 | 7.038 |  9.590 |   0.285 |  45.3667
 8659 | 6.982 |  9.640 |   0.259 |  65.3667
 8660 | 7.342 |  8.939 |   0.379 |  53.6667
 8661 | 6.689 |  9.902 |   0.283 |  42.1333
 8662 | 6.973 |  9.493 |   0.284 |  40.3667
 8663 | 7.073 |  9.886 |   0.286 |  52.0333
 8664 | 7.212 | 10.158 |   0.304 |  51.9333
 8665 | 7.081 |  9.895 |   0.286 |  45.3333
 8666 | 7.268 | 10.070 |   0.295 |  78.7333
 8667 | 7.091 | 10.262 |   0.286 |  57.0000
 8668 | 7.091 | 10.265 |   0.286 |  47.0333
 8669 | 7.124 | 10.345 |   0.313 |  70.4000
 8670 | 6.964 | 10.183 |   0.288 |  83.7667
 8671 | 7.239 | 10.154 |   0.173 |  76.4333
 8672 | 6.624 | 10.205 |   0.289 |  70.3667
 8673 | 7.105 | 10.258 |   0.329 |  62.0333
 8674 | 6.868 |  9.295 |   0.428 |  53.7333
 8675 | 6.950 |  9.411 |   0.311 |  70.3667
 8676 | 6.979 | 10.914 |   0.245 |  49.1000
 8677 | 7.017 |  9.350 |   0.409 |  63.6333
 8678 | 7.024 |  9.577 |   0.419 |  50.3000
 8679 | 6.871 |  9.829 |   0.345 |  75.4000
 8680 | 7.223 |  9.548 |   0.216 |  52.9000
 8681 | 6.935 | 10.301 |   0.376 |  49.6000
 8682 | 6.808 | 10.016 |   0.327 |  52.0333
 8683 | 6.820 | 10.003 |   0.327 |  46.9667
 8684 | 7.038 |  9.924 |   0.340 |  46.9667
 8685 | 6.942 |  9.883 |   0.353 |  42.8000
 8686 | 6.934 | 10.259 |   0.357 |  53.6667
 8687 | 7.077 |  8.434 |   0.356 |  47.0333
 8688 | 7.214 |  9.751 |   0.340 |  27.0000
 8689 | 7.265 |  8.153 |   0.345 |  51.9667
 8690 | 7.259 |  8.503 |   0.349 |  47.0000
 8691 | 7.409 | 10.037 |   0.363 |  77.0333
 8692 | 7.315 |  8.747 |   0.336 |  60.4667
 8693 | 6.815 |  9.652 |   0.357 |  51.9333
 8694 | 7.302 |  9.150 |   0.346 |  52.0000
 8695 | 7.213 |  8.695 |   0.353 |  70.4000
 8696 | 8.186 |  9.576 |   0.350 |  59.8667
 8697 | 7.548 | 10.090 |   0.333 |  55.1333
 8698 | 7.655 |  9.221 |   0.353 |  62.0333
 8699 | 7.606 |  9.408 |   0.424 |  60.3000
 8700 | 7.778 |  9.625 |   0.327 |  72.0667
 8701 | 7.474 |  9.703 |   0.421 |  52.0333
 8702 | 7.511 |  9.630 |   0.388 |  57.0000
 8703 | 7.854 |  9.801 |   0.426 |  28.7333
 8704 | 8.204 |  9.734 |   0.404 |  60.4000
 8705 | 7.519 |  9.899 |   0.508 |  72.0667
 8706 | 7.567 |  9.866 |   0.488 |  60.4000
 8707 | 7.716 |  9.573 |   0.375 |  53.6667
 8708 | 7.963 | 10.204 |   0.376 |  56.6000
 8709 | 7.925 | 10.054 |   0.293 |  68.7000
 8710 | 7.611 | 10.472 |   0.423 |  41.9667
 8711 | 7.908 |  9.831 |   0.422 |  53.6333
 8712 | 7.755 | 10.007 |   0.420 |  57.0333
 8713 | 7.701 | 10.239 |   0.406 |  65.3667
 8714 | 8.169 | 11.282 |   0.406 |  60.3000
 8715 | 7.538 |  9.857 |   0.446 |  82.0667
 8716 | 7.737 | 10.360 |   0.418 |  53.7667
 8717 | 7.569 |  9.493 |   0.421 |  46.9333
 8718 | 7.561 |  9.369 |   0.470 |  51.2000
 8719 | 7.525 |  9.156 |   0.431 |  62.2667
 8720 | 7.623 |  9.650 |   0.350 |  50.3667
 8721 | 7.862 |  9.564 |   0.386 |  50.2667
 8722 | 7.796 |  9.601 |   0.441 |  65.3333
 8723 | 7.552 |  9.792 |   0.476 |  68.1000
 8724 | 7.757 |  9.585 |   0.433 |  25.6667
 8725 | 7.387 |  9.699 |   0.569 |  33.6000
 8726 | 7.714 |  9.779 |   0.423 |  48.7333
 8727 | 7.434 |  9.505 |   0.320 |  38.6000
 8728 | 7.773 |  9.475 |   0.491 |  48.7000
 8729 | 7.755 | 10.144 |   0.421 |  46.9333
 8730 | 7.704 |  9.357 |   0.339 |  65.3333
 8731 | 7.080 | 10.071 |   0.292 |  55.2000
 8732 | 7.222 |  9.878 |   0.369 |  43.6667
 8733 | 8.088 |  9.644 |   0.380 |  55.5000
 8734 | 7.181 |  9.799 |   0.319 |  57.1000
 8735 | 7.252 |  9.475 |   0.443 |  46.9333
 8736 | 7.281 |  9.499 |   0.342 |  53.7667
 8737 | 7.271 |  9.638 |   0.409 |  61.9667
 8738 | 7.382 |  9.512 |   0.336 |  60.9333
 8739 | 7.552 |  9.047 |   0.354 |  30.3000
 8740 | 7.188 |  8.914 |   0.345 |  51.9667
 8741 | 7.226 |  9.277 |   0.346 |  88.8000
 8742 | 6.828 |  9.579 |   0.361 |  56.2667
 8743 | 7.221 |  9.345 |   0.342 |  60.3333
 8744 | 6.973 |  9.616 |   0.351 |  40.7000
 8745 | 7.235 |  9.368 |   0.347 |  77.2000
 8746 | 7.744 |  9.481 |   0.354 |  43.6000
 8747 | 7.162 |  9.385 |   0.369 |  56.9667
 8748 | 7.336 |  9.628 |   0.285 |  51.9667
 8749 | 7.948 |  9.428 |   0.340 |  57.0000
 8750 | 7.508 |  9.698 |   0.355 |  47.0000
 8751 | 7.403 |  9.433 |   0.366 |  51.9667
 8752 | 7.461 |  9.679 |   0.389 |  41.8000
 8753 | 7.559 |  9.517 |   0.342 |  45.3000
 8754 | 7.630 |  9.747 |   0.295 |  38.3333
 8755 | 7.594 |  9.707 |   0.399 |  51.9667
 8756 | 7.546 |  9.616 |   0.367 |  43.7000
 8757 | 7.643 |  9.763 |   0.309 |  65.3333
 8758 | 8.020 | 10.044 |   0.323 |  45.4333
 8759 | 7.482 |  9.984 |   0.377 |  41.9333
 8760 | 7.846 |  9.905 |   0.393 |  73.7000
 8761 | 7.678 | 10.484 |   0.361 |  53.6667
 8762 | 7.334 | 10.178 |   0.369 |  73.7333
 8763 | 7.334 | 10.178 |   0.369 |  51.5667
 8764 | 7.796 |  9.339 |   0.369 |  72.0667
 8765 | 7.796 |  9.339 |   0.369 |  52.0000
 8766 | 7.741 |  9.961 |   0.340 |  60.3667
 8767 | 7.368 | 10.006 |   0.317 |  45.3667
 8768 | 7.498 | 10.008 |   0.319 |  55.4667
 8769 | 7.502 | 10.005 |   0.319 |  43.8000
 8770 | 7.403 |  9.998 |   0.327 |  95.1333
 8771 | 7.190 | 10.381 |   0.283 |  62.0000
 8772 | 7.283 | 10.344 |   0.173 |  71.0333
 8773 | 7.442 | 10.323 |   0.227 |  93.8667
 8774 | 7.549 | 10.061 |   0.341 |  58.6333
 8775 | 7.549 | 10.061 |   0.341 |  65.5333
 8776 | 7.531 | 10.120 |   0.243 |  49.7000
 8777 | 7.525 | 10.066 |   0.334 |  62.0667
 8778 | 7.525 | 10.066 |   0.334 |  50.2667
 8779 | 7.159 |  9.395 |   0.272 |  60.3667
 8780 | 7.379 | 10.120 |   0.256 |  53.5667
 8781 | 7.306 | 10.035 |   0.422 |  46.6333
 8782 | 7.663 |  9.971 |   0.192 |  58.7000
 8783 | 7.306 | 10.035 |   0.422 |  77.0667
 8784 | 7.268 |  9.996 |   0.346 |  73.7000
 8785 | 7.306 | 10.035 |   0.422 |  63.6333
 8786 | 7.369 |  9.987 |   0.328 |  60.2333
 8787 | 6.736 |  9.473 |   0.408 |  95.4667
 8788 | 7.239 |  9.347 |   0.391 |  65.3667
 8789 | 7.451 | 10.148 |   0.363 |  62.4667
 8790 | 7.419 | 10.358 |   0.223 |  59.6333
 8791 | 7.368 |  9.665 |   0.390 |  73.7000
 8792 | 7.311 | 10.305 |   0.278 |  57.0333
 8793 | 7.320 |  9.965 |   0.356 |  73.7000
 8794 | 7.180 |  9.758 |   0.405 |  69.7000
 8795 | 7.209 | 10.045 |   0.327 |  48.7000
 8796 | 7.373 |  9.908 |   0.355 |  58.6333
 8797 | 6.981 |  9.863 |   0.370 |  47.1333
 8798 | 7.391 |  9.902 |   0.337 |  49.7333
 8799 | 7.391 |  9.902 |   0.337 |  41.7667
 8800 | 7.552 | 10.657 |   0.369 |  55.3333
 8801 | 7.079 |  9.894 |   0.340 |  63.7333
 8802 | 7.441 | 10.042 |   0.366 |  62.0333
 8803 | 7.542 | 10.457 |   0.356 |  68.7333
 8804 | 7.575 |  9.870 |   0.417 |  33.5333
 8805 | 7.425 |  9.972 |   0.398 |  52.0333
 8806 | 7.556 | 10.138 |   0.389 |  21.8667
 8807 | 7.481 | 10.108 |   0.313 |  58.7000
 8808 | 7.642 |  9.868 |   0.351 |  78.7333
 8809 | 7.615 | 10.030 |   0.364 |  50.2667
 8810 | 7.464 | 10.369 |   0.359 |  26.8333
 8811 | 8.004 | 10.257 |   0.356 |  51.9333
 8812 | 7.508 | 10.143 |   0.337 |  53.4667
 8813 | 7.977 | 10.388 |   0.348 |  47.4333
 8814 | 7.779 | 10.301 |   0.346 |  62.0333
 8815 | 7.767 | 10.435 |   0.347 |  48.7333
 8816 | 7.826 | 10.326 |   0.358 |  30.3000
 8817 | 7.862 | 10.379 |   0.310 |  53.8667
 8818 | 8.079 | 10.995 |   0.327 |  53.8000
 8819 | 8.021 | 10.928 |   0.331 |  41.9333
 8820 | 7.581 | 10.340 |   0.360 |  33.5333
 8821 | 7.583 | 10.339 |   0.360 |  43.7667
 8822 | 7.706 | 10.650 |   0.343 |  33.5667
 8823 | 7.706 | 10.650 |   0.343 |  26.9333
 8824 | 7.582 | 11.002 |   0.358 |  60.3333
 8825 | 7.549 | 10.901 |   0.346 |  43.7667
 8826 | 7.728 |  9.840 |   0.369 |  67.1333
 8827 | 7.728 |  9.840 |   0.369 |  59.1333
 8828 | 7.619 | 10.693 |   0.453 |  73.7333
 8829 | 7.743 | 10.313 |   0.342 |  41.9333
 8830 | 7.428 | 11.119 |   0.352 |  52.0667
 8831 | 7.792 | 10.862 |   0.404 |  68.7667
 8832 | 7.792 | 10.862 |   0.404 |  73.7333
 8833 | 7.634 |  9.964 |   0.375 |  62.1000
 8834 | 7.474 | 11.115 |   0.375 |  35.3000
 8835 | 7.791 | 11.185 |   0.333 |  55.3667
 8836 | 7.582 | 12.000 |   0.338 |  51.9667
 8837 | 7.538 | 11.427 |   0.363 |  60.3667
 8838 | 7.470 | 11.396 |   0.371 |  53.7333
 8839 | 7.959 | 10.987 |   0.415 |  55.3000
 8840 | 7.763 | 11.664 |   0.318 |  74.9000
 8841 | 7.783 | 11.689 |   0.329 |  57.8000
 8842 | 7.633 | 11.599 |   0.343 |  42.0667
 8843 | 7.500 | 11.332 |   0.414 |  50.3333
 8844 | 7.880 | 11.613 |   0.347 |  57.0000
 8845 | 7.904 | 11.829 |   0.333 |  83.7667
 8846 | 7.263 | 11.556 |   0.372 |  43.6667
 8847 | 7.777 | 11.685 |   0.361 |  43.6667
 8848 | 7.855 | 11.912 |   0.365 |  60.3000
 8849 | 7.782 | 11.627 |   0.403 |  32.2000
 8850 | 7.178 | 11.958 |   0.372 |  55.4667
 8851 | 7.852 | 12.000 |   0.362 |  51.9667
 8852 | 7.882 | 11.414 |   0.338 |  50.3333
 8853 | 7.114 | 12.000 |   0.287 |  58.7667
 8854 | 7.542 | 11.728 |   0.395 |  35.2667
 8855 | 7.257 | 11.891 |   0.293 |  43.7000
 8856 | 8.359 | 11.300 |   0.356 |  55.3000
 8857 | 8.104 | 11.397 |   0.343 |  62.0333
 8858 | 7.242 | 11.295 |   0.347 |  33.5000
 8859 | 8.302 | 11.355 |   0.361 |  58.7000
 8860 | 7.925 | 11.471 |   0.352 |  33.6333
 8861 | 8.076 | 11.455 |   0.351 |  55.2667
 8862 | 8.198 | 11.382 |   0.381 |  60.3333
 8863 | 8.457 | 11.083 |   0.363 |  62.0333
 8864 | 8.277 | 11.367 |   0.268 |  43.7000
 8865 | 7.907 | 11.169 |   0.282 |  48.7000
 8866 | 8.107 | 11.368 |   0.335 |  43.5667
 8867 | 8.107 | 11.368 |   0.335 |  46.9333
 8868 | 8.107 | 11.368 |   0.335 |  51.9667
 8869 | 7.997 | 11.496 |   0.329 |  50.3000
 8870 | 8.140 | 11.686 |   0.356 |  83.7667
 8871 | 8.045 | 10.993 |   0.326 |  55.3000
 8872 | 7.723 | 11.051 |   0.272 |  38.4667
 8873 | 8.193 | 11.343 |   0.332 |  38.6333
 8874 | 6.982 | 11.410 |   0.292 |  47.0000
 8875 | 7.542 | 11.360 |   0.300 |  48.6333
 8876 | 8.701 | 11.356 |   0.386 |  62.0333
 8877 | 7.539 | 11.687 |   0.379 |  56.7667
 8878 | 8.125 | 11.455 |   0.400 |  38.6667
 8879 | 8.343 | 11.326 |   0.380 |  83.7667
 8880 | 8.375 | 11.389 |   0.379 |  56.9667
 8881 | 8.364 | 11.349 |   0.376 |  48.6667
 8882 | 8.349 | 11.333 |   0.358 |  57.0667
 8883 | 8.336 | 11.355 |   0.383 |  67.1333
 8884 | 7.823 | 11.224 |   0.449 |  43.6667
 8885 | 8.097 | 11.176 |   0.412 |  40.4667
 8886 | 8.132 | 11.250 |   0.324 |  53.7667
 8887 | 8.567 | 10.576 |   0.543 |  45.2333
 8888 | 8.260 | 11.211 |   0.362 |  57.0667
 8889 | 8.912 | 10.474 |   0.471 |  50.3333
 8890 | 8.051 | 10.722 |   0.352 |  46.9667
 8891 | 8.572 | 10.421 |   0.436 |  46.9333
 8892 | 8.804 | 10.562 |   0.417 |  55.2667
 8893 | 8.776 | 11.500 |   0.275 |  36.1333
 8894 | 8.056 | 11.412 |   0.311 |  46.9333
 8895 | 8.613 | 10.890 |   0.378 |  62.0000
 8896 | 8.352 | 11.061 |   0.354 |  42.5333
 8897 | 8.643 | 10.257 |   0.323 |  62.3667
 8898 | 8.408 | 10.936 |   0.385 |  77.0333
 8899 | 8.378 | 11.082 |   0.330 |  78.7333
 8900 | 8.441 | 10.170 |   0.332 |  50.3333
 8901 | 8.242 | 11.332 |   0.355 |  35.7000
 8902 | 8.211 | 10.733 |   0.307 |  57.1000
 8903 | 7.972 |  9.746 |   0.336 |  38.5667
 8904 | 7.749 |  9.905 |   0.326 |  60.3333
 8905 | 8.446 | 11.313 |   0.363 |  35.6667
 8906 | 8.443 | 11.293 |   0.328 |  57.0000
 8907 | 8.404 | 11.180 |   0.326 |  75.5000
 8908 | 8.061 | 11.380 |   0.362 |  72.1667
 8909 | 8.008 | 10.271 |   0.336 |  80.4333
 8910 | 7.763 | 11.233 |   0.361 |  86.6667
 8911 | 8.353 |  9.711 |   0.351 |  80.4667
 8912 | 9.000 | 11.020 |   0.379 |  38.5667
 8913 | 8.133 | 11.243 |   0.297 |  83.0333
 8914 | 8.370 | 11.041 |   0.376 |  65.3667
 8915 | 8.485 | 11.322 |   0.370 |  71.2333
 8916 | 8.582 | 11.560 |   0.365 |  70.4000
 8917 | 8.508 | 11.130 |   0.347 |  40.4667
 8918 | 8.745 | 11.656 |   0.371 |  78.7000
 8919 | 9.000 | 11.516 |   0.363 |  36.9667
 8920 | 8.631 | 11.555 |   0.370 |  40.3667
 8921 | 8.606 | 10.937 |   0.369 |  40.8667
 8922 | 8.597 | 11.104 |   0.368 |  48.6000
 8923 | 8.455 | 11.188 |   0.360 |  55.3000
 8924 | 8.278 | 11.188 |   0.474 |  43.6000
 8925 | 8.304 | 11.210 |   0.452 |  41.9667
 8926 | 8.072 | 11.338 |   0.342 |  40.1667
 8927 | 8.377 | 11.007 |   0.338 |  60.3333
 8928 | 8.322 | 10.917 |   0.322 |  55.4333
 8929 | 8.322 | 10.917 |   0.322 |  52.0667
 8930 | 8.343 | 10.917 |   0.322 |  63.8000
 8931 | 8.337 | 10.685 |   0.372 |  25.2667
 8932 | 8.337 | 10.685 |   0.372 |  41.8667
 8933 | 8.390 | 10.900 |   0.370 |  47.0000
 8934 | 8.366 | 10.703 |   0.368 |  51.9667
 8935 | 8.425 | 11.035 |   0.368 |  50.2667
 8936 | 8.441 | 10.798 |   0.390 |  20.9000
 8937 | 9.000 | 10.748 |   0.384 |  65.3667
 8938 | 8.722 | 10.954 |   0.375 |  54.4667
 8939 | 8.553 | 10.462 |   0.370 |  58.7000
 8940 | 8.260 | 10.920 |   0.364 |  88.8000
 8941 | 8.935 | 11.586 |   0.380 |  72.1333
 8942 | 8.599 |  9.655 |   0.365 |  63.6333
 8943 | 8.412 | 10.529 |   0.373 |  71.0000
 8944 | 8.210 |  9.685 |   0.424 |  38.7333
 8945 | 8.381 | 10.064 |   0.290 |  63.7000
 8946 | 7.907 | 10.070 |   0.364 |  47.0333
 8947 | 8.179 | 10.222 |   0.396 |  44.5333
 8948 | 8.274 | 10.156 |   0.309 |  56.9667
 8949 | 8.297 | 10.409 |   0.381 |  93.8333
 8950 | 8.576 |  9.852 |   0.365 |  60.4667
 8951 | 8.377 | 10.425 |   0.356 |  70.4000
 8952 | 8.424 | 10.658 |   0.376 |  57.0667
 8953 | 8.580 | 10.220 |   0.357 |  49.6667
 8954 | 8.580 | 10.220 |   0.357 |  42.8333
 8955 | 8.796 | 10.228 |   0.335 |  78.7333
 8956 | 8.629 | 10.400 |   0.366 |  48.6667
 8957 | 8.095 | 10.981 |   0.367 |  72.0667
 8958 | 8.542 | 10.531 |   0.377 |  58.7333
 8959 | 8.608 | 10.615 |   0.303 |  49.0333
 8960 | 8.498 | 11.307 |   0.362 |  58.1333
 8961 | 8.790 | 10.529 |   0.333 |  45.3000
 8962 | 8.757 | 10.109 |   0.364 |  43.5000
 8963 | 7.957 | 10.720 |   0.358 |  48.6333
 8964 | 8.815 | 10.305 |   0.378 |  58.6333
 8965 | 8.248 | 10.616 |   0.353 |  61.9667
 8966 | 8.771 | 10.311 |   0.377 |  41.2000
 8967 | 7.533 | 10.539 |   0.361 |  51.9667
 8968 | 8.732 | 10.311 |   0.377 |  65.3333
 8969 | 8.502 | 11.005 |   0.367 |  38.6000
 8970 | 8.743 | 10.455 |   0.377 |  48.6000
 8971 | 8.696 | 10.109 |   0.328 |  48.6333
 8972 | 8.783 | 10.216 |   0.332 |  38.6000
 8973 | 8.775 | 10.201 |   0.357 |  38.6667
 8974 | 8.848 | 10.105 |   0.423 |  26.9333
 8975 | 8.783 | 10.286 |   0.357 |  45.9333
 8976 | 8.786 | 10.168 |   0.357 |  34.8667
 8977 | 8.712 | 10.541 |   0.314 |  54.1667
 8978 | 8.748 | 10.401 |   0.335 |  92.1333
 8979 | 8.653 | 10.341 |   0.352 |  53.7333
 8980 | 8.663 | 10.702 |   0.324 |  62.1000
 8981 | 8.655 | 10.407 |   0.362 |  53.7333
 8982 | 8.979 | 10.377 |   0.298 |  82.1333
 8983 | 8.370 | 10.701 |   0.342 |  58.7000
 8984 | 8.703 | 10.281 |   0.342 |  77.0333
 8985 | 8.710 | 10.382 |   0.367 |  60.3333
 8986 | 9.000 |  9.668 |   0.287 |  44.4667
 8987 | 8.819 | 10.170 |   0.303 |  59.7333
 8988 | 8.838 | 10.416 |   0.358 |  70.4667
 8989 | 8.721 | 10.559 |   0.360 |  66.9667
 8990 | 8.792 | 10.571 |   0.377 |  66.3000
 8991 | 8.767 | 10.503 |   0.337 |  62.3000
 8992 | 8.924 | 10.062 |   0.345 |  48.7000
 8993 | 8.991 | 10.380 |   0.368 |  62.0333
 8994 | 8.941 | 10.884 |   0.372 |  51.9667
 8995 | 8.955 | 10.924 |   0.301 |  47.0333
 8996 | 8.935 | 10.235 |   0.360 |  51.9667
 8997 | 8.803 | 10.595 |   0.348 |  51.5000
 8998 | 8.825 | 10.398 |   0.362 |  53.7667
 8999 | 8.999 | 10.409 |   0.354 |  65.4333
 9000 | 8.894 | 10.607 |   0.395 |  38.6000
 9001 | 8.989 | 10.507 |   0.358 |  38.5667
 9002 | 8.403 | 10.434 |   0.308 |  38.9667
 9003 | 8.989 | 10.507 |   0.358 |  78.7333
 9004 | 8.573 | 10.455 |   0.323 |  70.4000
 9005 | 8.599 | 10.532 |   0.332 |  97.1667
 9006 | 8.824 | 10.125 |   0.373 |  47.1333
 9007 | 8.506 | 10.459 |   0.333 |  78.7333
 9008 | 8.574 | 10.374 |   0.341 |  73.7000
 9009 | 8.994 | 10.173 |   0.361 |  39.8333
 9010 | 8.648 | 10.044 |   0.382 |  53.2000
 9011 | 8.620 | 10.372 |   0.338 |  41.9333
 9012 | 8.397 | 10.967 |   0.362 |  78.7333
 9013 | 8.562 | 10.339 |   0.346 |  62.0333
 9014 | 8.566 | 10.327 |   0.339 |  75.4333
 9015 | 8.175 | 10.736 |   0.353 |  68.6667
 9016 | 8.657 | 10.143 |   0.415 |  57.0667
 9017 | 7.896 | 10.454 |   0.311 |  52.0667
 9018 | 7.896 | 10.454 |   0.311 |  68.7000
 9019 | 8.211 | 10.677 |   0.349 |  50.2333
 9020 | 8.049 | 10.406 |   0.358 |  87.1000
 9021 | 7.727 | 10.069 |   0.321 |  83.7667
 9022 | 7.927 | 10.650 |   0.340 |  51.9333
 9023 | 7.975 | 10.480 |   0.330 |  60.3000
 9024 | 7.859 | 10.898 |   0.335 |  65.3333
 9025 | 7.304 | 11.047 |   0.330 |  46.9333
 9026 | 7.932 | 10.569 |   0.376 |  51.9667
 9027 | 8.360 | 10.754 |   0.369 |  60.3333
 9028 | 7.586 | 10.948 |   0.342 |  58.8000
 9029 | 6.961 | 10.781 |   0.348 |  51.9667
 9030 | 8.042 | 11.135 |   0.352 |  62.0333
 9031 | 8.397 | 10.773 |   0.361 |  62.0333
 9032 | 7.947 | 11.116 |   0.355 |  48.7333
 9033 | 8.467 | 11.224 |   0.363 |  65.3667
 9034 | 9.000 | 11.134 |   0.360 |  46.9333
 9035 | 7.986 | 10.645 |   0.371 |  38.6333
 9036 | 8.192 | 10.934 |   0.411 |  51.9667
 9037 | 8.314 | 10.959 |   0.365 |  60.5000
 9038 | 8.130 | 10.743 |   0.383 |  63.6667
 9039 | 8.107 | 10.945 |   0.371 |  65.3333
 9040 | 8.312 | 10.457 |   0.358 |  35.3667
 9041 | 8.289 | 10.528 |   0.363 |  42.8333
 9042 | 8.218 | 10.899 |   0.375 |  60.3333
 9043 | 8.262 | 10.670 |   0.367 |  63.6667
 9044 | 8.262 | 10.670 |   0.367 |  52.0333
 9045 | 8.171 | 11.406 |   0.264 |  65.3333
 9046 | 8.231 | 10.718 |   0.253 |  72.0000
 9047 | 8.237 | 10.691 |   0.280 |  48.6333
 9048 | 8.276 | 11.053 |   0.365 |  63.6333
 9049 | 8.276 | 11.053 |   0.365 |  75.4000
 9050 | 7.793 | 10.835 |   0.375 |  42.7333
 9051 | 8.020 | 11.145 |   0.316 |  80.5333
 9052 | 7.443 | 10.899 |   0.355 |  60.3333
 9053 | 8.211 | 10.955 |   0.381 |  50.3333
 9054 | 8.188 |  9.948 |   0.366 |  51.9667
 9055 | 7.408 | 10.767 |   0.382 |  55.6000
 9056 | 8.162 |  9.888 |   0.356 |  64.6000
 9057 | 7.884 | 11.129 |   0.293 |  77.0667
 9058 | 7.827 | 10.849 |   0.318 |  48.6333
 9059 | 7.710 | 10.765 |   0.363 |  65.3333
 9060 | 7.687 | 10.994 |   0.357 |  63.7000
 9061 | 7.764 | 10.971 |   0.360 |  53.6667
 9062 | 8.887 | 10.757 |   0.279 |  52.0000
 9063 | 8.026 | 11.706 |   0.384 |  73.7000
 9064 | 8.137 | 11.115 |   0.337 |  52.0000
 9065 | 8.145 | 11.414 |   0.360 |  48.7000
 9066 | 7.941 | 10.947 |   0.399 |  55.3000
 9067 | 7.698 | 10.964 |   0.373 |  78.7333
 9068 | 7.816 | 10.914 |   0.365 |  55.3000
 9069 | 7.717 | 11.256 |   0.336 |  40.3667
 9070 | 8.203 | 11.398 |   0.370 |  73.6667
 9071 | 8.223 | 11.169 |   0.353 |  55.7333
 9072 | 8.060 | 11.476 |   0.397 |  40.7667
 9073 | 8.127 | 11.499 |   0.379 |  43.5667
 9074 | 7.877 | 11.428 |   0.477 |  50.2667
 9075 | 8.066 | 11.442 |   0.422 |  53.6333
 9076 | 8.072 | 11.312 |   0.430 |  53.6000
 9077 | 7.670 | 11.497 |   0.407 |  55.3000
 9078 | 8.051 | 11.437 |   0.424 |  78.7333
 9079 | 7.863 | 11.514 |   0.421 |  50.2667
 9080 | 7.892 | 11.792 |   0.359 |  70.4000
 9081 | 8.334 | 11.519 |   0.362 |  48.6333
 9082 | 8.152 | 11.572 |   0.306 |  70.3667
 9083 | 8.306 | 11.622 |   0.364 |  53.7667
 9084 | 8.109 | 11.240 |   0.387 |  41.8333
 9085 | 7.774 | 11.045 |   0.391 |  43.7000
 9086 | 8.027 | 11.594 |   0.379 |  51.9333
 9087 | 8.455 | 11.582 |   0.377 |  31.6000
 9088 | 8.143 | 11.362 |   0.352 |  35.3333
 9089 | 8.427 | 11.596 |   0.378 |  63.6667
 9090 | 8.408 | 11.637 |   0.557 |  32.7000
 9091 | 7.962 | 11.666 |   0.325 |  60.3333
 9092 | 7.980 | 11.622 |   0.338 |  31.9000
 9093 | 8.132 | 12.000 |   0.388 |  60.4000
 9094 | 8.230 | 11.516 |   0.359 |  35.0000
 9095 | 8.510 | 11.654 |   0.493 |  45.2333
 9096 | 8.306 | 11.571 |   0.520 |  68.6667
 9097 | 8.583 | 11.544 |   0.382 |  50.2667
 9098 | 8.301 | 10.941 |   0.506 |  50.2667
 9099 | 8.195 | 11.660 |   0.450 |  41.9000
 9100 | 8.334 | 11.359 |   0.507 |  63.6333
 9101 | 8.946 | 12.000 |   0.369 |  26.9333
 9102 | 8.083 | 11.447 |   0.421 |  57.1667
 9103 | 8.064 | 11.458 |   0.419 |  44.7000
 9104 | 8.064 | 11.458 |   0.419 |  50.6000
 9105 | 8.323 | 11.131 |   0.385 |  46.9333
 9106 | 8.067 | 11.638 |   0.370 |  48.7000
 9107 | 8.545 | 11.258 |   0.379 |  37.2333
 9108 | 8.311 | 11.572 |   0.372 |  70.4000
 9109 | 8.153 | 11.372 |   0.459 |  60.3333
 9110 | 8.254 | 11.862 |   0.356 |  40.2000
 9111 | 8.425 | 11.482 |   0.296 |  45.4000
 9112 | 8.136 | 11.554 |   0.360 |  52.0000
 9113 | 8.581 | 11.114 |   0.358 |  46.9333
 9114 | 8.178 | 11.615 |   0.364 |  65.3333
 9115 | 8.445 | 12.000 |   0.328 |  57.0000
 9116 | 8.276 | 11.885 |   0.358 |  38.3000
 9117 | 8.787 | 11.415 |   0.367 |  48.6333
 9118 | 8.292 | 11.476 |   0.376 |  55.1000
 9119 | 8.510 | 11.622 |   0.358 |  62.3333
 9120 | 8.298 | 11.493 |   0.376 |  73.7000
 9121 | 8.298 | 11.493 |   0.376 |  57.0333
 9122 | 8.751 | 11.443 |   0.361 |  75.4000
 9123 | 8.312 | 11.219 |   0.358 |  63.7000
 9124 | 8.433 | 10.459 |   0.354 |  38.6667
 9125 | 8.441 | 10.487 |   0.355 |  50.2333
 9126 | 8.099 | 11.175 |   0.366 |  55.3000
 9127 | 7.995 | 11.132 |   0.366 |  75.4333
 9128 | 8.717 | 11.220 |   0.264 |  53.7333
 9129 | 8.434 | 11.004 |   0.348 |  67.0667
 9130 | 8.467 | 10.924 |   0.319 |  45.9667
 9131 | 8.546 | 11.813 |   0.324 |  43.6333
 9132 | 8.418 | 10.890 |   0.313 |  50.3000
 9133 | 8.291 | 10.376 |   0.319 |  78.7333
 9134 | 7.455 | 10.814 |   0.326 |  55.3333
 9135 | 8.332 | 10.989 |   0.324 |  53.6667
 9136 | 8.573 | 10.865 |   0.321 |  60.4000
 9137 | 8.183 | 10.608 |   0.306 |  59.9667
 9138 | 8.592 | 10.678 |   0.355 |  36.8667
 9139 | 8.484 | 10.698 |   0.371 |  57.0667
 9140 | 7.709 | 11.511 |   0.430 |  50.2333
 9141 | 8.167 | 11.052 |   0.385 |  43.6000
 9142 | 8.606 | 10.662 |   0.374 |  41.9333
 9143 | 8.154 | 11.077 |   0.293 |  35.9333
 9144 | 8.184 | 11.537 |   0.502 |  55.3000
 9145 | 8.255 | 11.037 |   0.344 |  83.8667
 9146 | 8.456 | 10.383 |   0.387 |  50.2667
 9147 | 8.167 | 10.790 |   0.356 |  67.1000
 9148 | 8.016 |  9.514 |   0.399 |  44.7333
 9149 | 8.161 | 10.399 |   0.361 |  46.9333
 9150 | 8.161 |  9.902 |   0.361 |  77.2000
 9151 | 8.305 | 10.426 |   0.503 |  51.1333
 9152 | 8.200 | 10.449 |   0.351 |  46.9333
 9153 | 7.988 | 10.600 |   0.180 |  47.0000
 9154 | 8.457 | 10.481 |   0.437 |  63.6333
 9155 | 8.074 | 10.385 |   0.391 |  21.9000
 9156 | 8.293 | 10.185 |   0.443 |  50.4000
 9157 | 8.055 |  9.823 |   0.432 |  56.9667
 9158 | 8.107 | 10.060 |   0.404 |  58.6000
 9159 | 8.120 | 10.584 |   0.369 |  77.0333
 9160 | 8.054 |  9.954 |   0.543 |  51.9333
 9161 | 8.215 | 10.107 |   0.429 |  43.6000
 9162 | 8.124 | 10.271 |   0.477 |  57.0000
 9163 | 8.128 | 10.169 |   0.421 |  65.3333
 9164 | 8.057 | 10.166 |   0.424 |  62.1333
 9165 | 8.064 | 10.182 |   0.422 |  45.3667
 9166 | 8.259 | 10.281 |   0.339 |  52.0333
 9167 | 8.227 |  9.988 |   0.431 |  37.5333
 9168 | 8.227 |  9.179 |   0.431 |  28.5000
 9169 | 8.220 | 10.367 |   0.361 |  73.7000
 9170 | 8.090 |  9.943 |   0.372 |  70.4333
 9171 | 8.120 | 10.451 |   0.375 |  60.3000
 9172 | 8.184 | 10.238 |   0.552 |  50.2333
 9173 | 8.418 | 10.193 |   0.457 |  60.3000
 9174 | 8.213 | 10.672 |   0.352 |  58.8667
 9175 | 8.220 | 10.072 |   0.376 |  46.9333
 9176 | 8.429 | 10.881 |   0.448 |  59.5667
 9177 | 7.419 |  9.540 |   0.276 |  69.4667
 9178 | 7.710 |  9.656 |   0.344 |  50.4000
 9179 | 7.617 |  9.893 |   0.365 |  72.0667
 9180 | 7.545 | 10.118 |   0.431 |  58.7000
 9181 | 8.561 | 10.113 |   0.415 |  28.6000
 9182 | 7.841 |  9.340 |   0.352 |  57.0667
 9183 | 7.572 |  9.821 |   0.349 |  73.7000
 9184 | 7.135 |  9.993 |   0.366 |  48.6333
 9185 | 7.806 |  9.358 |   0.354 |  45.3333
 9186 | 7.362 |  9.886 |   0.389 |  41.3667
 9187 | 7.761 |  9.921 |   0.405 |  37.0333
 9188 | 7.728 | 10.005 |   0.402 |  77.0667
 9189 | 7.882 |  9.976 |   0.362 |  53.8667
 9190 | 7.903 |  9.942 |   0.379 |  46.9000
 9191 | 7.697 |  9.793 |   0.369 |  44.1667
 9192 | 7.955 |  9.884 |   0.338 |  90.4333
 9193 | 7.776 | 10.126 |   0.375 |  52.0000
 9194 | 7.596 | 10.988 |   0.378 |  45.3667
 9195 | 8.211 | 10.111 |   0.369 |  43.6000
 9196 | 7.716 | 10.683 |   0.355 |  35.8000
 9197 | 7.716 | 10.683 |   0.355 |  57.0000
 9198 | 7.863 |  9.957 |   0.430 |  51.9333
 9199 | 7.836 | 10.092 |   0.415 |  33.2667
 9200 | 7.983 | 10.507 |   0.340 |  51.1000
 9201 | 7.437 | 10.301 |   0.288 |  55.3000
 9202 | 7.953 | 10.215 |   0.391 |  55.3000
 9203 | 7.623 | 10.226 |   0.303 |  70.4667
 9204 | 7.850 | 10.147 |   0.363 |  63.6667
 9205 | 7.654 | 10.208 |   0.339 |  35.3000
 9206 | 7.516 | 10.140 |   0.327 |  60.3333
 9207 | 7.717 | 10.232 |   0.399 |  36.1333
 9208 | 7.719 | 10.223 |   0.396 |  51.2333
 9209 | 6.766 | 10.038 |   0.344 |  63.6667
 9210 | 8.109 | 10.089 |   0.373 |  41.4333
 9211 | 8.109 | 10.089 |   0.373 |  60.3667
 9212 | 7.609 | 10.128 |   0.367 |  57.0000
 9213 | 7.934 | 10.115 |   0.366 |  80.4333
 9214 | 7.932 | 10.104 |   0.371 |  50.2667
 9215 | 7.951 | 10.111 |   0.362 |  48.7000
 9216 | 7.836 | 10.108 |   0.372 |  55.3333
 9217 | 7.873 |  9.963 |   0.372 |  70.4000
 9218 | 7.628 | 10.094 |   0.376 |  63.8000
 9219 | 7.933 | 10.590 |   0.413 |  67.0000
 9220 | 7.938 | 10.113 |   0.323 |  36.9667
 9221 | 7.400 | 10.186 |   0.360 |  53.7000
 9222 | 7.366 | 10.078 |   0.392 |  53.5667
 9223 | 7.732 | 10.545 |   0.357 |  53.7333
 9224 | 7.732 | 10.480 |   0.358 |  82.0667
 9225 | 7.779 | 10.347 |   0.367 |  38.6667
 9226 | 7.970 | 10.163 |   0.321 |  50.3000
 9227 | 7.835 | 10.301 |   0.329 |  55.5000
 9228 | 7.695 | 11.265 |   0.332 |  60.4000
 9229 | 8.206 | 10.477 |   0.298 |  55.3000
 9230 | 7.861 | 10.514 |   0.314 |  47.8667
 9231 | 8.383 | 10.631 |   0.366 |  40.7333
 9232 | 7.629 | 10.444 |   0.291 |  22.7667
 9233 | 7.891 |  9.422 |   0.368 |  45.3333
 9234 | 7.972 |  9.626 |   0.362 |  65.3333
 9235 | 7.872 |  9.474 |   0.395 |  36.9000
 9236 | 7.911 |  8.532 |   0.328 |  53.6667
 9237 | 7.993 | 10.350 |   0.370 |  53.6667
 9238 | 7.485 |  9.476 |   0.381 |  38.6000
 9239 | 8.228 | 10.705 |   0.326 |  60.3000
 9240 | 8.084 | 10.378 |   0.352 |  58.6667
 9241 | 7.699 |  9.854 |   0.378 |  47.0333
 9242 | 8.000 | 10.097 |   0.374 |  62.1333
 9243 | 8.272 |  9.997 |   0.374 |  60.3333
 9244 | 7.835 |  9.974 |   0.378 |  52.0000
 9245 | 7.563 |  9.945 |   0.344 |  59.3667
 9246 | 8.206 | 10.558 |   0.367 |  83.8000
 9247 | 7.579 |  9.914 |   0.342 |  48.6333
 9248 | 7.386 | 10.001 |   0.372 |  38.5667
 9249 | 7.323 |  9.462 |   0.344 |  46.9333
 9250 | 7.844 | 10.257 |   0.356 |  46.9333
 9251 | 8.153 | 10.023 |   0.330 |  73.7000
 9252 | 7.988 |  9.992 |   0.360 |  78.7667
 9253 | 7.997 | 10.027 |   0.336 |  68.7667
 9254 | 7.773 |  9.689 |   0.355 |  43.6333
 9255 | 7.773 |  9.689 |   0.355 |  60.6000
 9256 | 7.377 | 10.059 |   0.341 |  41.9333
 9257 | 7.840 |  9.694 |   0.341 |  60.3000
 9258 | 7.630 |  9.496 |   0.320 |  45.3000
 9259 | 7.864 |  9.965 |   0.351 |  58.7000
 9260 | 7.487 |  9.514 |   0.376 |  68.2667
 9261 | 7.844 | 10.427 |   0.352 |  60.3333
 9262 | 7.598 | 10.208 |   0.382 |  58.7667
 9263 | 7.598 | 10.208 |   0.382 |  50.3000
 9264 | 7.620 | 10.239 |   0.372 |  53.6667
 9265 | 7.562 |  9.728 |   0.366 |  60.3333
 9266 | 8.078 | 10.103 |   0.359 |  68.6667
 9267 | 7.691 |  9.773 |   0.416 |  70.4000
 9268 | 7.852 | 10.058 |   0.363 |  48.7000
 9269 | 7.592 |  9.457 |   0.256 |  43.7000
 9270 | 7.592 |  9.457 |   0.256 |  65.3667
 9271 | 8.096 |  9.781 |   0.268 |  75.4333
 9272 | 8.102 |  9.762 |   0.268 |  60.3000
 9273 | 7.870 | 10.139 |   0.347 |  54.0000
 9274 | 7.879 | 10.981 |   0.362 |  52.0000
 9275 | 8.203 |  9.642 |   0.337 |  62.0000
 9276 | 8.203 |  9.642 |   0.337 |  41.9333
 9277 | 8.207 |  9.798 |   0.336 |  60.3333
 9278 | 7.810 | 10.741 |   0.404 |  63.7000
 9279 | 8.053 | 10.161 |   0.347 |  48.7000
 9280 | 7.576 | 10.124 |   0.319 |  42.0000
 9281 | 7.933 | 10.351 |   0.376 |  82.0667
 9282 | 7.911 | 10.217 |   0.364 |  65.4333
 9283 | 7.893 | 10.235 |   0.373 |  72.0000
 9284 | 7.711 |  9.917 |   0.377 |  45.6000
 9285 | 7.918 | 10.299 |   0.410 |  58.2667
 9286 | 7.716 | 10.299 |   0.343 |  48.7000
 9287 | 7.963 | 10.269 |   0.391 |  50.2667
 9288 | 7.646 | 10.205 |   0.378 |  70.4667
 9289 | 7.646 | 10.205 |   0.380 |  66.2000
 9290 | 7.638 | 10.228 |   0.399 |  72.1000
 9291 | 7.638 | 10.228 |   0.399 |  63.6667
 9292 | 6.731 | 10.225 |   0.378 |  92.1333
 9293 | 7.933 | 10.167 |   0.406 |  60.3333
 9294 | 7.613 | 10.006 |   0.379 |  73.8000
 9295 | 7.923 |  9.399 |   0.376 |  35.4000
 9296 | 8.558 | 10.030 |   0.326 |  36.8667
 9297 | 7.774 | 10.082 |   0.327 |  60.3333
 9298 | 7.774 | 10.082 |   0.327 |  51.9667
 9299 | 7.880 | 10.251 |   0.356 |  55.9000
 9300 | 7.766 | 10.541 |   0.359 |  57.6000
 9301 | 7.743 | 10.903 |   0.372 |  67.3000
 9302 | 7.730 | 10.475 |   0.359 |  64.6667
 9303 | 7.614 | 10.465 |   0.303 |  56.9667
 9304 | 7.506 | 10.566 |   0.332 |  82.0667
 9305 | 7.500 | 10.451 |   0.295 |  50.3000
 9306 | 7.506 | 10.660 |   0.332 |  65.3333
 9307 | 7.579 | 10.812 |   0.345 |  65.3333
 9308 | 7.620 | 10.857 |   0.350 |  33.5667
 9309 | 7.691 | 11.223 |   0.363 |  72.1667
 9310 | 7.746 | 10.582 |   0.319 |  67.0333
 9311 | 7.586 | 11.160 |   0.352 |  36.9000
 9312 | 7.726 | 10.873 |   0.346 |  46.9333
 9313 | 7.620 | 11.079 |   0.350 |  46.7333
 9314 | 7.072 | 11.173 |   0.347 |  48.6333
 9315 | 7.802 | 11.282 |   0.344 |  57.0667
 9316 | 7.702 | 11.469 |   0.361 |  70.4000
 9317 | 7.572 | 11.113 |   0.325 |  37.0000
 9318 | 7.620 | 11.751 |   0.361 |  70.3667
 9319 | 7.595 | 10.956 |   0.360 |  50.4000
 9320 | 7.685 | 10.788 |   0.313 |  40.3333
 9321 | 8.107 | 10.142 |   0.312 |  60.3333
 9322 | 7.613 | 10.632 |   0.380 |  49.0333
 9323 | 7.712 | 10.153 |   0.318 |  40.2333
 9324 | 7.638 | 10.474 |   0.378 |  46.9000
 9325 | 7.557 | 10.602 |   0.352 |  50.2667
 9326 | 7.971 | 10.264 |   0.336 |  73.7000
 9327 | 8.038 |  9.667 |   0.340 |  53.7333
 9328 | 7.634 | 10.053 |   0.378 |  28.5333
 9329 | 7.690 | 10.026 |   0.371 |  58.6333
 9330 | 7.583 | 10.414 |   0.342 |  43.6000
 9331 | 6.739 | 10.351 |   0.362 |  67.0667
 9332 | 8.027 | 10.501 |   0.224 |  63.9000
 9333 | 7.986 | 10.498 |   0.234 |  55.3667
 9334 | 6.942 | 10.374 |   0.374 |  60.3000
 9335 | 7.776 | 11.267 |   0.323 |  43.5667
 9336 | 7.622 | 10.771 |   0.260 |  66.5333
 9337 | 7.595 | 10.795 |   0.298 |  58.8000
 9338 | 7.121 | 11.381 |   0.276 |  60.3000
 9339 | 6.684 | 11.029 |   0.440 |  58.7667
 9340 | 6.772 | 11.220 |   0.310 |  65.3667
 9341 | 6.960 | 10.797 |   0.293 |  48.7000
 9342 | 7.259 | 11.034 |   0.376 |  50.3000
 9343 | 7.210 | 11.000 |   0.383 |  48.7333
 9344 | 7.062 | 10.980 |   0.356 |  51.9667
 9345 | 7.175 | 10.942 |   0.376 |  33.5333
 9346 | 7.017 | 10.702 |   0.335 |  82.2333
 9347 | 7.333 | 10.109 |   0.358 |  60.3333
 9348 | 7.131 | 11.326 |   0.276 |  32.1667
 9349 | 7.055 | 11.054 |   0.360 |  82.0667
 9350 | 6.567 | 11.305 |   0.372 |  53.6667
 9351 | 7.064 | 11.077 |   0.366 |  73.7000
 9352 | 7.411 | 11.059 |   0.361 |  78.7333
 9353 | 7.363 | 10.966 |   0.360 |  62.0000
 9354 | 7.038 | 11.047 |   0.294 |  57.0333
 9355 | 7.186 | 10.878 |   0.361 |  72.1000
 9356 | 7.229 | 11.157 |   0.415 |  46.9333
 9357 | 7.201 | 10.977 |   0.380 |  70.3667
 9358 | 7.212 | 10.813 |   0.375 |  85.5667
 9359 | 7.273 | 11.049 |   0.377 |  83.7667
 9360 | 7.229 | 11.207 |   0.405 |  63.6667
 9361 | 7.330 | 11.027 |   0.298 |  83.8000
 9362 | 7.296 | 10.674 |   0.371 |  48.7333
 9363 | 7.309 | 10.890 |   0.387 |  56.9667
 9364 | 6.785 | 11.076 |   0.298 |  46.5667
 9365 | 7.200 | 11.009 |   0.303 |  30.3000
 9366 | 7.059 | 11.279 |   0.444 |  46.9667
 9367 | 7.271 | 10.859 |   0.369 |  38.6333
 9368 | 7.051 | 10.802 |   0.261 |  55.4667
 9369 | 7.179 | 10.923 |   0.454 |  70.4667
 9370 | 7.300 | 11.816 |   0.392 |  65.3667
 9371 | 7.301 | 11.672 |   0.386 |  51.9667
 9372 | 7.088 | 11.320 |   0.382 |  50.1667
 9373 | 7.301 | 11.667 |   0.479 |  50.3000
 9374 | 7.213 | 10.723 |   0.337 |  43.6000
 9375 | 7.155 | 11.009 |   0.362 |  62.0000
 9376 | 7.291 | 11.689 |   0.362 |  50.2667
 9377 | 7.223 | 11.146 |   0.307 |  58.7667
 9378 | 7.312 | 10.512 |   0.398 |  60.8667
 9379 | 7.256 | 10.926 |   0.369 |  60.3000
 9380 | 6.652 | 11.155 |   0.341 |  60.5667
 9381 | 7.080 | 10.736 |   0.381 |  65.3333
 9382 | 7.211 | 10.832 |   0.393 |  55.3000
 9383 | 7.459 | 10.321 |   0.424 |  56.9667
 9384 | 7.345 | 11.255 |   0.487 |  55.2667
 9385 | 7.311 | 10.865 |   0.458 |  51.9333
 9386 | 7.098 | 11.285 |   0.380 |  38.5667
 9387 | 7.469 | 11.024 |   0.457 |  48.7000
 9388 | 7.089 | 11.218 |   0.416 |  48.6000
 9389 | 7.294 | 11.327 |   0.456 |  33.7000
 9390 | 7.413 | 11.363 |   0.463 |  72.0667
 9391 | 7.325 | 11.726 |   0.428 |  45.3000
 9392 | 7.325 | 11.726 |   0.428 |  43.6000
 9393 | 7.326 | 11.353 |   0.464 |  55.3000
 9394 | 7.326 | 11.353 |   0.464 |  25.3667
 9395 | 7.035 | 11.348 |   0.445 |  53.6000
 9396 | 7.493 | 11.249 |   0.379 |  40.3667
 9397 | 7.594 | 10.791 |   0.346 |  50.3000
 9398 | 6.650 | 11.425 |   0.346 |  51.9667
 9399 | 7.033 | 11.488 |   0.391 |  38.6667
 9400 | 7.471 | 10.913 |   0.362 |  70.4000
 9401 | 7.307 | 11.404 |   0.362 |  75.4000
 9402 | 7.262 | 11.225 |   0.374 |  51.0333
 9403 | 7.342 | 11.182 |   0.381 |  72.0667
 9404 | 7.325 | 10.751 |   0.374 |  50.4000
 9405 | 8.108 | 11.316 |   0.271 |  83.8333
 9406 | 7.301 | 10.630 |   0.394 |  60.3667
 9407 | 7.721 | 12.000 |   0.215 |  54.9667
 9408 | 7.613 | 12.000 |   0.354 |  50.4333
 9409 | 7.933 | 11.631 |   0.248 |  40.4667
 9410 | 7.484 | 11.789 |   0.267 |  77.0333
 9411 | 7.963 | 10.858 |   0.320 |  41.9000
 9412 | 7.302 | 10.884 |   0.304 |  50.2667
 9413 | 7.898 | 11.320 |   0.292 |  65.3333
 9414 | 7.898 | 11.320 |   0.292 |  75.4000
 9415 | 7.921 | 11.292 |   0.379 |  55.3000
 9416 | 8.056 | 11.291 |   0.369 |  61.6000
 9417 | 7.617 | 11.584 |   0.337 |  55.3000
 9418 | 7.347 | 11.556 |   0.324 |  62.0333
 9419 | 7.823 | 11.656 |   0.380 |  59.8000
 9420 | 7.237 | 11.334 |   0.338 |  80.4667
 9421 | 7.591 | 11.529 |   0.363 |  73.7000
 9422 | 6.854 | 11.544 |   0.360 |  68.7333
 9423 | 7.069 | 11.579 |   0.361 |  38.6333
 9424 | 6.759 | 11.576 |   0.290 |  51.5667
 9425 | 6.753 | 11.263 |   0.372 |  68.6667
 9426 | 6.502 | 11.580 |   0.302 |  75.4333
 9427 | 7.118 | 11.671 |   0.337 |  82.2333
 9428 | 6.672 | 11.749 |   0.327 |  60.3333
 9429 | 7.004 | 11.553 |   0.328 |  55.8667
 9430 | 6.605 | 11.967 |   0.364 |  55.2667
 9431 | 6.905 | 12.000 |   0.328 |  62.1000
 9432 | 6.817 | 11.933 |   0.360 |  60.4333
 9433 | 7.067 | 11.835 |   0.353 |  58.7667
 9434 | 7.030 | 11.855 |   0.350 |  38.6000
 9435 | 7.028 | 10.868 |   0.323 |  36.9000
 9436 | 6.565 | 11.728 |   0.332 |  35.3333
 9437 | 7.560 | 11.907 |   0.317 |  70.4667
 9438 | 6.806 | 11.807 |   0.338 |  46.9333
 9439 | 6.954 | 11.955 |   0.343 |  45.4000
 9440 | 6.955 | 11.951 |   0.342 |  47.0333
 9441 | 6.966 | 11.800 |   0.331 |  34.5000
 9442 | 7.037 | 11.846 |   0.321 |  40.8000
 9443 | 8.071 | 11.833 |   0.328 |  50.2667
 9444 | 6.956 | 11.815 |   0.283 |  41.9000
 9445 | 6.989 | 11.702 |   0.319 |  45.4667
 9446 | 6.989 | 11.702 |   0.319 |  38.6000
 9447 | 7.201 | 11.784 |   0.312 |  55.3000
 9448 | 7.254 | 11.620 |   0.266 |  87.1000
 9449 | 7.254 | 11.789 |   0.260 |  43.6000
 9450 | 7.311 | 11.837 |   0.248 |  38.5667
 9451 | 7.298 | 11.583 |   0.270 |  70.4000
 9452 | 7.234 | 11.909 |   0.252 |  62.0000
 9453 | 7.096 | 11.928 |   0.174 |  73.7667
 9454 | 7.167 | 11.711 |   0.259 |  88.8000
 9455 | 7.240 | 10.882 |   0.185 |  98.8667
 9456 | 7.337 | 10.861 |   0.191 |  72.0667
 9457 | 7.211 | 11.864 |   0.203 |  85.4667
 9458 | 7.274 | 11.343 |   0.196 |  58.6000
 9459 | 7.329 | 10.894 |   0.244 |  70.4000
 9460 | 7.275 | 11.052 |   0.196 |  78.7333
 9461 | 7.174 | 11.444 |   0.195 |  85.4000
 9462 | 7.361 | 11.266 |   0.215 |  78.7333
 9463 | 7.277 | 11.341 |   0.237 |  65.3667
 9464 | 7.018 | 11.538 |   0.196 |  75.2667
 9465 | 7.076 | 11.369 |   0.185 |  33.5333
 9466 | 6.905 | 11.863 |   0.191 |  73.7333
 9467 | 6.684 | 11.749 |   0.212 |  80.4333
 9468 | 7.279 | 11.328 |   0.334 |  87.1667
 9469 | 6.811 | 11.616 |   0.195 |  73.7000
 9470 | 7.057 | 10.630 |   0.224 |  56.3333
 9471 | 7.035 | 11.617 |   0.233 |  68.7000
 9472 | 7.224 | 11.428 |   0.230 |  77.1333
 9473 | 6.954 | 11.486 |   0.232 |  75.4333
 9474 | 6.958 | 11.507 |   0.230 |  93.9000
 9475 | 6.727 | 11.506 |   0.219 |  58.6000
 9476 | 7.334 | 10.844 |   0.233 |  72.1000
 9477 | 6.774 | 11.196 |   0.241 |  82.2000
 9478 | 6.784 | 11.895 |   0.238 |  75.4000
 9479 | 6.955 | 10.444 |   0.315 |  70.4000
 9480 | 7.116 | 10.996 |   0.246 |  77.0333
 9481 | 7.282 | 10.791 |   0.248 |  83.8000
 9482 | 7.112 | 11.022 |   0.249 |  72.1000
 9483 | 7.528 | 10.278 |   0.288 |  63.6333
 9484 | 7.656 | 10.895 |   0.239 |  75.4333
 9485 | 7.671 | 10.543 |   0.255 |  52.0333
 9486 | 7.249 | 12.000 |   0.256 |  70.4000
 9487 | 6.968 | 10.662 |   0.258 |  88.8000
 9488 | 7.409 | 10.064 |   0.260 |  48.6667
 9489 | 7.466 | 10.095 |   0.233 |  60.3333
 9490 | 7.485 | 11.344 |   0.258 |  65.3333
 9491 | 7.826 | 10.697 |   0.169 |  73.2667
 9492 | 7.570 | 10.993 |   0.197 |  73.7333
 9493 | 7.515 | 10.753 |   0.292 |  65.3667
 9494 | 7.661 | 10.872 |   0.214 |  78.9000
 9495 | 7.502 | 10.740 |   0.287 |  70.7667
 9496 | 7.467 | 11.903 |   0.382 |  41.1000
 9497 | 7.273 | 11.115 |   0.250 |  60.3000
 9498 | 7.643 | 11.172 |   0.249 |  62.0333
 9499 | 7.426 | 11.601 |   0.217 |  68.7000
 9500 | 7.246 | 10.114 |   0.267 |  65.3333
 9501 | 7.162 | 11.203 |   0.334 |  60.4333
 9502 | 7.490 | 10.981 |   0.271 |  70.4000
 9503 | 7.329 | 10.487 |   0.270 |  49.4000
 9504 | 7.122 | 10.662 |   0.329 |  72.1333
 9505 | 7.273 | 10.590 |   0.274 |  67.0333
 9506 | 7.444 | 10.845 |   0.241 |  48.6667
 9507 | 7.337 | 11.183 |   0.258 |  53.7333
 9508 | 7.005 | 11.428 |   0.356 |  50.2667
 9509 | 7.146 | 10.052 |   0.188 |  37.8000
 9510 | 7.381 | 10.054 |   0.188 |  52.0000
 9511 | 7.170 | 10.204 |   0.191 |  67.0333
 9512 | 7.165 | 10.435 |   0.352 |  62.9333
 9513 | 7.144 | 10.338 |   0.306 |  70.4333
 9514 | 6.725 | 10.807 |   0.268 |  93.8333
 9515 | 6.928 | 11.181 |   0.279 |  65.3333
 9516 | 6.918 | 10.832 |   0.315 |  48.6000
 9517 | 6.923 | 10.483 |   0.306 |  62.1000
 9518 | 7.068 | 10.367 |   0.344 |  65.3667
 9519 | 7.261 | 10.756 |   0.282 |  77.1333
 9520 | 7.830 | 10.545 |   0.309 |  46.6667
 9521 | 7.100 | 10.572 |   0.275 |  51.9667
 9522 | 7.162 | 10.556 |   0.302 |  55.2667
 9523 | 6.782 | 10.702 |   0.278 |  67.1667
 9524 | 7.070 | 10.689 |   0.242 |  43.3333
 9525 | 7.127 | 10.564 |   0.249 |  65.3667
 9526 | 7.372 | 11.000 |   0.295 |  67.1333
 9527 | 7.401 | 10.853 |   0.314 |  73.7333
 9528 | 7.543 | 10.963 |   0.222 |  57.0000
 9529 | 7.542 | 10.961 |   0.222 |  93.8333
 9530 | 7.398 | 10.890 |   0.267 |  77.2333
 9531 | 7.238 | 10.869 |   0.260 |  68.7333
 9532 | 7.134 | 10.861 |   0.372 |  33.5667
 9533 | 7.327 | 11.028 |   0.240 |  72.1000
 9534 | 7.350 | 10.993 |   0.224 |  70.4000
 9535 | 7.269 | 10.803 |   0.295 |  70.3667
 9536 | 7.307 | 10.913 |   0.249 |  70.4000
 9537 | 7.278 | 10.833 |   0.278 |  70.3667
 9538 | 7.258 | 10.635 |   0.286 |  60.3333
 9539 | 6.842 | 11.324 |   0.292 |  54.1000
 9540 | 7.246 | 10.695 |   0.266 |  67.0667
 9541 | 7.163 | 10.588 |   0.286 |  85.4667
 9542 | 7.255 | 10.613 |   0.343 |  50.4333
 9543 | 7.438 | 10.884 |   0.210 |  65.4333
 9544 | 7.132 | 10.745 |   0.305 |  43.6000
 9545 | 7.298 | 10.237 |   0.262 |  75.4000
 9546 | 7.256 |  9.989 |   0.270 |  77.0333
 9547 | 7.072 | 10.829 |   0.271 |  65.3667
 9548 | 7.072 | 10.829 |   0.271 |  62.0333
 9549 | 7.236 | 10.747 |   0.272 |  48.8000
 9550 | 6.995 | 10.727 |   0.274 |  60.3333
 9551 | 7.121 | 10.827 |   0.273 |  60.5000
 9552 | 7.566 | 10.778 |   0.280 |  52.2333
 9553 | 7.486 | 10.781 |   0.286 |  55.3000
 9554 | 7.337 | 10.951 |   0.353 |  35.3333
 9555 | 7.241 | 10.674 |   0.291 |  57.0000
 9556 | 7.278 | 10.753 |   0.322 |  67.0667
 9557 | 7.209 | 10.822 |   0.327 |  47.7000
 9558 | 7.238 | 10.824 |   0.317 |  30.3000
 9559 | 7.577 | 10.755 |   0.323 |  43.6667
 9560 | 7.671 | 11.005 |   0.305 |  51.9667
 9561 | 7.514 | 11.187 |   0.314 |  51.9667
 9562 | 7.514 | 11.187 |   0.314 |  55.2667
 9563 | 7.508 | 11.158 |   0.328 |  88.8000
 9564 | 7.707 | 11.223 |   0.343 |  41.5000
 9565 | 7.335 | 11.249 |   0.351 |  45.3000
 9566 | 7.345 | 11.774 |   0.351 |  53.6000
 9567 | 7.555 | 11.073 |   0.443 |  43.6667
 9568 | 7.387 | 10.725 |   0.365 |  43.1667
 9569 | 7.795 | 11.127 |   0.390 |  41.8667
 9570 | 7.385 | 10.797 |   0.286 |  67.6000
 9571 | 7.554 | 11.173 |   0.363 |  30.7667
 9572 | 7.422 | 10.867 |   0.383 |  58.7000
 9573 | 7.427 | 11.365 |   0.378 |  40.2667
 9574 | 7.423 | 11.012 |   0.381 |  68.7667
 9575 | 7.424 | 11.446 |   0.380 |  50.2667
 9576 | 7.388 | 10.931 |   0.338 |  46.9667
 9577 | 7.480 | 12.000 |   0.377 |  60.4000
 9578 | 7.539 | 11.101 |   0.355 |  66.9667
 9579 | 7.074 | 11.426 |   0.264 |  70.6333
 9580 | 7.232 | 11.235 |   0.309 |  62.0333
 9581 | 7.376 | 11.344 |   0.354 |  92.1333
 9582 | 6.772 | 11.701 |   0.330 |  63.8000
 9583 | 7.331 | 11.272 |   0.356 |  57.0333
 9584 | 7.260 | 11.262 |   0.298 |  65.3333
 9585 | 7.089 | 11.416 |   0.330 |  47.0333
 9586 | 7.043 | 11.245 |   0.314 |  56.9667
 9587 | 7.204 | 11.257 |   0.332 |  43.6333
 9588 | 7.085 | 11.372 |   0.253 |  70.4000
 9589 | 7.093 | 11.316 |   0.340 |  51.9667
 9590 | 7.152 | 11.318 |   0.355 |  36.8667
 9591 | 7.094 | 11.312 |   0.352 |  50.2667
 9592 | 7.035 | 10.725 |   0.348 |  87.1000
 9593 | 7.064 | 11.414 |   0.390 |  46.8333
 9594 | 7.009 | 11.355 |   0.306 |  43.5667
 9595 | 7.010 | 11.176 |   0.306 |  47.4333
 9596 | 7.552 | 11.399 |   0.347 |  57.0000
 9597 | 7.536 | 11.316 |   0.326 |  35.3000
 9598 | 7.062 | 11.283 |   0.230 |  63.6667
 9599 | 7.601 | 10.870 |   0.307 |  73.7333
 9600 | 7.182 | 10.498 |   0.295 |  68.9333
 9601 | 7.167 | 11.815 |   0.430 |  73.7000
 9602 | 7.057 | 11.131 |   0.360 |  59.3000
 9603 | 7.163 | 10.671 |   0.339 |  68.6667
 9604 | 7.302 | 11.316 |   0.373 |  57.2333
 9605 | 7.089 | 11.971 |   0.348 |  44.8333
 9606 | 7.171 | 10.984 |   0.270 |  78.7333
 9607 | 7.515 | 10.897 |   0.328 |  35.3000
 9608 | 7.171 | 11.028 |   0.210 |  68.2333
 9609 | 7.172 | 11.027 |   0.208 |  99.9667
 9610 | 6.991 | 11.048 |   0.305 |  58.7667
 9611 | 7.173 | 11.873 |   0.211 |  67.0667
 9612 | 7.041 | 11.056 |   0.216 |  58.8667
 9613 | 7.132 | 11.067 |   0.216 |  75.4000
 9614 | 6.778 | 11.501 |   0.280 |  67.1000
 9615 | 7.145 | 11.363 |   0.295 |  67.0333
 9616 | 7.196 | 10.736 |   0.242 |  72.1667
 9617 | 7.821 | 10.859 |   0.241 |  88.8000
 9618 | 7.162 | 10.810 |   0.238 |  57.8333
 9619 | 6.983 | 10.943 |   0.234 |  57.0333
 9620 | 7.220 | 10.914 |   0.163 |  75.9333
 9621 | 7.548 | 10.914 |   0.164 |  83.8000
 9622 | 7.138 | 11.064 |   0.316 |  67.0000
 9623 | 7.039 | 11.054 |   0.282 |  48.7000
 9624 | 7.062 | 11.038 |   0.270 |  75.4000
 9625 | 8.608 | 11.401 |   0.377 |  64.7333
 9626 | 7.648 | 11.254 |   0.334 |  82.0667
 9627 | 7.648 | 10.846 |   0.345 |  93.8333
 9628 | 7.413 | 10.932 |   0.270 |  75.4000
 9629 | 8.119 | 10.800 |   0.350 |  40.3667
 9630 | 8.106 | 10.058 |   0.356 |  67.1667
 9631 | 7.890 | 11.118 |   0.348 |  70.4333
 9632 | 8.109 | 11.055 |   0.293 |  60.3333
 9633 | 8.239 | 11.150 |   0.341 |  35.4000
 9634 | 7.532 | 12.000 |   0.329 |  53.6667
 9635 | 8.239 | 11.466 |   0.341 |  65.3667
 9636 | 8.239 | 11.273 |   0.341 |  43.7000
 9637 | 8.134 | 11.300 |   0.341 |  61.0000
 9638 | 7.259 | 11.056 |   0.342 |  47.0333
 9639 | 7.902 | 11.223 |   0.345 |  57.0000
 9640 | 7.357 | 10.201 |   0.261 |  72.9667
 9641 | 7.711 | 11.380 |   0.415 |  65.3333
 9642 | 7.801 | 11.598 |   0.383 |  65.3333
 9643 | 7.714 | 11.079 |   0.362 |  75.4000
 9644 | 7.621 | 10.770 |   0.376 |  87.1000
 9645 | 7.500 | 10.746 |   0.339 |  54.1000
 9646 | 7.651 | 10.987 |   0.243 |  71.3000
 9647 | 7.823 | 11.316 |   0.320 |  67.0667
 9648 | 7.504 | 10.713 |   0.374 |  54.8667
 9649 | 7.782 |  9.887 |   0.369 |  46.9333
 9650 | 7.898 | 10.846 |   0.255 |  57.0333
 9651 | 7.794 |  9.891 |   0.381 |  60.3333
 9652 | 7.816 | 10.417 |   0.338 |  68.7667
 9653 | 7.718 | 10.447 |   0.332 |  56.3667
 9654 | 7.805 | 10.454 |   0.321 |  65.3667
 9655 | 7.796 | 10.130 |   0.337 |  53.7000
 9656 | 7.813 | 10.270 |   0.349 |  53.6333
 9657 | 7.708 | 10.316 |   0.354 |  42.8667
 9658 | 7.766 |  9.633 |   0.374 |  56.5000
 9659 | 8.215 | 10.719 |   0.341 |  67.1333
 9660 | 6.972 | 10.551 |   0.340 |  52.0333
 9661 | 7.363 | 10.850 |   0.362 |  52.0667
 9662 | 7.739 | 10.806 |   0.318 |  38.6000
 9663 | 7.655 | 11.209 |   0.253 |  58.8000
 9664 | 7.425 | 10.229 |   0.372 |  58.7000
 9665 | 7.701 | 11.111 |   0.329 |  51.9333
 9666 | 7.608 | 10.795 |   0.326 |  53.7333
 9667 | 7.611 | 11.142 |   0.293 |  60.3333
 9668 | 7.641 | 10.921 |   0.323 |  48.7333
 9669 | 7.575 | 10.990 |   0.360 |  72.2000
 9670 | 7.794 | 10.838 |   0.324 |  60.3333
 9671 | 7.648 | 10.875 |   0.314 |  43.6000
 9672 | 7.783 | 10.402 |   0.386 |  38.6333
 9673 | 7.783 | 10.402 |   0.386 |  58.4667
 9674 | 7.957 | 11.378 |   0.330 |  58.8000
 9675 | 7.739 | 10.607 |   0.314 |  70.4667
 9676 | 7.735 | 10.727 |   0.317 |  56.9667
 9677 | 7.454 | 10.442 |   0.354 |  65.3333
 9678 | 7.792 | 10.411 |   0.303 |  36.9000
 9679 | 8.707 | 10.685 |   0.400 |  48.6333
 9680 | 7.617 | 10.822 |   0.344 |  39.4000
 9681 | 7.984 | 10.410 |   0.312 |  68.7667
 9682 | 7.862 | 10.594 |   0.374 |  65.3333
 9683 | 7.588 | 11.029 |   0.339 |  57.1000
 9684 | 7.872 | 10.479 |   0.298 |  53.7667
 9685 | 7.704 | 10.457 |   0.352 |  78.7333
 9686 | 7.580 | 10.818 |   0.356 |  57.0000
 9687 | 8.343 | 10.974 |   0.374 |  51.8667
 9688 | 7.814 | 11.044 |   0.425 |  38.5667
 9689 | 7.284 | 10.800 |   0.361 |  48.1667
 9690 | 7.396 | 10.766 |   0.398 |  55.3000
 9691 | 7.624 | 10.735 |   0.350 |  45.2333
 9692 | 7.554 | 10.915 |   0.387 |  57.0333
 9693 | 7.528 | 11.707 |   0.265 |  35.2333
 9694 | 7.503 | 10.940 |   0.374 |  50.2667
 9695 | 7.513 | 11.254 |   0.330 |  45.2333
 9696 | 7.509 | 11.841 |   0.377 |  50.2667
 9697 | 8.473 | 10.960 |   0.340 |  43.7000
 9698 | 8.028 | 10.835 |   0.229 |  30.1333
 9699 | 7.892 | 10.697 |   0.259 |  57.0667
 9700 | 8.203 | 10.917 |   0.254 |  60.8000
 9701 | 7.437 | 11.157 |   0.336 |  36.8667
 9702 | 8.059 | 10.713 |   0.249 |  78.7667
 9703 | 7.631 | 11.133 |   0.335 |  48.5667
 9704 | 8.074 | 10.846 |   0.352 |  30.3333
 9705 | 7.242 | 11.116 |   0.303 |  43.6000
 9706 | 7.816 | 11.019 |   0.347 |  63.6333
 9707 | 7.763 | 11.747 |   0.373 |  43.7667
 9708 | 7.714 | 11.184 |   0.318 |  57.0000
 9709 | 7.729 | 11.356 |   0.367 |  51.9667
 9710 | 8.012 | 11.443 |   0.368 |  72.1667
 9711 | 8.041 | 11.338 |   0.349 |  44.4000
 9712 | 8.123 | 11.018 |   0.363 |  63.6667
 9713 | 7.894 | 11.410 |   0.351 |  52.0333
 9714 | 7.541 | 11.409 |   0.355 |  41.9333
 9715 | 7.934 | 11.272 |   0.363 |  43.6333
 9716 | 7.545 | 11.409 |   0.355 |  65.5000
 9717 | 7.545 | 11.409 |   0.355 |  58.1667
 9718 | 7.472 | 11.642 |   0.352 |  58.6333
 9719 | 7.811 | 11.328 |   0.370 |  50.1667
 9720 | 7.717 | 11.279 |   0.295 |  67.0333
 9721 | 7.523 | 11.553 |   0.370 |  41.8667
 9722 | 8.515 | 11.268 |   0.367 |  78.7333
 9723 | 7.564 | 11.438 |   0.368 |  45.3000
 9724 | 7.625 | 11.393 |   0.371 |  60.4333
 9725 | 8.117 | 11.712 |   0.390 |  53.8667
 9726 | 7.620 | 11.422 |   0.341 |  53.6667
 9727 | 7.638 | 11.447 |   0.376 |  73.7000
 9728 | 8.039 | 12.000 |   0.385 |  48.7333
 9729 | 7.969 | 11.419 |   0.294 |  30.0333
 9730 | 8.198 | 11.038 |   0.373 |  41.9000
 9731 | 7.928 | 11.252 |   0.372 |  53.7333
 9732 | 7.976 | 11.118 |   0.386 |  38.6333
 9733 | 8.166 | 10.666 |   0.405 |  67.0333
 9734 | 8.166 | 10.666 |   0.405 |  70.4333
 9735 | 7.424 | 10.957 |   0.381 |  48.7000
 9736 | 8.085 | 11.427 |   0.368 |  45.1333
 9737 | 8.041 | 11.338 |   0.373 |  53.7667
 9738 | 8.041 | 11.338 |   0.373 |  51.2333
 9739 | 8.005 | 11.957 |   0.404 |  33.6333
 9740 | 8.508 | 11.506 |   0.351 |  51.9667
 9741 | 8.508 | 11.506 |   0.351 |  48.6333
 9742 | 8.850 | 11.117 |   0.329 |  55.2667
 9743 | 8.503 | 11.483 |   0.363 |  42.0000
 9744 | 8.643 | 11.222 |   0.360 |  83.7667
 9745 | 8.568 | 11.225 |   0.361 |  65.3667
 9746 | 7.866 | 11.137 |   0.348 |  53.6667
 9747 | 7.425 | 11.331 |   0.349 |  55.4333
 9748 | 7.863 | 11.152 |   0.349 |  57.0667
 9749 | 8.307 | 11.084 |   0.469 |  62.1000
 9750 | 7.746 | 11.466 |   0.349 |  51.9667
 9751 | 8.140 |  9.752 |   0.354 |  50.4000
 9752 | 7.709 | 11.356 |   0.351 |  45.3333
 9753 | 7.710 |  9.914 |   0.243 |  39.6333
 9754 | 8.169 |  9.939 |   0.262 |  63.6333
 9755 | 7.784 | 11.597 |   0.340 |  83.8000
 9756 | 8.308 | 10.303 |   0.310 |  56.4000
 9757 | 8.228 |  9.711 |   0.375 |  65.9000
 9758 | 8.130 |  9.907 |   0.371 |  44.6667
 9759 | 8.064 | 11.076 |   0.349 |  63.6667
 9760 | 7.779 | 11.185 |   0.352 |  32.0000
 9761 | 7.828 | 11.081 |   0.371 |  48.5333
 9762 | 7.965 | 10.425 |   0.240 |  62.0667
 9763 | 7.898 | 11.439 |   0.357 |  83.8000
 9764 | 7.952 | 10.620 |   0.328 |  46.9333
 9765 | 8.227 |  9.423 |   0.308 |  62.1000
 9766 | 8.135 | 11.620 |   0.345 |  46.9333
 9767 | 7.952 | 10.646 |   0.274 |  67.0000
 9768 | 7.952 | 10.646 |   0.274 |  41.9000
 9769 | 7.862 | 10.731 |   0.328 |  50.0667
 9770 | 8.024 | 10.766 |   0.348 |  57.0000
 9771 | 8.366 | 10.760 |   0.414 |  43.6333
 9772 | 8.156 |  9.952 |   0.366 |  40.3667
 9773 | 7.901 | 10.760 |   0.379 |  50.2333
 9774 | 8.156 |  9.997 |   0.381 |  48.6333
 9775 | 8.156 |  9.997 |   0.381 |  62.1000
 9776 | 8.244 | 10.593 |   0.282 |  45.3333
 9777 | 8.099 | 10.609 |   0.295 |  28.6333
 9778 | 7.657 | 10.678 |   0.340 |  55.3000
 9779 | 7.416 | 10.430 |   0.373 |  55.2667
 9780 | 7.572 | 10.408 |   0.338 |  41.9333
 9781 | 7.555 | 10.772 |   0.353 |  48.7667
 9782 | 7.717 | 10.364 |   0.354 |  83.7667
 9783 | 7.634 | 10.652 |   0.293 |  46.9000
 9784 | 7.388 | 11.339 |   0.317 |  42.0000
 9785 | 7.554 | 10.565 |   0.370 |  46.9333
 9786 | 7.819 | 10.450 |   0.392 |  75.5333
 9787 | 7.494 | 10.450 |   0.319 |  42.8667
 9788 | 7.255 | 10.390 |   0.375 |  41.9333
 9789 | 6.953 | 10.285 |   0.273 |  63.7000
 9790 | 7.357 | 10.373 |   0.325 |  57.0000
 9791 | 7.682 | 10.381 |   0.415 |  55.2667
 9792 | 7.398 | 10.360 |   0.370 |  38.5667
 9793 | 7.539 | 10.388 |   0.375 |  35.2667
 9794 | 7.438 | 10.174 |   0.371 |  38.5667
 9795 | 7.747 | 10.841 |   0.358 |  60.3333
 9796 | 7.610 | 10.546 |   0.364 |  63.6667
 9797 | 7.589 | 10.642 |   0.346 |  75.5000
 9798 | 8.115 | 10.658 |   0.355 |  57.0333
 9799 | 8.113 | 10.657 |   0.355 |  60.3000
 9800 | 8.048 | 10.725 |   0.335 |  75.4000
 9801 | 8.023 | 10.807 |   0.332 |  63.6333
 9802 | 7.700 | 11.294 |   0.380 |  41.9000
 9803 | 7.706 | 11.280 |   0.283 |  23.5000
 9804 | 7.678 | 10.592 |   0.276 |  40.3333
 9805 | 7.702 | 10.951 |   0.295 |  55.3333
 9806 | 7.678 | 10.592 |   0.276 |  53.7667
 9807 | 7.733 | 10.525 |   0.366 |  40.3667
 9808 | 7.292 | 11.749 |   0.364 |  82.0667
 9809 | 7.524 | 10.202 |   0.367 |  55.3000
 9810 | 7.578 | 10.806 |   0.253 |  48.6667
 9811 | 7.316 | 11.422 |   0.366 |  51.9667
 9812 | 7.421 | 11.157 |   0.293 |  73.7333
 9813 | 7.587 | 10.100 |   0.346 |  43.6333
 9814 | 7.422 | 11.139 |   0.383 |  75.5000
 9815 | 7.574 | 10.214 |   0.282 |  50.4333
 9816 | 7.830 | 10.484 |   0.302 |  53.6667
 9817 | 7.816 | 10.945 |   0.305 |  30.3333
 9818 | 7.799 | 10.738 |   0.318 |  47.6000
 9819 | 7.789 | 10.895 |   0.370 |  45.1333
 9820 | 7.435 | 10.839 |   0.375 |  58.6667
 9821 | 7.597 | 11.126 |   0.273 |  33.5333
 9822 | 7.516 | 11.170 |   0.355 |  53.7000
 9823 | 7.019 | 10.865 |   0.323 |  28.5667
 9824 | 7.575 | 10.979 |   0.429 |  50.4000
 9825 | 7.459 | 11.540 |   0.347 |  70.4333
 9826 | 7.343 | 11.188 |   0.368 |  55.3333
 9827 | 7.931 | 10.931 |   0.383 |  48.7333
 9828 | 7.479 | 11.166 |   0.387 |  70.3667
 9829 | 7.655 | 10.858 |   0.379 |  62.6000
 9830 | 7.928 | 11.665 |   0.342 |  70.4000
 9831 | 7.637 | 10.300 |   0.370 |  22.5000
 9832 | 7.961 | 11.828 |   0.322 |  58.7000
 9833 | 7.850 | 11.604 |   0.335 |  55.2667
 9834 | 7.691 | 11.005 |   0.373 |  45.2333
 9835 | 7.652 | 11.965 |   0.341 |  43.6000
 9836 | 7.613 | 11.174 |   0.363 |  38.6000
 9837 | 7.655 | 11.370 |   0.355 |  65.3667
 9838 | 8.182 | 11.591 |   0.348 |  65.3667
 9839 | 7.884 | 11.460 |   0.336 |  48.6000
 9840 | 7.989 | 11.529 |   0.363 |  52.0667
 9841 | 7.918 | 11.002 |   0.292 |  40.3333
 9842 | 7.968 | 11.046 |   0.358 |  40.3667
 9843 | 7.646 | 10.677 |   0.380 |  60.3333
 9844 | 7.532 | 11.153 |   0.333 |  48.7333
 9845 | 7.801 | 11.110 |   0.310 |  70.4667
 9846 | 7.826 | 11.243 |   0.347 |  58.6000
 9847 | 8.263 | 11.352 |   0.308 |  53.6333
 9848 | 8.257 | 11.322 |   0.309 |  51.9667
 9849 | 7.418 | 11.273 |   0.344 |  52.0333
 9850 | 7.667 | 10.925 |   0.296 |  82.0667
 9851 | 8.047 | 10.563 |   0.358 |  58.6667
 9852 | 7.795 | 10.867 |   0.345 |  41.9000
 9853 | 7.732 | 11.103 |   0.309 |  52.0000
 9854 | 8.418 | 10.124 |   0.326 |  50.2667
 9855 | 7.639 | 10.734 |   0.321 |  57.0000
 9856 | 8.273 | 11.278 |   0.322 |  54.8333
 9857 | 9.000 | 11.226 |   0.322 |  55.3000
 9858 | 8.910 | 11.197 |   0.327 |  51.9333
 9859 | 8.472 | 11.153 |   0.265 |  75.4000
 9860 | 8.411 | 11.616 |   0.286 |  58.7000
 9861 | 8.282 | 11.220 |   0.240 |  56.6333
 9862 | 8.392 | 10.989 |   0.336 |  65.3333
 9863 | 7.988 | 11.105 |   0.265 |  50.2667
 9864 | 8.373 | 11.032 |   0.341 |  70.3667
 9865 | 8.630 | 10.660 |   0.326 |  63.9000
 9866 | 8.007 | 11.534 |   0.260 |  62.1333
 9867 | 7.657 | 11.835 |   0.334 |  51.7667
 9868 | 8.388 | 11.085 |   0.359 |  53.6667
 9869 | 8.311 | 11.141 |   0.337 |  63.9333
 9870 | 8.070 | 11.150 |   0.335 |  55.3667
 9871 | 7.972 | 11.245 |   0.392 |  50.5000
 9872 | 7.474 | 11.150 |   0.335 |  50.2667
 9873 | 8.361 | 11.098 |   0.353 |  53.2333
 9874 | 8.550 | 10.606 |   0.357 |  63.6667
 9875 | 8.415 | 10.563 |   0.333 |  58.7667
 9876 | 8.625 | 11.221 |   0.327 |  60.3000
 9877 | 8.382 | 11.128 |   0.318 |  53.7333
 9878 | 8.178 | 11.088 |   0.321 |  60.3333
 9879 | 8.500 | 11.539 |   0.311 |  83.7667
 9880 | 8.477 | 10.346 |   0.317 |  49.9667
 9881 | 8.221 | 11.093 |   0.312 |  50.3000
 9882 | 8.312 | 10.794 |   0.330 |  46.9333
 9883 | 8.312 | 10.794 |   0.330 |  55.1000
 9884 | 7.998 | 11.352 |   0.327 |  48.1667
 9885 | 8.056 | 11.948 |   0.288 |  58.8000
 9886 | 8.355 | 11.366 |   0.301 |  73.7000
 9887 | 7.026 | 11.917 |   0.305 |  65.3667
 9888 | 7.942 | 10.991 |   0.240 |  60.4000
 9889 | 7.046 | 11.799 |   0.268 |  70.4667
 9890 | 8.036 | 11.249 |   0.279 |  68.8667
 9891 | 7.512 | 12.000 |   0.284 |  45.4000
 9892 | 7.539 | 11.974 |   0.288 |  73.7000
 9893 | 8.238 | 12.000 |   0.262 |  52.0333
 9894 | 8.147 | 11.866 |   0.209 |  64.4000
 9895 | 8.127 | 11.301 |   0.307 |  67.0667
 9896 | 8.432 | 11.698 |   0.294 |  87.1000
 9897 | 8.286 | 11.690 |   0.300 |  50.6667
 9898 | 8.424 | 11.698 |   0.294 |  47.3667
 9899 | 8.359 | 11.552 |   0.248 |  75.5000
 9900 | 8.264 | 10.603 |   0.270 |  57.0000
 9901 | 8.333 | 12.000 |   0.254 |  62.1000
 9902 | 8.308 | 11.432 |   0.349 |  47.0000
 9903 | 8.522 | 11.532 |   0.357 |  78.7667
 9904 | 8.398 | 11.235 |   0.379 |  75.4667
 9905 | 7.895 | 11.141 |   0.334 |  68.6667
 9906 | 8.345 | 11.089 |   0.342 |  60.3000
 9907 | 7.964 | 11.220 |   0.311 |  43.6667
 9908 | 8.345 | 11.079 |   0.342 |  57.0000
 9909 | 8.374 | 11.090 |   0.345 |  37.6333
 9910 | 8.519 | 10.672 |   0.324 |  46.9667
 9911 | 8.092 | 11.214 |   0.345 |  47.3000
 9912 | 8.329 | 11.073 |   0.323 |  68.7000
 9913 | 8.591 | 11.352 |   0.338 |  40.3667
 9914 | 7.819 | 11.150 |   0.333 |  62.0000
 9915 | 8.813 | 11.329 |   0.363 |  70.4000
 9916 | 7.753 | 11.365 |   0.364 |  42.6667
 9917 | 8.949 | 11.234 |   0.344 |  67.0333
 9918 | 9.000 | 11.130 |   0.328 |  62.1000
 9919 | 7.781 | 11.427 |   0.347 |  72.0000
 9920 | 8.711 | 11.292 |   0.339 |  48.7000
 9921 | 8.708 | 11.031 |   0.328 |  60.3333
 9922 | 8.627 | 11.455 |   0.330 |  35.3000
 9923 | 8.797 | 11.765 |   0.329 |  43.6667
 9924 | 8.798 | 11.776 |   0.338 |  58.6333
 9925 | 8.620 | 11.477 |   0.334 |  83.7667
 9926 | 8.644 | 11.264 |   0.366 |  51.9667
 9927 | 8.674 | 11.543 |   0.342 |  36.8667
 9928 | 8.795 | 11.803 |   0.315 |  51.9333
 9929 | 8.794 | 11.800 |   0.315 |  83.8000
 9930 | 8.991 | 10.772 |   0.335 |  52.0000
 9931 | 8.535 | 11.268 |   0.245 |  50.2667
 9932 | 8.664 | 11.529 |   0.384 |  60.3000
 9933 | 8.994 | 10.524 |   0.338 |  67.0667
 9934 | 8.532 | 11.705 |   0.226 |  47.1333
 9935 | 8.540 | 10.060 |   0.217 |  53.6333
 9936 | 8.589 | 10.986 |   0.313 |  38.6000
 9937 | 8.362 | 11.016 |   0.348 |  57.4000
 9938 | 8.602 | 10.892 |   0.368 |  60.3000
 9939 | 8.422 | 11.012 |   0.311 |  63.6667
 9940 | 8.276 | 10.752 |   0.289 |  60.4000
 9941 | 8.548 | 10.893 |   0.291 |  43.6333
 9942 | 8.556 | 10.860 |   0.295 |  48.7667
 9943 | 8.521 | 10.910 |   0.316 |  57.2667
 9944 | 8.387 | 11.350 |   0.312 |  57.1000
 9945 | 8.627 | 10.921 |   0.265 |  46.9667
 9946 | 8.231 | 10.945 |   0.370 |  58.0333
 9947 | 8.238 | 10.723 |   0.354 |  75.4333
 9948 | 8.237 | 11.025 |   0.379 |  50.0333
 9949 | 7.700 | 10.697 |   0.393 |  65.3333
 9950 | 8.173 | 11.056 |   0.357 |  40.2667
 9951 | 7.554 | 10.592 |   0.390 |  47.8000
 9952 | 7.840 | 10.963 |   0.405 |  51.6667
 9953 | 7.833 | 10.951 |   0.405 |  46.9000
 9954 | 7.833 | 10.951 |   0.405 |  70.4000
 9955 | 7.829 | 11.120 |   0.396 |  52.0000
 9956 | 7.168 | 11.003 |   0.385 |  43.6333
 9957 | 7.763 | 11.086 |   0.252 |  47.2667
 9958 | 7.214 | 10.997 |   0.549 |  75.4000
 9959 | 7.769 | 10.184 |   0.369 |  65.3667
 9960 | 7.610 | 10.505 |   0.370 |  62.1000
 9961 | 8.093 | 10.523 |   0.236 |  62.0000
 9962 | 7.570 | 10.502 |   0.370 |  46.9667
 9963 | 8.092 | 10.523 |   0.344 |  60.3333
 9964 | 8.070 | 10.562 |   0.304 |  58.7000
 9965 | 7.768 | 10.101 |   0.334 |  65.4000
 9966 | 7.661 |  9.978 |   0.368 |  52.6667
 9967 | 7.369 | 10.183 |   0.341 |  62.0000
 9968 | 7.911 | 10.143 |   0.342 |  43.6333
 9969 | 8.191 | 10.293 |   0.338 |  35.2667
 9970 | 7.811 | 10.166 |   0.339 |  33.6333
 9971 | 8.060 | 10.556 |   0.330 |  43.6667
 9972 | 7.977 | 10.266 |   0.267 |  43.6667
 9973 | 7.784 | 10.940 |   0.338 |  52.4667
 9974 | 7.863 | 10.558 |   0.334 |  68.7000
 9975 | 7.971 | 10.337 |   0.228 |  75.4333
 9976 | 7.953 | 10.553 |   0.277 |  50.2667
 9977 | 7.821 | 10.353 |   0.254 |  57.0667
 9978 | 7.428 | 10.420 |   0.338 |  43.6000
 9979 | 7.897 |  9.940 |   0.327 |  52.0000
 9980 | 7.652 | 10.428 |   0.297 |  51.9667
 9981 | 7.894 |  9.794 |   0.322 |  60.3333
 9982 | 7.793 | 10.467 |   0.253 |  62.0333
 9983 | 7.794 | 10.264 |   0.304 |  60.3333
 9984 | 7.794 | 10.264 |   0.304 |  63.6333
 9985 | 7.854 |  9.875 |   0.282 |  45.3667
 9986 | 7.821 | 10.156 |   0.280 |  85.6000
 9987 | 7.656 | 10.408 |   0.190 |  42.7333
 9988 | 7.773 | 10.234 |   0.229 |  63.6333
 9989 | 7.835 |  9.930 |   0.233 |  56.5667
 9990 | 7.651 | 10.305 |   0.269 |  77.0667
 9991 | 7.880 |  9.675 |   0.323 |  75.4333
 9992 | 7.911 |  9.936 |   0.199 |  78.0667
 9993 | 7.650 |  9.595 |   0.214 |  43.6000
 9994 | 7.855 |  9.952 |   0.215 |  63.6333
 9995 | 7.744 |  9.895 |   0.231 |  72.0667
 9996 | 7.882 |  9.935 |   0.216 |  72.1667
 9997 | 7.949 |  9.524 |   0.237 |  62.0000
 9998 | 7.875 |  9.833 |   0.254 |  55.3000
 9999 | 7.569 |  9.731 |   0.230 |  50.2333
10000 | 7.559 |  9.740 |   0.335 |  67.0333

Finished in 991.5s.
Best genome (judged by reward earned in the Ocean env):
  size                  7.928
  speed                 10.361
  caution               0.339
  gestation_period      12.000
  aggression            0.500
  field_of_perception   5.000
  color_hue             205.000
  analytical fitness    -0.0756
  brain: 237 states learned, epsilon 0.050

Saved experiment -> /Users/zaraceraj/Desktop/AI Principles/CS4100/plenty-of-fish/experiments/experiment_30sharks_10000gens_20260609_111936.pkl
Saved report     -> /Users/zaraceraj/Desktop/AI Principles/CS4100/plenty-of-fish/experiments/experiment_30sharks_10000gens_20260609_111936.pdf
